ISO-10303-21;
HEADER;
FILE_DESCRIPTION(('ViewDefinition[DesignTransferView]'),'2;1');
FILE_NAME('s05-activity.ifc','2026-10-07T15:58:02+08:00',(''),(''),'IfcOpenShell 0.8.5-post1','Bonsai 0.8.5-post1','Nobody');
FILE_SCHEMA(('IFC4'));
ENDSEC;
DATA;
#1=IFCPROJECT('0FU1TvpkPAnvokmJ2hjqbC',$,'My Project',$,$,$,$,(#10,#22),#5);
#2=IFCSIUNIT(*,.LENGTHUNIT.,$,.METRE.);
#3=IFCSIUNIT(*,.AREAUNIT.,$,.SQUARE_METRE.);
#4=IFCSIUNIT(*,.VOLUMEUNIT.,$,.CUBIC_METRE.);
#5=IFCUNITASSIGNMENT((#4,#2,#3));
#6=IFCCARTESIANPOINT((0.,0.,0.));
#7=IFCDIRECTION((0.,0.,1.));
#8=IFCDIRECTION((1.,0.,0.));
#9=IFCAXIS2PLACEMENT3D(#6,#7,#8);
#10=IFCGEOMETRICREPRESENTATIONCONTEXT($,'Model',3,1.0000000000000001E-05,#9,$);
#11=IFCGEOMETRICREPRESENTATIONSUBCONTEXT('Body','Model',*,*,*,*,#10,$,.MODEL_VIEW.,$);
#12=IFCGEOMETRICREPRESENTATIONSUBCONTEXT('Axis','Model',*,*,*,*,#10,$,.GRAPH_VIEW.,$);
#13=IFCGEOMETRICREPRESENTATIONSUBCONTEXT('Box','Model',*,*,*,*,#10,$,.MODEL_VIEW.,$);
#14=IFCGEOMETRICREPRESENTATIONSUBCONTEXT('Annotation','Model',*,*,*,*,#10,$,.SECTION_VIEW.,$);
#15=IFCGEOMETRICREPRESENTATIONSUBCONTEXT('Annotation','Model',*,*,*,*,#10,$,.ELEVATION_VIEW.,$);
#16=IFCGEOMETRICREPRESENTATIONSUBCONTEXT('Annotation','Model',*,*,*,*,#10,$,.MODEL_VIEW.,$);
#17=IFCGEOMETRICREPRESENTATIONSUBCONTEXT('Annotation','Model',*,*,*,*,#10,$,.PLAN_VIEW.,$);
#18=IFCGEOMETRICREPRESENTATIONSUBCONTEXT('Profile','Model',*,*,*,*,#10,$,.ELEVATION_VIEW.,$);
#19=IFCCARTESIANPOINT((0.,0.));
#20=IFCDIRECTION((1.,0.));
#21=IFCAXIS2PLACEMENT2D(#19,#20);
#22=IFCGEOMETRICREPRESENTATIONCONTEXT($,'Plan',2,1.0000000000000001E-05,#21,$);
#23=IFCGEOMETRICREPRESENTATIONSUBCONTEXT('Axis','Plan',*,*,*,*,#22,$,.GRAPH_VIEW.,$);
#24=IFCGEOMETRICREPRESENTATIONSUBCONTEXT('Body','Plan',*,*,*,*,#22,$,.PLAN_VIEW.,$);
#25=IFCGEOMETRICREPRESENTATIONSUBCONTEXT('Annotation','Plan',*,*,*,*,#22,$,.PLAN_VIEW.,$);
#26=IFCGEOMETRICREPRESENTATIONSUBCONTEXT('Annotation','Plan',*,*,*,*,#22,$,.REFLECTED_PLAN_VIEW.,$);
#27=IFCSITE('2SPtEhLT90wxyygCGmd6ja',$,'My Site',$,$,#50,$,$,$,$,$,$,$,$);
#33=IFCBUILDING('2AvxphpIXFvh8sUJE_8CDc',$,'My Building',$,$,#56,$,$,$,$,$,$);
#39=IFCBUILDINGSTOREY('0PyzHJpcT0XBAvoe7sEi8g',$,'2F',$,$,#21478,$,$,$,$);
#45=IFCRELAGGREGATES('1OytxPyFD2LRoViEqsEqAx',$,$,$,#1,(#27));
#46=IFCCARTESIANPOINT((0.,0.,0.));
#47=IFCDIRECTION((0.,0.,1.));
#48=IFCDIRECTION((1.,0.,0.));
#49=IFCAXIS2PLACEMENT3D(#46,#47,#48);
#50=IFCLOCALPLACEMENT($,#49);
#51=IFCRELAGGREGATES('0LukxdCtPBxf0Q_Eb6zD7D',$,$,$,#27,(#33));
#52=IFCCARTESIANPOINT((0.,0.,0.));
#53=IFCDIRECTION((0.,0.,1.));
#54=IFCDIRECTION((1.,0.,0.));
#55=IFCAXIS2PLACEMENT3D(#52,#53,#54);
#56=IFCLOCALPLACEMENT(#50,#55);
#57=IFCRELAGGREGATES('0_9SMffbvD0wwYsWbhL1gz',$,$,$,#33,(#63,#39));
#63=IFCBUILDINGSTOREY('2jkojGHUT2PfEpJ0y4Zx3b',$,'GF',$,$,#79,$,$,$,$);
#75=IFCCARTESIANPOINT((0.,0.,0.));
#76=IFCDIRECTION((0.,0.,1.));
#77=IFCDIRECTION((1.,0.,0.));
#78=IFCAXIS2PLACEMENT3D(#75,#76,#77);
#79=IFCLOCALPLACEMENT(#56,#78);
#80=IFCWALLTYPE('3ZSsquIF17Z81g9Y66i2fz',$,'Wall',$,$,(#85),$,$,$,.SOLIDWALL.);
#81=IFCMATERIAL('Unknown',$,$);
#82=IFCMATERIALLAYERSET((#84),$,$);
#83=IFCRELASSOCIATESMATERIAL('0FIAjWLjPCJeGHtlswJugD',$,$,$,(#80),#82);
#84=IFCMATERIALLAYER(#81,0.10000000149011612,$,$,$,$,$);
#85=IFCPROPERTYSET('1_4tTaiOL30PnMBnNn5Ly_',$,'EPset_Parametric',$,(#86));
#86=IFCPROPERTYSINGLEVALUE('LayerSetDirection',$,IFCLABEL('AXIS2'),$);
#87=IFCWALL('0wfXD$CgH4oQEVhX_StTbb',$,'Wall',$,$,#18373,#95,$,$);
#88=IFCRELCONTAINEDINSPATIALSTRUCTURE('36ko0n0X53zhHptoT9WFqd',$,$,$,(#3873,#22101,#990,#651,#20950,#2319,#1672,#191,#279,#19713,#24414,#24436,#6296,#22484,#24458,#24986,#24392,#22266,#22671,#22158,#19783,#24865,#24887,#1896,#18797,#87,#855,#153,#7944,#254,#19917,#24746,#573,#24909,#24638,#24660,#24682,#22391,#24946,#24719,#1015,#5866,#24369,#24611,#24842,#548,#920,#8302,#229,#20869,#24773,#25013,#25035,#25062,#27598),#63);
#89=IFCRELDEFINESBYTYPE('3cwFLsX1T3XQ3B1QiNHkQB',$,$,$,(#8796,#8971,#229,#8996,#9794,#8896,#855,#87,#8821,#153,#254,#8921,#573,#9718,#9021,#9624,#9756,#990,#651,#279,#8946,#191,#8871,#1015,#19354,#548,#920),#80);
#90=IFCMATERIALLAYERSETUSAGE(#82,.AXIS2.,.POSITIVE.,0.,$);
#91=IFCRELASSOCIATESMATERIAL('18RcKP8aX9Q9cfaj15ecYM',$,$,$,(#87),#90);
#95=IFCPRODUCTDEFINITIONSHAPE($,$,(#18368,#18365));
#111=IFCPROPERTYSET('3wL0kwIfz35xIWpcvogXxd',$,'EPset_Parametric',$,(#113));
#112=IFCRELDEFINESBYPROPERTIES('1Hv0S$LdzDxuZJvmxqI5MO',$,$,$,(#87),#111);
#113=IFCPROPERTYSINGLEVALUE('Engine',$,IFCLABEL('Bonsai.DumbLayer2'),$);
#153=IFCWALL('3ICA6hcQX2Afi2EnW4rvNA',$,'Wall',$,$,#17799,#159,$,$);
#154=IFCMATERIALLAYERSETUSAGE(#82,.AXIS2.,.POSITIVE.,0.,$);
#155=IFCRELASSOCIATESMATERIAL('2H7W1PcJ9EXuu6lvyqDHrd',$,$,$,(#153),#154);
#159=IFCPRODUCTDEFINITIONSHAPE($,$,(#17831,#17828));
#175=IFCPROPERTYSET('242tWM7B9CThSY8_sprwLu',$,'EPset_Parametric',$,(#177));
#176=IFCRELDEFINESBYPROPERTIES('3ZpP50i3D45B8EfSHbjU8R',$,$,$,(#153),#175);
#177=IFCPROPERTYSINGLEVALUE('Engine',$,IFCLABEL('Bonsai.DumbLayer2'),$);
#191=IFCWALL('2uR4WSZsv5TQV3HiU684Gr',$,'Wall',$,$,#17818,#197,$,$);
#192=IFCMATERIALLAYERSETUSAGE(#82,.AXIS2.,.POSITIVE.,0.,$);
#193=IFCRELASSOCIATESMATERIAL('0q8AsvgK59WhUX0Llt9sJy',$,$,$,(#191),#192);
#197=IFCPRODUCTDEFINITIONSHAPE($,$,(#17845,#17842));
#213=IFCPROPERTYSET('1ln6MD2An2ORXN_2kIigsZ',$,'EPset_Parametric',$,(#215));
#214=IFCRELDEFINESBYPROPERTIES('1TtiZqMYX1vPTNaaubXPY1',$,$,$,(#191),#213);
#215=IFCPROPERTYSINGLEVALUE('Engine',$,IFCLABEL('Bonsai.DumbLayer2'),$);
#229=IFCWALL('3bk1C1CiH9EOpJBLW$zOws',$,'Wall',$,$,#17863,#235,$,$);
#230=IFCMATERIALLAYERSETUSAGE(#82,.AXIS2.,.POSITIVE.,0.,$);
#231=IFCRELASSOCIATESMATERIAL('0RgKS7iaj5SufnYnIzKdmc',$,$,$,(#229),#230);
#235=IFCPRODUCTDEFINITIONSHAPE($,$,(#17858,#17855));
#251=IFCPROPERTYSET('2R4ZHp245BaxjR9Q2IaGbM',$,'EPset_Parametric',$,(#253));
#252=IFCRELDEFINESBYPROPERTIES('2HoHoR_UTELgQI60dLo3me',$,$,$,(#229),#251);
#253=IFCPROPERTYSINGLEVALUE('Engine',$,IFCLABEL('Bonsai.DumbLayer2'),$);
#254=IFCWALL('3pb0XPIBDD0wcq0D6M80ub',$,'Wall',$,$,#265,#260,$,$);
#255=IFCMATERIALLAYERSETUSAGE(#82,.AXIS2.,.POSITIVE.,0.,$);
#256=IFCRELASSOCIATESMATERIAL('3ZPcV6utXBHwqWnRsE85sR',$,$,$,(#254),#255);
#260=IFCPRODUCTDEFINITIONSHAPE($,$,(#15103,#15100));
#261=IFCCARTESIANPOINT((0.77660691738128662,5.0598945617675781,0.));
#262=IFCDIRECTION((0.,0.,1.));
#263=IFCDIRECTION((-0.99999999999992428,3.8941436741876494E-07,0.));
#264=IFCAXIS2PLACEMENT3D(#261,#262,#263);
#265=IFCLOCALPLACEMENT(#79,#264);
#276=IFCPROPERTYSET('1IeMRKyKr9bAyinmGp68A2',$,'EPset_Parametric',$,(#278));
#277=IFCRELDEFINESBYPROPERTIES('1VXBCBA5j5tP5DuaRtdQ$S',$,$,$,(#254),#276);
#278=IFCPROPERTYSINGLEVALUE('Engine',$,IFCLABEL('Bonsai.DumbLayer2'),$);
#279=IFCWALL('3MqlGmGEj5nOnj7MQ2_3Eh',$,'Wall',$,$,#426,#285,$,$);
#280=IFCMATERIALLAYERSETUSAGE(#82,.AXIS2.,.POSITIVE.,0.,$);
#281=IFCRELASSOCIATESMATERIAL('1jaqUfHbPFku9G75$5C8xC',$,$,$,(#279),#280);
#285=IFCPRODUCTDEFINITIONSHAPE($,$,(#18519,#18516));
#301=IFCPROPERTYSET('3frXKbAxn73RZG_JXC59UV',$,'EPset_Parametric',$,(#303));
#302=IFCRELDEFINESBYPROPERTIES('2A9H6xiNn8uRNsc1LH3nB6',$,$,$,(#279),#301);
#303=IFCPROPERTYSINGLEVALUE('Engine',$,IFCLABEL('Bonsai.DumbLayer2'),$);
#381=IFCRELCONNECTSPATHELEMENTS('0_583pn_96B8SaJSXa34i_',$,$,$,$,#254,#229,(),(),.ATEND.,.ATSTART.);
#408=IFCRELCONNECTSPATHELEMENTS('2t7E5fWWb6ww9VFB_N_0Qc',$,$,$,$,#279,#254,(),(),.ATEND.,.ATSTART.);
#422=IFCCARTESIANPOINT((-2.7733926773071973,5.0598959441884253,0.));
#423=IFCDIRECTION((0.,0.,1.));
#424=IFCDIRECTION((7.5497901264043123E-08,-0.99999999999999722,0.));
#425=IFCAXIS2PLACEMENT3D(#422,#423,#424);
#426=IFCLOCALPLACEMENT(#79,#425);
#548=IFCWALL('2pebbAz19ETh1PjSz93dRK',$,'Wall',$,$,#1340,#554,$,$);
#549=IFCMATERIALLAYERSETUSAGE(#82,.AXIS2.,.POSITIVE.,0.,$);
#550=IFCRELASSOCIATESMATERIAL('37DcK3RDv2rOVy4uSmx9Ve',$,$,$,(#548),#549);
#554=IFCPRODUCTDEFINITIONSHAPE($,$,(#15012,#15009));
#570=IFCPROPERTYSET('372GBSUnb1Xunt3LVqgHNE',$,'EPset_Parametric',$,(#572));
#571=IFCRELDEFINESBYPROPERTIES('0OcN4XJLj1Vu2ezl$aHXvv',$,$,$,(#548),#570);
#572=IFCPROPERTYSINGLEVALUE('Engine',$,IFCLABEL('Bonsai.DumbLayer2'),$);
#573=IFCWALL('0FQ9PKLeH5bRaeFdqEdcNj',$,'Wall',$,$,#584,#579,$,$);
#574=IFCMATERIALLAYERSETUSAGE(#82,.AXIS2.,.POSITIVE.,0.,$);
#575=IFCRELASSOCIATESMATERIAL('3U59mOnvT7vArW4LQ1HxX4',$,$,$,(#573),#574);
#579=IFCPRODUCTDEFINITIONSHAPE($,$,(#15272,#15269));
#580=IFCCARTESIANPOINT((0.2266082763671875,-0.090105056762695312,0.));
#581=IFCDIRECTION((0.,0.,1.));
#582=IFCDIRECTION((-1.2358042340556153E-06,-0.99999999999923639,0.));
#583=IFCAXIS2PLACEMENT3D(#580,#581,#582);
#584=IFCLOCALPLACEMENT(#79,#583);
#595=IFCPROPERTYSET('31qSuSkhzCuu$nNg6ZjoI8',$,'EPset_Parametric',$,(#597));
#596=IFCRELDEFINESBYPROPERTIES('2XGYmUc9z5Dx7aesL9j3ar',$,$,$,(#573),#595);
#597=IFCPROPERTYSINGLEVALUE('Engine',$,IFCLABEL('Bonsai.DumbLayer2'),$);
#624=IFCRELCONNECTSPATHELEMENTS('2QkNmAuHr6qB2VOB1wbviX',$,$,$,$,#573,#548,(),(),.ATEND.,.ATSTART.);
#651=IFCWALL('3iIKLVfCn7VhISMLHyK35_',$,'Wall',$,$,#662,#657,$,$);
#652=IFCMATERIALLAYERSETUSAGE(#82,.AXIS2.,.POSITIVE.,0.,$);
#653=IFCRELASSOCIATESMATERIAL('2Wr8PJqhj1pBHQ9jrPB7MU',$,$,$,(#651),#652);
#657=IFCPRODUCTDEFINITIONSHAPE($,$,(#15116,#15113));
#658=IFCCARTESIANPOINT((0.32660838961601257,0.0098949521780014038,0.));
#659=IFCDIRECTION((0.,0.,1.));
#660=IFCDIRECTION((7.5497901264043109E-08,0.99999999999999711,0.));
#661=IFCAXIS2PLACEMENT3D(#658,#659,#660);
#662=IFCLOCALPLACEMENT(#79,#661);
#673=IFCPROPERTYSET('3lj_XEFwf6R9_LryrwK9Qo',$,'EPset_Parametric',$,(#675));
#674=IFCRELDEFINESBYPROPERTIES('0ClgvCU31D2A9AF0UqHPMd',$,$,$,(#651),#673);
#675=IFCPROPERTYSINGLEVALUE('Engine',$,IFCLABEL('Bonsai.DumbLayer2'),$);
#855=IFCWALL('0EAMNykYzFqOkerRGCaSkM',$,'Wall',$,$,#1308,#861,$,$);
#856=IFCMATERIALLAYERSETUSAGE(#82,.AXIS2.,.POSITIVE.,0.,$);
#857=IFCRELASSOCIATESMATERIAL('3hgRz9QPj6HedgBlB4gOuH',$,$,$,(#855),#856);
#861=IFCPRODUCTDEFINITIONSHAPE($,$,(#14973,#14970));
#877=IFCPROPERTYSET('0GYwB4Rw10ZAngOz6RI848',$,'EPset_Parametric',$,(#879));
#878=IFCRELDEFINESBYPROPERTIES('3WWHREnIr2aAprGRexhaTC',$,$,$,(#855),#877);
#879=IFCPROPERTYSINGLEVALUE('Engine',$,IFCLABEL('Bonsai.DumbLayer2'),$);
#893=IFCRELCONNECTSPATHELEMENTS('0JHWq_k6X7Cf5fmlNxtBNC',$,$,$,$,#855,#279,(),(),.ATPATH.,.ATEND.);
#920=IFCWALL('2Xz5EEVz13wOhJGj2oc6rS',$,'Wall',$,$,#1222,#926,$,$);
#921=IFCMATERIALLAYERSETUSAGE(#82,.AXIS2.,.POSITIVE.,0.,$);
#922=IFCRELASSOCIATESMATERIAL('17NIj163X9GeUvXUozv7Fw',$,$,$,(#920),#921);
#926=IFCPRODUCTDEFINITIONSHAPE($,$,(#15337,#15334));
#942=IFCPROPERTYSET('2agjjM2DDAlfrdYak5Ww3m',$,'EPset_Parametric',$,(#944));
#943=IFCRELDEFINESBYPROPERTIES('0N624IK_H1HPQ$fTxJ$_hw',$,$,$,(#920),#942);
#944=IFCPROPERTYSINGLEVALUE('Engine',$,IFCLABEL('Bonsai.DumbLayer2'),$);
#963=IFCRELCONNECTSPATHELEMENTS('3kcUvMx0r8BxTgwQOnTenr',$,$,$,$,#920,#254,(),(),.ATPATH.,.ATEND.);
#990=IFCWALL('0Ijc25XKr23R5wwzFPN9WP',$,'Wall',$,$,#1097,#996,$,$);
#991=IFCMATERIALLAYERSETUSAGE(#82,.AXIS2.,.POSITIVE.,0.,$);
#992=IFCRELASSOCIATESMATERIAL('2jdqUkl0n1VuUxtBDzZDWP',$,$,$,(#990),#991);
#996=IFCPRODUCTDEFINITIONSHAPE($,$,(#15194,#15191));
#1012=IFCPROPERTYSET('0RtilKTrn9A8QMhiNtRDvb',$,'EPset_Parametric',$,(#1014));
#1013=IFCRELDEFINESBYPROPERTIES('3uMNyWkRT3YvS7DyU4LnRo',$,$,$,(#990),#1012);
#1014=IFCPROPERTYSINGLEVALUE('Engine',$,IFCLABEL('Bonsai.DumbLayer2'),$);
#1015=IFCWALL('2XLQfyVIvCXx7tC3IqEMa$',$,'Wall',$,$,#1171,#1021,$,$);
#1016=IFCMATERIALLAYERSETUSAGE(#82,.AXIS2.,.POSITIVE.,0.,$);
#1017=IFCRELASSOCIATESMATERIAL('1S6ftrTjjATw5Dgmt3GHQj',$,$,$,(#1015),#1016);
#1021=IFCPRODUCTDEFINITIONSHAPE($,$,(#15168,#15165));
#1037=IFCPROPERTYSET('1NcqIpeRv9rfqsbCHyD9mU',$,'EPset_Parametric',$,(#1039));
#1038=IFCRELDEFINESBYPROPERTIES('1NhNZlLUP2Pg2Ke0Y5dnCH',$,$,$,(#1015),#1037);
#1039=IFCPROPERTYSINGLEVALUE('Engine',$,IFCLABEL('Bonsai.DumbLayer2'),$);
#1093=IFCCARTESIANPOINT((0.77660709619522095,4.9598946571350098,0.));
#1094=IFCDIRECTION((0.,0.,1.));
#1095=IFCDIRECTION((1.9470718370939353E-07,-0.99999999999998113,0.));
#1096=IFCAXIS2PLACEMENT3D(#1093,#1094,#1095);
#1097=IFCLOCALPLACEMENT(#79,#1096);
#1167=IFCCARTESIANPOINT((0.77660736921052054,3.5577106475830176,0.));
#1168=IFCDIRECTION((0.,0.,1.));
#1169=IFCDIRECTION((-0.99999999999992428,3.8941436741876494E-07,0.));
#1170=IFCAXIS2PLACEMENT3D(#1167,#1168,#1169);
#1171=IFCLOCALPLACEMENT(#79,#1170);
#1204=IFCRELCONNECTSPATHELEMENTS('3waH0pshv9iRqXXV33DxvT',$,$,$,$,#920,#855,(),(),.ATPATH.,.ATSTART.);
#1218=IFCCARTESIANPOINT((-1.1758446693420153,2.6598950745859673,0.));
#1219=IFCDIRECTION((0.,0.,1.));
#1220=IFCDIRECTION((1.9470718370939353E-07,0.99999999999998113,0.));
#1221=IFCAXIS2PLACEMENT3D(#1218,#1219,#1220);
#1222=IFCLOCALPLACEMENT(#79,#1221);
#1263=IFCRELCONNECTSPATHELEMENTS('07PWmeW1TE58EccshANU$A',$,$,$,$,#990,#1015,(),(),.ATSTART.,.ATEND.);
#1304=IFCCARTESIANPOINT((0.32660858968545026,2.6598949432373313,0.));
#1305=IFCDIRECTION((0.,0.,1.));
#1306=IFCDIRECTION((-0.99999999999999623,8.7422776573475527E-08,0.));
#1307=IFCAXIS2PLACEMENT3D(#1304,#1305,#1306);
#1308=IFCLOCALPLACEMENT(#79,#1307);
#1336=IFCCARTESIANPOINT((-2.7733922884929303,-0.090105056762695312,0.));
#1337=IFCDIRECTION((0.,0.,1.));
#1338=IFCDIRECTION((1.,0.,0.));
#1339=IFCAXIS2PLACEMENT3D(#1336,#1337,#1338);
#1340=IFCLOCALPLACEMENT(#79,#1339);
#1521=IFCRELCONNECTSPATHELEMENTS('3A2fXKBX15h8$SvwLe_xYI',$,$,$,$,#153,#87,(),(),.ATEND.,.ATSTART.);
#1548=IFCRELCONNECTSPATHELEMENTS('1jLL6CSWPBg9qy8NrE5E6S',$,$,$,$,#651,#855,(),(),.ATSTART.,.ATEND.);
#1575=IFCRELCONNECTSPATHELEMENTS('2q_7UiRwr26xHgiJk0X_4l',$,$,$,$,#1015,#920,(),(),.ATPATH.,.ATEND.);
#1666=IFCSLABTYPE('3H0oMIql99G9foZaP_JWnC',$,'Slab',$,$,(#1670),$,$,$,.FLOOR.);
#1667=IFCMATERIALLAYERSET((#1669),$,$);
#1668=IFCRELASSOCIATESMATERIAL('35z10sk9bFa8QfURY3a7dM',$,$,$,(#1666),#1667);
#1669=IFCMATERIALLAYER(#81,0.10000000000000001,$,$,$,$,$);
#1670=IFCPROPERTYSET('1UwI27kxzCMuEQOColvgHE',$,'EPset_Parametric',$,(#1671));
#1671=IFCPROPERTYSINGLEVALUE('LayerSetDirection',$,IFCLABEL('AXIS3'),$);
#1672=IFCSLAB('17V9qvaOT4S9HY4KM7FmEg',$,'Slab',$,$,#1680,#1687,$,$);
#1673=IFCRELDEFINESBYTYPE('38hwisRYP0qeJx1ZpSs9Xr',$,$,$,(#1672,#15511,#17768),#1666);
#1674=IFCMATERIALLAYERSETUSAGE(#1667,.AXIS3.,.POSITIVE.,-0.10000000149011612,$);
#1675=IFCRELASSOCIATESMATERIAL('0zhkLd62L1PPKeGCwa74JP',$,$,$,(#1672),#1674);
#1676=IFCCARTESIANPOINT((4.2266049385070801,-2.5901062488555908,0.));
#1677=IFCDIRECTION((0.,0.,1.));
#1678=IFCDIRECTION((1.,0.,0.));
#1679=IFCAXIS2PLACEMENT3D(#1676,#1677,#1678);
#1680=IFCLOCALPLACEMENT(#79,#1679);
#1681=IFCCARTESIANPOINTLIST2D(((0.,0.),(4.76837158203125E-07,9.1000003814697266),(-3.449998140335083,9.100001335144043),(-3.4499979019165039,7.6500005722045898),(-6.999997615814209,7.6500024795532227),(-6.9999971389770508,2.5000011920928955),(-3.9999966621398926,2.5000011920928955),(-3.9999995231628418,0.),(0.,0.)));
#1682=IFCINDEXEDPOLYCURVE(#1681,$,$);
#1683=IFCDIRECTION((0.,0.,1.));
#1684=IFCARBITRARYCLOSEDPROFILEDEF(.AREA.,$,#1682);
#1685=IFCEXTRUDEDAREASOLID(#1684,#1694,#1683,0.10000000000000001);
#1686=IFCSHAPEREPRESENTATION(#11,'Body','SweptSolid',(#1685));
#1687=IFCPRODUCTDEFINITIONSHAPE($,$,(#1686));
#1688=IFCPROPERTYSET('3Rb03UZUP1wP3QPtHyoQ_a',$,'EPset_Parametric',$,(#1690));
#1689=IFCRELDEFINESBYPROPERTIES('3ZgBrneyrAJPkIPUSG14sc',$,$,$,(#1672),#1688);
#1690=IFCPROPERTYSINGLEVALUE('Engine',$,IFCLABEL('Bonsai.DumbLayer3'),$);
#1691=IFCCARTESIANPOINT((-0.,-0.,-0.10000000149011612));
#1692=IFCDIRECTION((0.,0.,1.));
#1693=IFCDIRECTION((1.,0.,0.));
#1694=IFCAXIS2PLACEMENT3D(#1691,#1692,#1693);
#1695=IFCDOORTYPE('281BBNJ$XBTP2WU80yIBW1',$,'Main-GF',$,$,(#1696),(#1705,#1783,#1802),$,$,.DOOR.,.SINGLE_SWING_LEFT.,$,$);
#1696=IFCPROPERTYSET('3Wusqz4CX1lhORwlowymab',$,'BBIM_Door',$,(#1697));
#1697=IFCPROPERTYSINGLEVALUE('Data',$,IFCTEXT('{"door_type": "SINGLE_SWING_LEFT", "overall_height": 2.0, "overall_width": 0.8999999761581421, "lining_properties": {"lining_depth": 0.05000000074505806, "lining_thickness": 0.05000000074505806, "lining_offset": 0.0, "lining_to_panel_offset_x": 0.02500000037252903, "lining_to_panel_offset_y": 0.02500000037252903, "transom_thickness": 0.0, "casing_thickness": 0.07500000298023224, "casing_depth": 0.004999999888241291, "threshold_thickness": 0.02500000037252903, "threshold_depth": 0.10000000149011612, "threshold_offset": 0.0}, "panel_properties": {"panel_depth": 0.03500000014901161, "panel_width_ratio": 1.0}}'),$);
#1701=IFCCARTESIANPOINT((0.,0.,0.));
#1702=IFCDIRECTION((1.,0.,0.));
#1703=IFCDIRECTION((0.,0.,1.));
#1704=IFCAXIS2PLACEMENT3D(#1701,#1703,#1702);
#1705=IFCREPRESENTATIONMAP(#1704,#2980);
#1779=IFCCARTESIANPOINT((0.,0.,0.));
#1780=IFCDIRECTION((1.,0.,0.));
#1781=IFCDIRECTION((0.,0.,1.));
#1782=IFCAXIS2PLACEMENT3D(#1779,#1781,#1780);
#1783=IFCREPRESENTATIONMAP(#1782,#3053);
#1798=IFCCARTESIANPOINT((0.,0.,0.));
#1799=IFCDIRECTION((1.,0.,0.));
#1800=IFCDIRECTION((0.,0.,1.));
#1801=IFCAXIS2PLACEMENT3D(#1798,#1800,#1799);
#1802=IFCREPRESENTATIONMAP(#1801,#3067);
#1896=IFCDOOR('0ti3xYg0H7DQTUSeUG7cHm',$,'Door',$,$,#3092,#1905,$,2.,0.89999997615814209,$,.SINGLE_SWING_LEFT.,$);
#1897=IFCRELDEFINESBYTYPE('2ImhrSXy95kuPV3SJtEUrH',$,$,$,(#1896),#1695);
#1898=IFCCARTESIANPOINT((0.,0.,0.));
#1899=IFCDIRECTION((1.,0.,0.));
#1900=IFCDIRECTION((0.,1.,0.));
#1901=IFCDIRECTION((0.,0.,1.));
#1902=IFCCARTESIANTRANSFORMATIONOPERATOR3D(#1899,#1900,#1898,1.,#1901);
#1903=IFCMAPPEDITEM(#1705,#1902);
#1904=IFCSHAPEREPRESENTATION(#18,'Profile','MappedRepresentation',(#1903));
#1905=IFCPRODUCTDEFINITIONSHAPE($,$,(#1904,#1912,#1919));
#1906=IFCCARTESIANPOINT((0.,0.,0.));
#1907=IFCDIRECTION((1.,0.,0.));
#1908=IFCDIRECTION((0.,1.,0.));
#1909=IFCDIRECTION((0.,0.,1.));
#1910=IFCCARTESIANTRANSFORMATIONOPERATOR3D(#1907,#1908,#1906,1.,#1909);
#1911=IFCMAPPEDITEM(#1783,#1910);
#1912=IFCSHAPEREPRESENTATION(#11,'Body','MappedRepresentation',(#1911));
#1913=IFCCARTESIANPOINT((0.,0.,0.));
#1914=IFCDIRECTION((1.,0.,0.));
#1915=IFCDIRECTION((0.,1.,0.));
#1916=IFCDIRECTION((0.,0.,1.));
#1917=IFCCARTESIANTRANSFORMATIONOPERATOR3D(#1914,#1915,#1913,1.,#1916);
#1918=IFCMAPPEDITEM(#1802,#1917);
#1919=IFCSHAPEREPRESENTATION(#24,'Body','MappedRepresentation',(#1918));
#1920=IFCOPENINGELEMENT('0xVvoy0Pj8Xvk0$KqqHSoB',$,'Opening',$,$,#18378,#1948,$,.OPENING.);
#1936=IFCCARTESIANPOINT((0.,0.,0.));
#1937=IFCDIRECTION((1.,0.,0.));
#1938=IFCDIRECTION((0.,0.,1.));
#1939=IFCAXIS2PLACEMENT3D(#1936,#1938,#1937);
#1940=IFCREPRESENTATIONMAP(#1939,#3077);
#1941=IFCCARTESIANPOINT((0.,0.,0.));
#1942=IFCDIRECTION((1.,0.,0.));
#1943=IFCDIRECTION((0.,1.,0.));
#1944=IFCDIRECTION((0.,0.,1.));
#1945=IFCCARTESIANTRANSFORMATIONOPERATOR3D(#1942,#1943,#1941,1.,#1944);
#1946=IFCMAPPEDITEM(#1940,#1945);
#1947=IFCSHAPEREPRESENTATION(#11,'Body','MappedRepresentation',(#1946));
#1948=IFCPRODUCTDEFINITIONSHAPE($,$,(#1947));
#1949=IFCRELVOIDSELEMENT('0cSQ5j2s54_A2suW3x4qUR',$,$,$,#87,#1920);
#1955=IFCRELFILLSELEMENT('3aV8HyfgHFWRBZzf1sn7uw',$,$,$,#1920,#1896);
#2095=IFCCARTESIANPOINTLIST2D(((0.,0.),(0.,2.),(0.89999997615814209,2.),(0.89999997615814209,0.),(0.87499997578561306,0.),(0.87499997578561306,1.974999999627471),(0.02500000037252903,1.974999999627471),(0.02500000037252903,0.)));
#2096=IFCINDEXEDPOLYCURVE(#2095,(IFCLINEINDEX((1,2,3,4,5,6,7,8,1))),$);
#2097=IFCARBITRARYCLOSEDPROFILEDEF(.AREA.,$,#2096);
#2098=IFCCARTESIANPOINT((0.,0.02500000037252903,0.));
#2099=IFCDIRECTION((0.,-1.,0.));
#2100=IFCDIRECTION((1.,0.,0.));
#2101=IFCAXIS2PLACEMENT3D(#2098,#2099,#2100);
#2102=IFCDIRECTION((0.,0.,-1.));
#2103=IFCEXTRUDEDAREASOLID(#2097,#2101,#2102,0.02500000037252903);
#2104=IFCCARTESIANPOINTLIST2D(((0.,0.),(0.,2.),(0.89999997615814209,2.),(0.89999997615814209,0.),(0.84999997541308403,0.),(0.84999997541308403,1.9499999992549419),(0.05000000074505806,1.9499999992549419),(0.05000000074505806,0.)));
#2105=IFCINDEXEDPOLYCURVE(#2104,(IFCLINEINDEX((1,2,3,4,5,6,7,8,1))),$);
#2106=IFCARBITRARYCLOSEDPROFILEDEF(.AREA.,$,#2105);
#2107=IFCCARTESIANPOINT((0.,0.,0.));
#2108=IFCDIRECTION((0.,-1.,0.));
#2109=IFCDIRECTION((1.,0.,0.));
#2110=IFCAXIS2PLACEMENT3D(#2107,#2108,#2109);
#2111=IFCDIRECTION((0.,0.,-1.));
#2112=IFCEXTRUDEDAREASOLID(#2106,#2110,#2111,0.02500000037252903);
#2113=IFCCARTESIANPOINTLIST2D(((0.,0.),(0.79999997466802597,0.),(0.79999997466802597,0.10000000149011612),(0.,0.10000000149011612)));
#2114=IFCINDEXEDPOLYCURVE(#2113,(IFCLINEINDEX((1,2,3,4,1))),$);
#2115=IFCARBITRARYCLOSEDPROFILEDEF(.AREA.,$,#2114);
#2116=IFCCARTESIANPOINT((0.05000000074505806,0.,0.));
#2117=IFCDIRECTION((0.,0.,1.));
#2118=IFCDIRECTION((1.,0.,0.));
#2119=IFCAXIS2PLACEMENT3D(#2116,#2117,#2118);
#2120=IFCDIRECTION((0.,0.,1.));
#2121=IFCEXTRUDEDAREASOLID(#2115,#2119,#2120,0.02500000037252903);
#2122=IFCCARTESIANPOINTLIST2D(((0.,0.),(0.,2.0250000022351742),(0.94999998062849045,2.0250000022351742),(0.94999998062849045,0.),(0.87499997764825821,0.),(0.87499997764825821,1.9499999992549419),(0.075000002980232239,1.9499999992549419),(0.075000002980232239,0.)));
#2123=IFCINDEXEDPOLYCURVE(#2122,(IFCLINEINDEX((1,2,3,4,5,6,7,8,1))),$);
#2124=IFCARBITRARYCLOSEDPROFILEDEF(.AREA.,$,#2123);
#2125=IFCCARTESIANPOINT((-0.025000002235174179,-0.004999999888241291,0.));
#2126=IFCDIRECTION((0.,-1.,0.));
#2127=IFCDIRECTION((1.,0.,0.));
#2128=IFCAXIS2PLACEMENT3D(#2125,#2126,#2127);
#2129=IFCDIRECTION((0.,0.,-1.));
#2130=IFCEXTRUDEDAREASOLID(#2124,#2128,#2129,0.004999999888241291);
#2131=IFCCARTESIANPOINTLIST2D(((0.,0.),(0.,2.0250000022351742),(0.94999998062849045,2.0250000022351742),(0.94999998062849045,0.),(0.89999997802078724,0.),(0.89999997802078724,1.974999999627471),(0.050000002607703209,1.974999999627471),(0.050000002607703209,0.)));
#2132=IFCINDEXEDPOLYCURVE(#2131,(IFCLINEINDEX((1,2,3,4,5,6,7,8,1))),$);
#2133=IFCARBITRARYCLOSEDPROFILEDEF(.AREA.,$,#2132);
#2134=IFCCARTESIANPOINT((-0.025000002235174179,0.05000000074505806,0.));
#2135=IFCDIRECTION((0.,-1.,0.));
#2136=IFCDIRECTION((1.,0.,0.));
#2137=IFCAXIS2PLACEMENT3D(#2134,#2135,#2136);
#2138=IFCDIRECTION((0.,0.,-1.));
#2139=IFCEXTRUDEDAREASOLID(#2133,#2137,#2138,0.004999999888241291);
#2140=IFCCARTESIANPOINTLIST2D(((0.,0.),(0.84999997541308403,0.),(0.84999997541308403,0.035000000149011612),(0.,0.035000000149011612)));
#2141=IFCINDEXEDPOLYCURVE(#2140,(IFCLINEINDEX((1,2,3,4,1))),$);
#2142=IFCARBITRARYCLOSEDPROFILEDEF(.AREA.,$,#2141);
#2143=IFCCARTESIANPOINT((0.02500000037252903,0.02500000037252903,0.02500000037252903));
#2144=IFCDIRECTION((0.,0.,1.));
#2145=IFCDIRECTION((1.,0.,0.));
#2146=IFCAXIS2PLACEMENT3D(#2143,#2144,#2145);
#2147=IFCDIRECTION((0.,0.,1.));
#2148=IFCEXTRUDEDAREASOLID(#2142,#2146,#2147,1.9499999992549419);
#2149=IFCCARTESIANPOINTLIST2D(((0.,0.),(0.,-0.040000000000000001),(-0.11999999999999988,-0.040000000000000001),(-0.11999999999999988,-0.02),(-0.020000000000000018,-0.02),(-0.020000000000000018,0.)));
#2150=IFCINDEXEDPOLYCURVE(#2149,(IFCLINEINDEX((1,2,3,4,5,6,1))),$);
#2151=IFCARBITRARYCLOSEDPROFILEDEF(.AREA.,$,#2150);
#2152=IFCCARTESIANPOINT((0.82499997578561302,0.02500000037252903,1.015000000372529));
#2153=IFCDIRECTION((0.,0.,1.));
#2154=IFCDIRECTION((1.,0.,0.));
#2155=IFCAXIS2PLACEMENT3D(#2152,#2153,#2154);
#2156=IFCDIRECTION((0.,0.,1.));
#2157=IFCEXTRUDEDAREASOLID(#2151,#2155,#2156,0.02);
#2158=IFCEXTRUDEDAREASOLID(#2159,#2162,#2166,0.02);
#2159=IFCARBITRARYCLOSEDPROFILEDEF(.AREA.,$,#2160);
#2160=IFCINDEXEDPOLYCURVE(#2161,(IFCLINEINDEX((1,2,3,4,5,6,1))),$);
#2161=IFCCARTESIANPOINTLIST2D(((0.,0.),(0.,0.040000000000000008),(-0.11999999999999988,0.040000000000000008),(-0.11999999999999988,0.020000000000000004),(-0.020000000000000018,0.020000000000000004),(-0.020000000000000018,0.)));
#2162=IFCAXIS2PLACEMENT3D(#2163,#2164,#2165);
#2163=IFCCARTESIANPOINT((0.82499997578561302,0.060000000521540642,1.015000000372529));
#2164=IFCDIRECTION((0.,0.,1.));
#2165=IFCDIRECTION((1.,0.,0.));
#2166=IFCDIRECTION((0.,0.,1.));
#2168=IFCSHAPEREPRESENTATION(#11,'Body','SweptSolid',(#3007,#2998,#2768,#2112,#2989,#2759,#2786,#2130,#2103,#2777,#3016,#3025,#2121,#2795,#2139));
#2169=IFCSHAPEASPECT((#2168),'Lining',$,.T.,#1905);
#2170=IFCSHAPEREPRESENTATION(#11,'Body','SweptSolid',(#3043,#2813,#3044,#2157,#2814,#2804,#2158,#3034,#2148));
#2171=IFCSHAPEASPECT((#2170),'Framing',$,.T.,#1905);
#2211=IFCDOORTYPE('0uU1wQjK53XQpmHg_XtxF5',$,'Guest-GF',$,$,(#2212),(#2214,#2222,#2300),$,$,.DOOR.,.SINGLE_SWING_LEFT.,$,$);
#2212=IFCPROPERTYSET('0wqra_xML1WflKYXos8PE6',$,'BBIM_Door',$,(#2213));
#2213=IFCPROPERTYSINGLEVALUE('Data',$,IFCTEXT('{"door_type": "SINGLE_SWING_RIGHT", "overall_height": 2.0, "overall_width": 0.8999999761581421, "lining_properties": {"lining_depth": 0.05000000074505806, "lining_thickness": 0.05000000074505806, "lining_offset": 0.0, "lining_to_panel_offset_x": 0.02500000037252903, "lining_to_panel_offset_y": 0.02500000037252903, "transom_thickness": 0.0, "casing_thickness": 0.07500000298023224, "casing_depth": 0.004999999888241291, "threshold_thickness": 0.02500000037252903, "threshold_depth": 0.10000000149011612, "threshold_offset": 0.0}, "panel_properties": {"panel_depth": 0.03500000014901161, "panel_width_ratio": 1.0}}'),$);
#2214=IFCREPRESENTATIONMAP(#2215,#3095);
#2215=IFCAXIS2PLACEMENT3D(#2216,#2217,#2218);
#2216=IFCCARTESIANPOINT((0.,0.,0.));
#2217=IFCDIRECTION((0.,0.,1.));
#2218=IFCDIRECTION((1.,0.,0.));
#2222=IFCREPRESENTATIONMAP(#2223,#3168);
#2223=IFCAXIS2PLACEMENT3D(#2224,#2225,#2226);
#2224=IFCCARTESIANPOINT((0.,0.,0.));
#2225=IFCDIRECTION((0.,0.,1.));
#2226=IFCDIRECTION((1.,0.,0.));
#2300=IFCREPRESENTATIONMAP(#2301,#3182);
#2301=IFCAXIS2PLACEMENT3D(#2302,#2303,#2304);
#2302=IFCCARTESIANPOINT((0.,0.,0.));
#2303=IFCDIRECTION((0.,0.,1.));
#2304=IFCDIRECTION((1.,0.,0.));
#2319=IFCDOOR('27c6sDaCHBIPnRg_XbOZlX',$,'Door',$,$,#3207,#2328,$,2.,0.89999997615814209,$,.SINGLE_SWING_RIGHT.,$);
#2320=IFCRELDEFINESBYTYPE('1eLG_9ApfBmAW9xXZKg1ld',$,$,$,(#2319),#2211);
#2321=IFCCARTESIANPOINT((0.,0.,0.));
#2322=IFCDIRECTION((1.,0.,0.));
#2323=IFCDIRECTION((0.,1.,0.));
#2324=IFCDIRECTION((0.,0.,1.));
#2325=IFCCARTESIANTRANSFORMATIONOPERATOR3D(#2322,#2323,#2321,1.,#2324);
#2326=IFCMAPPEDITEM(#2214,#2325);
#2327=IFCSHAPEREPRESENTATION(#18,'Profile','MappedRepresentation',(#2326));
#2328=IFCPRODUCTDEFINITIONSHAPE($,$,(#2327,#2335,#2342));
#2329=IFCCARTESIANPOINT((0.,0.,0.));
#2330=IFCDIRECTION((1.,0.,0.));
#2331=IFCDIRECTION((0.,1.,0.));
#2332=IFCDIRECTION((0.,0.,1.));
#2333=IFCCARTESIANTRANSFORMATIONOPERATOR3D(#2330,#2331,#2329,1.,#2332);
#2334=IFCMAPPEDITEM(#2222,#2333);
#2335=IFCSHAPEREPRESENTATION(#11,'Body','MappedRepresentation',(#2334));
#2336=IFCCARTESIANPOINT((0.,0.,0.));
#2337=IFCDIRECTION((1.,0.,0.));
#2338=IFCDIRECTION((0.,1.,0.));
#2339=IFCDIRECTION((0.,0.,1.));
#2340=IFCCARTESIANTRANSFORMATIONOPERATOR3D(#2337,#2338,#2336,1.,#2339);
#2341=IFCMAPPEDITEM(#2300,#2340);
#2342=IFCSHAPEREPRESENTATION(#24,'Body','MappedRepresentation',(#2341));
#2343=IFCOPENINGELEMENT('0rbmCG4IrFbO2hydkB7VQ2',$,'Opening',$,$,#3202,#2371,$,.OPENING.);
#2359=IFCCARTESIANPOINT((0.,0.,0.));
#2360=IFCDIRECTION((1.,0.,0.));
#2361=IFCDIRECTION((0.,0.,1.));
#2362=IFCAXIS2PLACEMENT3D(#2359,#2361,#2360);
#2363=IFCREPRESENTATIONMAP(#2362,#3192);
#2364=IFCCARTESIANPOINT((0.,0.,0.));
#2365=IFCDIRECTION((1.,0.,0.));
#2366=IFCDIRECTION((0.,1.,0.));
#2367=IFCDIRECTION((0.,0.,1.));
#2368=IFCCARTESIANTRANSFORMATIONOPERATOR3D(#2365,#2366,#2364,1.,#2367);
#2369=IFCMAPPEDITEM(#2363,#2368);
#2370=IFCSHAPEREPRESENTATION(#11,'Body','MappedRepresentation',(#2369));
#2371=IFCPRODUCTDEFINITIONSHAPE($,$,(#2370));
#2372=IFCRELVOIDSELEMENT('0AgUdGnaz8wgIIBO7_0wKt',$,$,$,#651,#2343);
#2378=IFCRELFILLSELEMENT('0ajTHvDRT1vB$txAfWjeQn',$,$,$,#2343,#2319);
#2402=IFCCARTESIANPOINTLIST2D(((0.,0.),(0.,2.),(0.89999997615814209,2.),(0.89999997615814209,0.),(0.87499997578561306,0.),(0.87499997578561306,1.974999999627471),(0.02500000037252903,1.974999999627471),(0.02500000037252903,0.)));
#2403=IFCINDEXEDPOLYCURVE(#2402,(IFCLINEINDEX((1,2,3,4,5,6,7,8,1))),$);
#2404=IFCARBITRARYCLOSEDPROFILEDEF(.AREA.,$,#2403);
#2405=IFCCARTESIANPOINT((0.,0.02500000037252903,0.));
#2406=IFCDIRECTION((0.,-1.,0.));
#2407=IFCDIRECTION((1.,0.,0.));
#2408=IFCAXIS2PLACEMENT3D(#2405,#2406,#2407);
#2409=IFCDIRECTION((0.,0.,-1.));
#2410=IFCEXTRUDEDAREASOLID(#2404,#2408,#2409,0.02500000037252903);
#2411=IFCCARTESIANPOINTLIST2D(((0.,0.),(0.,2.),(0.89999997615814209,2.),(0.89999997615814209,0.),(0.84999997541308403,0.),(0.84999997541308403,1.9499999992549419),(0.05000000074505806,1.9499999992549419),(0.05000000074505806,0.)));
#2412=IFCINDEXEDPOLYCURVE(#2411,(IFCLINEINDEX((1,2,3,4,5,6,7,8,1))),$);
#2413=IFCARBITRARYCLOSEDPROFILEDEF(.AREA.,$,#2412);
#2414=IFCCARTESIANPOINT((0.,0.,0.));
#2415=IFCDIRECTION((0.,-1.,0.));
#2416=IFCDIRECTION((1.,0.,0.));
#2417=IFCAXIS2PLACEMENT3D(#2414,#2415,#2416);
#2418=IFCDIRECTION((0.,0.,-1.));
#2419=IFCEXTRUDEDAREASOLID(#2413,#2417,#2418,0.02500000037252903);
#2420=IFCCARTESIANPOINTLIST2D(((0.,0.),(0.79999997466802597,0.),(0.79999997466802597,0.10000000149011612),(0.,0.10000000149011612)));
#2421=IFCINDEXEDPOLYCURVE(#2420,(IFCLINEINDEX((1,2,3,4,1))),$);
#2422=IFCARBITRARYCLOSEDPROFILEDEF(.AREA.,$,#2421);
#2423=IFCCARTESIANPOINT((0.05000000074505806,0.,0.));
#2424=IFCDIRECTION((0.,0.,1.));
#2425=IFCDIRECTION((1.,0.,0.));
#2426=IFCAXIS2PLACEMENT3D(#2423,#2424,#2425);
#2427=IFCDIRECTION((0.,0.,1.));
#2428=IFCEXTRUDEDAREASOLID(#2422,#2426,#2427,0.02500000037252903);
#2429=IFCCARTESIANPOINTLIST2D(((0.,0.),(0.,2.0250000022351742),(0.94999998062849045,2.0250000022351742),(0.94999998062849045,0.),(0.87499997764825821,0.),(0.87499997764825821,1.9499999992549419),(0.075000002980232239,1.9499999992549419),(0.075000002980232239,0.)));
#2430=IFCINDEXEDPOLYCURVE(#2429,(IFCLINEINDEX((1,2,3,4,5,6,7,8,1))),$);
#2431=IFCARBITRARYCLOSEDPROFILEDEF(.AREA.,$,#2430);
#2432=IFCCARTESIANPOINT((-0.025000002235174179,-0.004999999888241291,0.));
#2433=IFCDIRECTION((0.,-1.,0.));
#2434=IFCDIRECTION((1.,0.,0.));
#2435=IFCAXIS2PLACEMENT3D(#2432,#2433,#2434);
#2436=IFCDIRECTION((0.,0.,-1.));
#2437=IFCEXTRUDEDAREASOLID(#2431,#2435,#2436,0.004999999888241291);
#2438=IFCCARTESIANPOINTLIST2D(((0.,0.),(0.,2.0250000022351742),(0.94999998062849045,2.0250000022351742),(0.94999998062849045,0.),(0.89999997802078724,0.),(0.89999997802078724,1.974999999627471),(0.050000002607703209,1.974999999627471),(0.050000002607703209,0.)));
#2439=IFCINDEXEDPOLYCURVE(#2438,(IFCLINEINDEX((1,2,3,4,5,6,7,8,1))),$);
#2440=IFCARBITRARYCLOSEDPROFILEDEF(.AREA.,$,#2439);
#2441=IFCCARTESIANPOINT((-0.025000002235174179,0.05000000074505806,0.));
#2442=IFCDIRECTION((0.,-1.,0.));
#2443=IFCDIRECTION((1.,0.,0.));
#2444=IFCAXIS2PLACEMENT3D(#2441,#2442,#2443);
#2445=IFCDIRECTION((0.,0.,-1.));
#2446=IFCEXTRUDEDAREASOLID(#2440,#2444,#2445,0.004999999888241291);
#2447=IFCCARTESIANPOINTLIST2D(((0.,0.),(0.84999997541308403,0.),(0.84999997541308403,0.035000000149011612),(0.,0.035000000149011612)));
#2448=IFCINDEXEDPOLYCURVE(#2447,(IFCLINEINDEX((1,2,3,4,1))),$);
#2449=IFCARBITRARYCLOSEDPROFILEDEF(.AREA.,$,#2448);
#2450=IFCCARTESIANPOINT((0.02500000037252903,0.02500000037252903,0.02500000037252903));
#2451=IFCDIRECTION((0.,0.,1.));
#2452=IFCDIRECTION((1.,0.,0.));
#2453=IFCAXIS2PLACEMENT3D(#2450,#2451,#2452);
#2454=IFCDIRECTION((0.,0.,1.));
#2455=IFCEXTRUDEDAREASOLID(#2449,#2453,#2454,1.9499999992549419);
#2456=IFCCARTESIANPOINTLIST2D(((0.,0.),(0.,-0.040000000000000001),(-0.11999999999999988,-0.040000000000000001),(-0.11999999999999988,-0.02),(-0.020000000000000018,-0.02),(-0.020000000000000018,0.)));
#2457=IFCINDEXEDPOLYCURVE(#2456,(IFCLINEINDEX((1,2,3,4,5,6,1))),$);
#2458=IFCARBITRARYCLOSEDPROFILEDEF(.AREA.,$,#2457);
#2459=IFCCARTESIANPOINT((0.82499997578561302,0.02500000037252903,1.015000000372529));
#2460=IFCDIRECTION((0.,0.,1.));
#2461=IFCDIRECTION((1.,0.,0.));
#2462=IFCAXIS2PLACEMENT3D(#2459,#2460,#2461);
#2463=IFCDIRECTION((0.,0.,1.));
#2464=IFCEXTRUDEDAREASOLID(#2458,#2462,#2463,0.02);
#2465=IFCEXTRUDEDAREASOLID(#2466,#2469,#2473,0.02);
#2466=IFCARBITRARYCLOSEDPROFILEDEF(.AREA.,$,#2467);
#2467=IFCINDEXEDPOLYCURVE(#2468,(IFCLINEINDEX((1,2,3,4,5,6,1))),$);
#2468=IFCCARTESIANPOINTLIST2D(((0.,0.),(0.,0.040000000000000008),(-0.11999999999999988,0.040000000000000008),(-0.11999999999999988,0.020000000000000004),(-0.020000000000000018,0.020000000000000004),(-0.020000000000000018,0.)));
#2469=IFCAXIS2PLACEMENT3D(#2470,#2471,#2472);
#2470=IFCCARTESIANPOINT((0.82499997578561302,0.060000000521540642,1.015000000372529));
#2471=IFCDIRECTION((0.,0.,1.));
#2472=IFCDIRECTION((1.,0.,0.));
#2473=IFCDIRECTION((0.,0.,1.));
#2475=IFCSHAPEREPRESENTATION(#11,'Body','SweptSolid',(#2547,#3140,#2910,#2538,#2671,#2892,#3131,#2529,#2901,#2410,#2883,#2662,#2653,#3122,#2874,#2565,#3113,#3104,#2446,#2644,#2556,#2437,#2680,#2428,#2419));
#2476=IFCSHAPEASPECT((#2475),'Lining',$,.T.,#2328);
#2477=IFCSHAPEREPRESENTATION(#11,'Body','SweptSolid',(#2928,#2929,#2698,#2919,#2583,#2689,#2464,#2584,#2465,#2574,#3158,#2455,#3159,#3149,#2699));
#2478=IFCSHAPEASPECT((#2477),'Framing',$,.T.,#2328);
#2521=IFCCARTESIANPOINTLIST2D(((0.,0.),(0.,2.),(0.89999997615814209,2.),(0.89999997615814209,0.),(0.87499997578561306,0.),(0.87499997578561306,1.974999999627471),(0.02500000037252903,1.974999999627471),(0.02500000037252903,0.)));
#2522=IFCINDEXEDPOLYCURVE(#2521,(IFCLINEINDEX((1,2,3,4,5,6,7,8,1))),$);
#2523=IFCARBITRARYCLOSEDPROFILEDEF(.AREA.,$,#2522);
#2524=IFCCARTESIANPOINT((0.,0.02500000037252903,0.));
#2525=IFCDIRECTION((0.,-1.,0.));
#2526=IFCDIRECTION((1.,0.,0.));
#2527=IFCAXIS2PLACEMENT3D(#2524,#2525,#2526);
#2528=IFCDIRECTION((0.,0.,-1.));
#2529=IFCEXTRUDEDAREASOLID(#2523,#2527,#2528,0.02500000037252903);
#2530=IFCCARTESIANPOINTLIST2D(((0.,0.),(0.,2.),(0.89999997615814209,2.),(0.89999997615814209,0.),(0.84999997541308403,0.),(0.84999997541308403,1.9499999992549419),(0.05000000074505806,1.9499999992549419),(0.05000000074505806,0.)));
#2531=IFCINDEXEDPOLYCURVE(#2530,(IFCLINEINDEX((1,2,3,4,5,6,7,8,1))),$);
#2532=IFCARBITRARYCLOSEDPROFILEDEF(.AREA.,$,#2531);
#2533=IFCCARTESIANPOINT((0.,0.,0.));
#2534=IFCDIRECTION((0.,-1.,0.));
#2535=IFCDIRECTION((1.,0.,0.));
#2536=IFCAXIS2PLACEMENT3D(#2533,#2534,#2535);
#2537=IFCDIRECTION((0.,0.,-1.));
#2538=IFCEXTRUDEDAREASOLID(#2532,#2536,#2537,0.02500000037252903);
#2539=IFCCARTESIANPOINTLIST2D(((0.,0.),(0.79999997466802597,0.),(0.79999997466802597,0.10000000149011612),(0.,0.10000000149011612)));
#2540=IFCINDEXEDPOLYCURVE(#2539,(IFCLINEINDEX((1,2,3,4,1))),$);
#2541=IFCARBITRARYCLOSEDPROFILEDEF(.AREA.,$,#2540);
#2542=IFCCARTESIANPOINT((0.05000000074505806,0.,0.));
#2543=IFCDIRECTION((0.,0.,1.));
#2544=IFCDIRECTION((1.,0.,0.));
#2545=IFCAXIS2PLACEMENT3D(#2542,#2543,#2544);
#2546=IFCDIRECTION((0.,0.,1.));
#2547=IFCEXTRUDEDAREASOLID(#2541,#2545,#2546,0.02500000037252903);
#2548=IFCCARTESIANPOINTLIST2D(((0.,0.),(0.,2.0250000022351742),(0.94999998062849045,2.0250000022351742),(0.94999998062849045,0.),(0.87499997764825821,0.),(0.87499997764825821,1.9499999992549419),(0.075000002980232239,1.9499999992549419),(0.075000002980232239,0.)));
#2549=IFCINDEXEDPOLYCURVE(#2548,(IFCLINEINDEX((1,2,3,4,5,6,7,8,1))),$);
#2550=IFCARBITRARYCLOSEDPROFILEDEF(.AREA.,$,#2549);
#2551=IFCCARTESIANPOINT((-0.025000002235174179,-0.004999999888241291,0.));
#2552=IFCDIRECTION((0.,-1.,0.));
#2553=IFCDIRECTION((1.,0.,0.));
#2554=IFCAXIS2PLACEMENT3D(#2551,#2552,#2553);
#2555=IFCDIRECTION((0.,0.,-1.));
#2556=IFCEXTRUDEDAREASOLID(#2550,#2554,#2555,0.004999999888241291);
#2557=IFCCARTESIANPOINTLIST2D(((0.,0.),(0.,2.0250000022351742),(0.94999998062849045,2.0250000022351742),(0.94999998062849045,0.),(0.89999997802078724,0.),(0.89999997802078724,1.974999999627471),(0.050000002607703209,1.974999999627471),(0.050000002607703209,0.)));
#2558=IFCINDEXEDPOLYCURVE(#2557,(IFCLINEINDEX((1,2,3,4,5,6,7,8,1))),$);
#2559=IFCARBITRARYCLOSEDPROFILEDEF(.AREA.,$,#2558);
#2560=IFCCARTESIANPOINT((-0.025000002235174179,0.05000000074505806,0.));
#2561=IFCDIRECTION((0.,-1.,0.));
#2562=IFCDIRECTION((1.,0.,0.));
#2563=IFCAXIS2PLACEMENT3D(#2560,#2561,#2562);
#2564=IFCDIRECTION((0.,0.,-1.));
#2565=IFCEXTRUDEDAREASOLID(#2559,#2563,#2564,0.004999999888241291);
#2566=IFCCARTESIANPOINTLIST2D(((0.,0.),(0.84999997541308403,0.),(0.84999997541308403,0.035000000149011612),(0.,0.035000000149011612)));
#2567=IFCINDEXEDPOLYCURVE(#2566,(IFCLINEINDEX((1,2,3,4,1))),$);
#2568=IFCARBITRARYCLOSEDPROFILEDEF(.AREA.,$,#2567);
#2569=IFCCARTESIANPOINT((0.02500000037252903,0.02500000037252903,0.02500000037252903));
#2570=IFCDIRECTION((0.,0.,1.));
#2571=IFCDIRECTION((1.,0.,0.));
#2572=IFCAXIS2PLACEMENT3D(#2569,#2570,#2571);
#2573=IFCDIRECTION((0.,0.,1.));
#2574=IFCEXTRUDEDAREASOLID(#2568,#2572,#2573,1.9499999992549419);
#2575=IFCCARTESIANPOINTLIST2D(((0.,0.),(0.,-0.040000000000000001),(-0.11999999999999988,-0.040000000000000001),(-0.11999999999999988,-0.02),(-0.020000000000000018,-0.02),(-0.020000000000000018,0.)));
#2576=IFCINDEXEDPOLYCURVE(#2575,(IFCLINEINDEX((1,2,3,4,5,6,1))),$);
#2577=IFCARBITRARYCLOSEDPROFILEDEF(.AREA.,$,#2576);
#2578=IFCCARTESIANPOINT((0.82499997578561302,0.02500000037252903,1.015000000372529));
#2579=IFCDIRECTION((0.,0.,1.));
#2580=IFCDIRECTION((1.,0.,0.));
#2581=IFCAXIS2PLACEMENT3D(#2578,#2579,#2580);
#2582=IFCDIRECTION((0.,0.,1.));
#2583=IFCEXTRUDEDAREASOLID(#2577,#2581,#2582,0.02);
#2584=IFCEXTRUDEDAREASOLID(#2585,#2588,#2592,0.02);
#2585=IFCARBITRARYCLOSEDPROFILEDEF(.AREA.,$,#2586);
#2586=IFCINDEXEDPOLYCURVE(#2587,(IFCLINEINDEX((1,2,3,4,5,6,1))),$);
#2587=IFCCARTESIANPOINTLIST2D(((0.,0.),(0.,0.040000000000000008),(-0.11999999999999988,0.040000000000000008),(-0.11999999999999988,0.020000000000000004),(-0.020000000000000018,0.020000000000000004),(-0.020000000000000018,0.)));
#2588=IFCAXIS2PLACEMENT3D(#2589,#2590,#2591);
#2589=IFCCARTESIANPOINT((0.82499997578561302,0.060000000521540642,1.015000000372529));
#2590=IFCDIRECTION((0.,0.,1.));
#2591=IFCDIRECTION((1.,0.,0.));
#2592=IFCDIRECTION((0.,0.,1.));
#2636=IFCCARTESIANPOINTLIST2D(((0.,0.),(0.,2.),(0.89999997615814209,2.),(0.89999997615814209,0.),(0.87499997578561306,0.),(0.87499997578561306,1.974999999627471),(0.02500000037252903,1.974999999627471),(0.02500000037252903,0.)));
#2637=IFCINDEXEDPOLYCURVE(#2636,(IFCLINEINDEX((1,2,3,4,5,6,7,8,1))),$);
#2638=IFCARBITRARYCLOSEDPROFILEDEF(.AREA.,$,#2637);
#2639=IFCCARTESIANPOINT((0.,0.02500000037252903,0.));
#2640=IFCDIRECTION((0.,-1.,0.));
#2641=IFCDIRECTION((1.,0.,0.));
#2642=IFCAXIS2PLACEMENT3D(#2639,#2640,#2641);
#2643=IFCDIRECTION((0.,0.,-1.));
#2644=IFCEXTRUDEDAREASOLID(#2638,#2642,#2643,0.02500000037252903);
#2645=IFCCARTESIANPOINTLIST2D(((0.,0.),(0.,2.),(0.89999997615814209,2.),(0.89999997615814209,0.),(0.84999997541308403,0.),(0.84999997541308403,1.9499999992549419),(0.05000000074505806,1.9499999992549419),(0.05000000074505806,0.)));
#2646=IFCINDEXEDPOLYCURVE(#2645,(IFCLINEINDEX((1,2,3,4,5,6,7,8,1))),$);
#2647=IFCARBITRARYCLOSEDPROFILEDEF(.AREA.,$,#2646);
#2648=IFCCARTESIANPOINT((0.,0.,0.));
#2649=IFCDIRECTION((0.,-1.,0.));
#2650=IFCDIRECTION((1.,0.,0.));
#2651=IFCAXIS2PLACEMENT3D(#2648,#2649,#2650);
#2652=IFCDIRECTION((0.,0.,-1.));
#2653=IFCEXTRUDEDAREASOLID(#2647,#2651,#2652,0.02500000037252903);
#2654=IFCCARTESIANPOINTLIST2D(((0.,0.),(0.79999997466802597,0.),(0.79999997466802597,0.10000000149011612),(0.,0.10000000149011612)));
#2655=IFCINDEXEDPOLYCURVE(#2654,(IFCLINEINDEX((1,2,3,4,1))),$);
#2656=IFCARBITRARYCLOSEDPROFILEDEF(.AREA.,$,#2655);
#2657=IFCCARTESIANPOINT((0.05000000074505806,0.,0.));
#2658=IFCDIRECTION((0.,0.,1.));
#2659=IFCDIRECTION((1.,0.,0.));
#2660=IFCAXIS2PLACEMENT3D(#2657,#2658,#2659);
#2661=IFCDIRECTION((0.,0.,1.));
#2662=IFCEXTRUDEDAREASOLID(#2656,#2660,#2661,0.02500000037252903);
#2663=IFCCARTESIANPOINTLIST2D(((0.,0.),(0.,2.0250000022351742),(0.94999998062849045,2.0250000022351742),(0.94999998062849045,0.),(0.87499997764825821,0.),(0.87499997764825821,1.9499999992549419),(0.075000002980232239,1.9499999992549419),(0.075000002980232239,0.)));
#2664=IFCINDEXEDPOLYCURVE(#2663,(IFCLINEINDEX((1,2,3,4,5,6,7,8,1))),$);
#2665=IFCARBITRARYCLOSEDPROFILEDEF(.AREA.,$,#2664);
#2666=IFCCARTESIANPOINT((-0.025000002235174179,-0.004999999888241291,0.));
#2667=IFCDIRECTION((0.,-1.,0.));
#2668=IFCDIRECTION((1.,0.,0.));
#2669=IFCAXIS2PLACEMENT3D(#2666,#2667,#2668);
#2670=IFCDIRECTION((0.,0.,-1.));
#2671=IFCEXTRUDEDAREASOLID(#2665,#2669,#2670,0.004999999888241291);
#2672=IFCCARTESIANPOINTLIST2D(((0.,0.),(0.,2.0250000022351742),(0.94999998062849045,2.0250000022351742),(0.94999998062849045,0.),(0.89999997802078724,0.),(0.89999997802078724,1.974999999627471),(0.050000002607703209,1.974999999627471),(0.050000002607703209,0.)));
#2673=IFCINDEXEDPOLYCURVE(#2672,(IFCLINEINDEX((1,2,3,4,5,6,7,8,1))),$);
#2674=IFCARBITRARYCLOSEDPROFILEDEF(.AREA.,$,#2673);
#2675=IFCCARTESIANPOINT((-0.025000002235174179,0.05000000074505806,0.));
#2676=IFCDIRECTION((0.,-1.,0.));
#2677=IFCDIRECTION((1.,0.,0.));
#2678=IFCAXIS2PLACEMENT3D(#2675,#2676,#2677);
#2679=IFCDIRECTION((0.,0.,-1.));
#2680=IFCEXTRUDEDAREASOLID(#2674,#2678,#2679,0.004999999888241291);
#2681=IFCCARTESIANPOINTLIST2D(((0.,0.),(0.84999997541308403,0.),(0.84999997541308403,0.035000000149011612),(0.,0.035000000149011612)));
#2682=IFCINDEXEDPOLYCURVE(#2681,(IFCLINEINDEX((1,2,3,4,1))),$);
#2683=IFCARBITRARYCLOSEDPROFILEDEF(.AREA.,$,#2682);
#2684=IFCCARTESIANPOINT((0.02500000037252903,0.02500000037252903,0.02500000037252903));
#2685=IFCDIRECTION((0.,0.,1.));
#2686=IFCDIRECTION((1.,0.,0.));
#2687=IFCAXIS2PLACEMENT3D(#2684,#2685,#2686);
#2688=IFCDIRECTION((0.,0.,1.));
#2689=IFCEXTRUDEDAREASOLID(#2683,#2687,#2688,1.9499999992549419);
#2690=IFCCARTESIANPOINTLIST2D(((0.,0.),(0.,-0.040000000000000001),(-0.11999999999999988,-0.040000000000000001),(-0.11999999999999988,-0.02),(-0.020000000000000018,-0.02),(-0.020000000000000018,0.)));
#2691=IFCINDEXEDPOLYCURVE(#2690,(IFCLINEINDEX((1,2,3,4,5,6,1))),$);
#2692=IFCARBITRARYCLOSEDPROFILEDEF(.AREA.,$,#2691);
#2693=IFCCARTESIANPOINT((0.82499997578561302,0.02500000037252903,1.015000000372529));
#2694=IFCDIRECTION((0.,0.,1.));
#2695=IFCDIRECTION((1.,0.,0.));
#2696=IFCAXIS2PLACEMENT3D(#2693,#2694,#2695);
#2697=IFCDIRECTION((0.,0.,1.));
#2698=IFCEXTRUDEDAREASOLID(#2692,#2696,#2697,0.02);
#2699=IFCEXTRUDEDAREASOLID(#2700,#2703,#2707,0.02);
#2700=IFCARBITRARYCLOSEDPROFILEDEF(.AREA.,$,#2701);
#2701=IFCINDEXEDPOLYCURVE(#2702,(IFCLINEINDEX((1,2,3,4,5,6,1))),$);
#2702=IFCCARTESIANPOINTLIST2D(((0.,0.),(0.,0.040000000000000008),(-0.11999999999999988,0.040000000000000008),(-0.11999999999999988,0.020000000000000004),(-0.020000000000000018,0.020000000000000004),(-0.020000000000000018,0.)));
#2703=IFCAXIS2PLACEMENT3D(#2704,#2705,#2706);
#2704=IFCCARTESIANPOINT((0.82499997578561302,0.060000000521540642,1.015000000372529));
#2705=IFCDIRECTION((0.,0.,1.));
#2706=IFCDIRECTION((1.,0.,0.));
#2707=IFCDIRECTION((0.,0.,1.));
#2751=IFCCARTESIANPOINTLIST2D(((0.,0.),(0.,2.),(0.89999997615814209,2.),(0.89999997615814209,0.),(0.87499997578561306,0.),(0.87499997578561306,1.974999999627471),(0.02500000037252903,1.974999999627471),(0.02500000037252903,0.)));
#2752=IFCINDEXEDPOLYCURVE(#2751,(IFCLINEINDEX((1,2,3,4,5,6,7,8,1))),$);
#2753=IFCARBITRARYCLOSEDPROFILEDEF(.AREA.,$,#2752);
#2754=IFCCARTESIANPOINT((0.,0.02500000037252903,0.));
#2755=IFCDIRECTION((0.,-1.,0.));
#2756=IFCDIRECTION((1.,0.,0.));
#2757=IFCAXIS2PLACEMENT3D(#2754,#2755,#2756);
#2758=IFCDIRECTION((0.,0.,-1.));
#2759=IFCEXTRUDEDAREASOLID(#2753,#2757,#2758,0.02500000037252903);
#2760=IFCCARTESIANPOINTLIST2D(((0.,0.),(0.,2.),(0.89999997615814209,2.),(0.89999997615814209,0.),(0.84999997541308403,0.),(0.84999997541308403,1.9499999992549419),(0.05000000074505806,1.9499999992549419),(0.05000000074505806,0.)));
#2761=IFCINDEXEDPOLYCURVE(#2760,(IFCLINEINDEX((1,2,3,4,5,6,7,8,1))),$);
#2762=IFCARBITRARYCLOSEDPROFILEDEF(.AREA.,$,#2761);
#2763=IFCCARTESIANPOINT((0.,0.,0.));
#2764=IFCDIRECTION((0.,-1.,0.));
#2765=IFCDIRECTION((1.,0.,0.));
#2766=IFCAXIS2PLACEMENT3D(#2763,#2764,#2765);
#2767=IFCDIRECTION((0.,0.,-1.));
#2768=IFCEXTRUDEDAREASOLID(#2762,#2766,#2767,0.02500000037252903);
#2769=IFCCARTESIANPOINTLIST2D(((0.,0.),(0.79999997466802597,0.),(0.79999997466802597,0.10000000149011612),(0.,0.10000000149011612)));
#2770=IFCINDEXEDPOLYCURVE(#2769,(IFCLINEINDEX((1,2,3,4,1))),$);
#2771=IFCARBITRARYCLOSEDPROFILEDEF(.AREA.,$,#2770);
#2772=IFCCARTESIANPOINT((0.05000000074505806,0.,0.));
#2773=IFCDIRECTION((0.,0.,1.));
#2774=IFCDIRECTION((1.,0.,0.));
#2775=IFCAXIS2PLACEMENT3D(#2772,#2773,#2774);
#2776=IFCDIRECTION((0.,0.,1.));
#2777=IFCEXTRUDEDAREASOLID(#2771,#2775,#2776,0.02500000037252903);
#2778=IFCCARTESIANPOINTLIST2D(((0.,0.),(0.,2.0250000022351742),(0.94999998062849045,2.0250000022351742),(0.94999998062849045,0.),(0.87499997764825821,0.),(0.87499997764825821,1.9499999992549419),(0.075000002980232239,1.9499999992549419),(0.075000002980232239,0.)));
#2779=IFCINDEXEDPOLYCURVE(#2778,(IFCLINEINDEX((1,2,3,4,5,6,7,8,1))),$);
#2780=IFCARBITRARYCLOSEDPROFILEDEF(.AREA.,$,#2779);
#2781=IFCCARTESIANPOINT((-0.025000002235174179,-0.004999999888241291,0.));
#2782=IFCDIRECTION((0.,-1.,0.));
#2783=IFCDIRECTION((1.,0.,0.));
#2784=IFCAXIS2PLACEMENT3D(#2781,#2782,#2783);
#2785=IFCDIRECTION((0.,0.,-1.));
#2786=IFCEXTRUDEDAREASOLID(#2780,#2784,#2785,0.004999999888241291);
#2787=IFCCARTESIANPOINTLIST2D(((0.,0.),(0.,2.0250000022351742),(0.94999998062849045,2.0250000022351742),(0.94999998062849045,0.),(0.89999997802078724,0.),(0.89999997802078724,1.974999999627471),(0.050000002607703209,1.974999999627471),(0.050000002607703209,0.)));
#2788=IFCINDEXEDPOLYCURVE(#2787,(IFCLINEINDEX((1,2,3,4,5,6,7,8,1))),$);
#2789=IFCARBITRARYCLOSEDPROFILEDEF(.AREA.,$,#2788);
#2790=IFCCARTESIANPOINT((-0.025000002235174179,0.05000000074505806,0.));
#2791=IFCDIRECTION((0.,-1.,0.));
#2792=IFCDIRECTION((1.,0.,0.));
#2793=IFCAXIS2PLACEMENT3D(#2790,#2791,#2792);
#2794=IFCDIRECTION((0.,0.,-1.));
#2795=IFCEXTRUDEDAREASOLID(#2789,#2793,#2794,0.004999999888241291);
#2796=IFCCARTESIANPOINTLIST2D(((0.,0.),(0.84999997541308403,0.),(0.84999997541308403,0.035000000149011612),(0.,0.035000000149011612)));
#2797=IFCINDEXEDPOLYCURVE(#2796,(IFCLINEINDEX((1,2,3,4,1))),$);
#2798=IFCARBITRARYCLOSEDPROFILEDEF(.AREA.,$,#2797);
#2799=IFCCARTESIANPOINT((0.02500000037252903,0.02500000037252903,0.02500000037252903));
#2800=IFCDIRECTION((0.,0.,1.));
#2801=IFCDIRECTION((1.,0.,0.));
#2802=IFCAXIS2PLACEMENT3D(#2799,#2800,#2801);
#2803=IFCDIRECTION((0.,0.,1.));
#2804=IFCEXTRUDEDAREASOLID(#2798,#2802,#2803,1.9499999992549419);
#2805=IFCCARTESIANPOINTLIST2D(((0.,0.),(0.,-0.040000000000000001),(-0.11999999999999988,-0.040000000000000001),(-0.11999999999999988,-0.02),(-0.020000000000000018,-0.02),(-0.020000000000000018,0.)));
#2806=IFCINDEXEDPOLYCURVE(#2805,(IFCLINEINDEX((1,2,3,4,5,6,1))),$);
#2807=IFCARBITRARYCLOSEDPROFILEDEF(.AREA.,$,#2806);
#2808=IFCCARTESIANPOINT((0.82499997578561302,0.02500000037252903,1.015000000372529));
#2809=IFCDIRECTION((0.,0.,1.));
#2810=IFCDIRECTION((1.,0.,0.));
#2811=IFCAXIS2PLACEMENT3D(#2808,#2809,#2810);
#2812=IFCDIRECTION((0.,0.,1.));
#2813=IFCEXTRUDEDAREASOLID(#2807,#2811,#2812,0.02);
#2814=IFCEXTRUDEDAREASOLID(#2815,#2818,#2822,0.02);
#2815=IFCARBITRARYCLOSEDPROFILEDEF(.AREA.,$,#2816);
#2816=IFCINDEXEDPOLYCURVE(#2817,(IFCLINEINDEX((1,2,3,4,5,6,1))),$);
#2817=IFCCARTESIANPOINTLIST2D(((0.,0.),(0.,0.040000000000000008),(-0.11999999999999988,0.040000000000000008),(-0.11999999999999988,0.020000000000000004),(-0.020000000000000018,0.020000000000000004),(-0.020000000000000018,0.)));
#2818=IFCAXIS2PLACEMENT3D(#2819,#2820,#2821);
#2819=IFCCARTESIANPOINT((0.82499997578561302,0.060000000521540642,1.015000000372529));
#2820=IFCDIRECTION((0.,0.,1.));
#2821=IFCDIRECTION((1.,0.,0.));
#2822=IFCDIRECTION((0.,0.,1.));
#2866=IFCCARTESIANPOINTLIST2D(((0.,0.),(0.,2.),(0.89999997615814209,2.),(0.89999997615814209,0.),(0.87499997578561306,0.),(0.87499997578561306,1.974999999627471),(0.02500000037252903,1.974999999627471),(0.02500000037252903,0.)));
#2867=IFCINDEXEDPOLYCURVE(#2866,(IFCLINEINDEX((1,2,3,4,5,6,7,8,1))),$);
#2868=IFCARBITRARYCLOSEDPROFILEDEF(.AREA.,$,#2867);
#2869=IFCCARTESIANPOINT((0.,0.02500000037252903,0.));
#2870=IFCDIRECTION((0.,-1.,0.));
#2871=IFCDIRECTION((1.,0.,0.));
#2872=IFCAXIS2PLACEMENT3D(#2869,#2870,#2871);
#2873=IFCDIRECTION((0.,0.,-1.));
#2874=IFCEXTRUDEDAREASOLID(#2868,#2872,#2873,0.02500000037252903);
#2875=IFCCARTESIANPOINTLIST2D(((0.,0.),(0.,2.),(0.89999997615814209,2.),(0.89999997615814209,0.),(0.84999997541308403,0.),(0.84999997541308403,1.9499999992549419),(0.05000000074505806,1.9499999992549419),(0.05000000074505806,0.)));
#2876=IFCINDEXEDPOLYCURVE(#2875,(IFCLINEINDEX((1,2,3,4,5,6,7,8,1))),$);
#2877=IFCARBITRARYCLOSEDPROFILEDEF(.AREA.,$,#2876);
#2878=IFCCARTESIANPOINT((0.,0.,0.));
#2879=IFCDIRECTION((0.,-1.,0.));
#2880=IFCDIRECTION((1.,0.,0.));
#2881=IFCAXIS2PLACEMENT3D(#2878,#2879,#2880);
#2882=IFCDIRECTION((0.,0.,-1.));
#2883=IFCEXTRUDEDAREASOLID(#2877,#2881,#2882,0.02500000037252903);
#2884=IFCCARTESIANPOINTLIST2D(((0.,0.),(0.79999997466802597,0.),(0.79999997466802597,0.10000000149011612),(0.,0.10000000149011612)));
#2885=IFCINDEXEDPOLYCURVE(#2884,(IFCLINEINDEX((1,2,3,4,1))),$);
#2886=IFCARBITRARYCLOSEDPROFILEDEF(.AREA.,$,#2885);
#2887=IFCCARTESIANPOINT((0.05000000074505806,0.,0.));
#2888=IFCDIRECTION((0.,0.,1.));
#2889=IFCDIRECTION((1.,0.,0.));
#2890=IFCAXIS2PLACEMENT3D(#2887,#2888,#2889);
#2891=IFCDIRECTION((0.,0.,1.));
#2892=IFCEXTRUDEDAREASOLID(#2886,#2890,#2891,0.02500000037252903);
#2893=IFCCARTESIANPOINTLIST2D(((0.,0.),(0.,2.0250000022351742),(0.94999998062849045,2.0250000022351742),(0.94999998062849045,0.),(0.87499997764825821,0.),(0.87499997764825821,1.9499999992549419),(0.075000002980232239,1.9499999992549419),(0.075000002980232239,0.)));
#2894=IFCINDEXEDPOLYCURVE(#2893,(IFCLINEINDEX((1,2,3,4,5,6,7,8,1))),$);
#2895=IFCARBITRARYCLOSEDPROFILEDEF(.AREA.,$,#2894);
#2896=IFCCARTESIANPOINT((-0.025000002235174179,-0.004999999888241291,0.));
#2897=IFCDIRECTION((0.,-1.,0.));
#2898=IFCDIRECTION((1.,0.,0.));
#2899=IFCAXIS2PLACEMENT3D(#2896,#2897,#2898);
#2900=IFCDIRECTION((0.,0.,-1.));
#2901=IFCEXTRUDEDAREASOLID(#2895,#2899,#2900,0.004999999888241291);
#2902=IFCCARTESIANPOINTLIST2D(((0.,0.),(0.,2.0250000022351742),(0.94999998062849045,2.0250000022351742),(0.94999998062849045,0.),(0.89999997802078724,0.),(0.89999997802078724,1.974999999627471),(0.050000002607703209,1.974999999627471),(0.050000002607703209,0.)));
#2903=IFCINDEXEDPOLYCURVE(#2902,(IFCLINEINDEX((1,2,3,4,5,6,7,8,1))),$);
#2904=IFCARBITRARYCLOSEDPROFILEDEF(.AREA.,$,#2903);
#2905=IFCCARTESIANPOINT((-0.025000002235174179,0.05000000074505806,0.));
#2906=IFCDIRECTION((0.,-1.,0.));
#2907=IFCDIRECTION((1.,0.,0.));
#2908=IFCAXIS2PLACEMENT3D(#2905,#2906,#2907);
#2909=IFCDIRECTION((0.,0.,-1.));
#2910=IFCEXTRUDEDAREASOLID(#2904,#2908,#2909,0.004999999888241291);
#2911=IFCCARTESIANPOINTLIST2D(((0.,0.),(0.84999997541308403,0.),(0.84999997541308403,0.035000000149011612),(0.,0.035000000149011612)));
#2912=IFCINDEXEDPOLYCURVE(#2911,(IFCLINEINDEX((1,2,3,4,1))),$);
#2913=IFCARBITRARYCLOSEDPROFILEDEF(.AREA.,$,#2912);
#2914=IFCCARTESIANPOINT((0.02500000037252903,0.02500000037252903,0.02500000037252903));
#2915=IFCDIRECTION((0.,0.,1.));
#2916=IFCDIRECTION((1.,0.,0.));
#2917=IFCAXIS2PLACEMENT3D(#2914,#2915,#2916);
#2918=IFCDIRECTION((0.,0.,1.));
#2919=IFCEXTRUDEDAREASOLID(#2913,#2917,#2918,1.9499999992549419);
#2920=IFCCARTESIANPOINTLIST2D(((0.,0.),(0.,-0.040000000000000001),(0.12,-0.040000000000000001),(0.12,-0.02),(0.02,-0.02),(0.02,0.)));
#2921=IFCINDEXEDPOLYCURVE(#2920,(IFCLINEINDEX((1,2,3,4,5,6,1))),$);
#2922=IFCARBITRARYCLOSEDPROFILEDEF(.AREA.,$,#2921);
#2923=IFCCARTESIANPOINT((0.075000000372529033,0.02500000037252903,1.015000000372529));
#2924=IFCDIRECTION((0.,0.,1.));
#2925=IFCDIRECTION((1.,0.,0.));
#2926=IFCAXIS2PLACEMENT3D(#2923,#2924,#2925);
#2927=IFCDIRECTION((0.,0.,1.));
#2928=IFCEXTRUDEDAREASOLID(#2922,#2926,#2927,0.02);
#2929=IFCEXTRUDEDAREASOLID(#2930,#2933,#2937,0.02);
#2930=IFCARBITRARYCLOSEDPROFILEDEF(.AREA.,$,#2931);
#2931=IFCINDEXEDPOLYCURVE(#2932,(IFCLINEINDEX((1,2,3,4,5,6,1))),$);
#2932=IFCCARTESIANPOINTLIST2D(((0.,0.),(0.,0.040000000000000008),(0.11999999999999998,0.040000000000000008),(0.11999999999999998,0.020000000000000004),(0.020000000000000004,0.020000000000000004),(0.020000000000000004,0.)));
#2933=IFCAXIS2PLACEMENT3D(#2934,#2935,#2936);
#2934=IFCCARTESIANPOINT((0.075000000372529033,0.060000000521540642,1.015000000372529));
#2935=IFCDIRECTION((0.,0.,1.));
#2936=IFCDIRECTION((1.,0.,0.));
#2937=IFCDIRECTION((0.,0.,1.));
#2978=IFCCARTESIANPOINTLIST3D(((0.,0.,0.),(0.89999997615814209,0.,0.),(0.89999997615814209,0.,2.),(0.,0.,2.)));
#2979=IFCINDEXEDPOLYCURVE(#2978,(IFCLINEINDEX((1,2,3,4,1))),$);
#2980=IFCSHAPEREPRESENTATION(#18,'Profile','Curve3D',(#2979));
#2981=IFCCARTESIANPOINTLIST2D(((0.,0.),(0.,2.),(0.89999997615814209,2.),(0.89999997615814209,0.),(0.87499997578561306,0.),(0.87499997578561306,1.974999999627471),(0.02500000037252903,1.974999999627471),(0.02500000037252903,0.)));
#2982=IFCINDEXEDPOLYCURVE(#2981,(IFCLINEINDEX((1,2,3,4,5,6,7,8,1))),$);
#2983=IFCARBITRARYCLOSEDPROFILEDEF(.AREA.,$,#2982);
#2984=IFCCARTESIANPOINT((0.,0.02500000037252903,0.));
#2985=IFCDIRECTION((0.,-1.,0.));
#2986=IFCDIRECTION((1.,0.,0.));
#2987=IFCAXIS2PLACEMENT3D(#2984,#2985,#2986);
#2988=IFCDIRECTION((0.,0.,-1.));
#2989=IFCEXTRUDEDAREASOLID(#2983,#2987,#2988,0.02500000037252903);
#2990=IFCCARTESIANPOINTLIST2D(((0.,0.),(0.,2.),(0.89999997615814209,2.),(0.89999997615814209,0.),(0.84999997541308403,0.),(0.84999997541308403,1.9499999992549419),(0.05000000074505806,1.9499999992549419),(0.05000000074505806,0.)));
#2991=IFCINDEXEDPOLYCURVE(#2990,(IFCLINEINDEX((1,2,3,4,5,6,7,8,1))),$);
#2992=IFCARBITRARYCLOSEDPROFILEDEF(.AREA.,$,#2991);
#2993=IFCCARTESIANPOINT((0.,0.,0.));
#2994=IFCDIRECTION((0.,-1.,0.));
#2995=IFCDIRECTION((1.,0.,0.));
#2996=IFCAXIS2PLACEMENT3D(#2993,#2994,#2995);
#2997=IFCDIRECTION((0.,0.,-1.));
#2998=IFCEXTRUDEDAREASOLID(#2992,#2996,#2997,0.02500000037252903);
#2999=IFCCARTESIANPOINTLIST2D(((0.,0.),(0.79999997466802597,0.),(0.79999997466802597,0.10000000149011612),(0.,0.10000000149011612)));
#3000=IFCINDEXEDPOLYCURVE(#2999,(IFCLINEINDEX((1,2,3,4,1))),$);
#3001=IFCARBITRARYCLOSEDPROFILEDEF(.AREA.,$,#3000);
#3002=IFCCARTESIANPOINT((0.05000000074505806,0.,0.));
#3003=IFCDIRECTION((0.,0.,1.));
#3004=IFCDIRECTION((1.,0.,0.));
#3005=IFCAXIS2PLACEMENT3D(#3002,#3003,#3004);
#3006=IFCDIRECTION((0.,0.,1.));
#3007=IFCEXTRUDEDAREASOLID(#3001,#3005,#3006,0.02500000037252903);
#3008=IFCCARTESIANPOINTLIST2D(((0.,0.),(0.,2.0250000022351742),(0.94999998062849045,2.0250000022351742),(0.94999998062849045,0.),(0.87499997764825821,0.),(0.87499997764825821,1.9499999992549419),(0.075000002980232239,1.9499999992549419),(0.075000002980232239,0.)));
#3009=IFCINDEXEDPOLYCURVE(#3008,(IFCLINEINDEX((1,2,3,4,5,6,7,8,1))),$);
#3010=IFCARBITRARYCLOSEDPROFILEDEF(.AREA.,$,#3009);
#3011=IFCCARTESIANPOINT((-0.025000002235174179,-0.004999999888241291,0.));
#3012=IFCDIRECTION((0.,-1.,0.));
#3013=IFCDIRECTION((1.,0.,0.));
#3014=IFCAXIS2PLACEMENT3D(#3011,#3012,#3013);
#3015=IFCDIRECTION((0.,0.,-1.));
#3016=IFCEXTRUDEDAREASOLID(#3010,#3014,#3015,0.004999999888241291);
#3017=IFCCARTESIANPOINTLIST2D(((0.,0.),(0.,2.0250000022351742),(0.94999998062849045,2.0250000022351742),(0.94999998062849045,0.),(0.89999997802078724,0.),(0.89999997802078724,1.974999999627471),(0.050000002607703209,1.974999999627471),(0.050000002607703209,0.)));
#3018=IFCINDEXEDPOLYCURVE(#3017,(IFCLINEINDEX((1,2,3,4,5,6,7,8,1))),$);
#3019=IFCARBITRARYCLOSEDPROFILEDEF(.AREA.,$,#3018);
#3020=IFCCARTESIANPOINT((-0.025000002235174179,0.05000000074505806,0.));
#3021=IFCDIRECTION((0.,-1.,0.));
#3022=IFCDIRECTION((1.,0.,0.));
#3023=IFCAXIS2PLACEMENT3D(#3020,#3021,#3022);
#3024=IFCDIRECTION((0.,0.,-1.));
#3025=IFCEXTRUDEDAREASOLID(#3019,#3023,#3024,0.004999999888241291);
#3026=IFCCARTESIANPOINTLIST2D(((0.,0.),(0.84999997541308403,0.),(0.84999997541308403,0.035000000149011612),(0.,0.035000000149011612)));
#3027=IFCINDEXEDPOLYCURVE(#3026,(IFCLINEINDEX((1,2,3,4,1))),$);
#3028=IFCARBITRARYCLOSEDPROFILEDEF(.AREA.,$,#3027);
#3029=IFCCARTESIANPOINT((0.02500000037252903,0.02500000037252903,0.02500000037252903));
#3030=IFCDIRECTION((0.,0.,1.));
#3031=IFCDIRECTION((1.,0.,0.));
#3032=IFCAXIS2PLACEMENT3D(#3029,#3030,#3031);
#3033=IFCDIRECTION((0.,0.,1.));
#3034=IFCEXTRUDEDAREASOLID(#3028,#3032,#3033,1.9499999992549419);
#3035=IFCCARTESIANPOINTLIST2D(((0.,0.),(0.,-0.040000000000000001),(-0.11999999999999988,-0.040000000000000001),(-0.11999999999999988,-0.02),(-0.020000000000000018,-0.02),(-0.020000000000000018,0.)));
#3036=IFCINDEXEDPOLYCURVE(#3035,(IFCLINEINDEX((1,2,3,4,5,6,1))),$);
#3037=IFCARBITRARYCLOSEDPROFILEDEF(.AREA.,$,#3036);
#3038=IFCCARTESIANPOINT((0.82499997578561302,0.02500000037252903,1.015000000372529));
#3039=IFCDIRECTION((0.,0.,1.));
#3040=IFCDIRECTION((1.,0.,0.));
#3041=IFCAXIS2PLACEMENT3D(#3038,#3039,#3040);
#3042=IFCDIRECTION((0.,0.,1.));
#3043=IFCEXTRUDEDAREASOLID(#3037,#3041,#3042,0.02);
#3044=IFCEXTRUDEDAREASOLID(#3045,#3048,#3052,0.02);
#3045=IFCARBITRARYCLOSEDPROFILEDEF(.AREA.,$,#3046);
#3046=IFCINDEXEDPOLYCURVE(#3047,(IFCLINEINDEX((1,2,3,4,5,6,1))),$);
#3047=IFCCARTESIANPOINTLIST2D(((0.,0.),(0.,0.040000000000000008),(-0.11999999999999988,0.040000000000000008),(-0.11999999999999988,0.020000000000000004),(-0.020000000000000018,0.020000000000000004),(-0.020000000000000018,0.)));
#3048=IFCAXIS2PLACEMENT3D(#3049,#3050,#3051);
#3049=IFCCARTESIANPOINT((0.82499997578561302,0.060000000521540642,1.015000000372529));
#3050=IFCDIRECTION((0.,0.,1.));
#3051=IFCDIRECTION((1.,0.,0.));
#3052=IFCDIRECTION((0.,0.,1.));
#3053=IFCSHAPEREPRESENTATION(#11,'Body','SweptSolid',(#2989,#2998,#3034,#3043,#3044,#3007,#3016,#3025));
#3054=IFCCARTESIANPOINTLIST2D(((0.,0.),(0.,0.05000000074505806),(0.02500000037252903,0.05000000074505806),(0.02500000037252903,0.02500000037252903),(0.05000000074505806,0.02500000037252903),(0.05000000074505806,0.)));
#3055=IFCINDEXEDPOLYCURVE(#3054,(IFCLINEINDEX((1,2,3,4,5,6,1))),$);
#3056=IFCINDEXEDPOLYCURVE(#3057,(IFCLINEINDEX((1,2,3,4,5,6,1))),$);
#3057=IFCCARTESIANPOINTLIST2D(((0.89999997615814209,0.),(0.89999997615814209,0.05000000074505806),(0.87499997578561306,0.05000000074505806),(0.87499997578561306,0.02500000037252903),(0.84999997541308403,0.02500000037252903),(0.84999997541308403,0.)));
#3058=IFCDIRECTION((1.,0.));
#3059=IFCCARTESIANPOINT((0.060000000521540642,0.05000000074505806));
#3060=IFCAXIS2PLACEMENT2D(#3059,#3058);
#3061=IFCELLIPSE(#3060,0.81499997526407242,0.84999997541308403);
#3062=IFCCARTESIANPOINT((0.87499997578561306,0.05000000074505806));
#3063=IFCCARTESIANPOINT((0.060000000521540642,0.89999997615814209));
#3064=IFCTRIMMEDCURVE(#3061,(#3062),(#3063),.T.,.CARTESIAN.);
#3065=IFCCARTESIANPOINTLIST2D(((0.02500000037252903,0.05000000074505806),(0.060000000521540642,0.05000000074505806),(0.060000000521540642,0.89999997615814209),(0.02500000037252903,0.89999997615814209)));
#3066=IFCINDEXEDPOLYCURVE(#3065,(IFCLINEINDEX((1,2,3,4,1))),$);
#3067=IFCSHAPEREPRESENTATION(#24,'Body','Curve2D',(#3055,#3056,#3064,#3066));
#3068=IFCCARTESIANPOINTLIST2D(((0.,0.),(0.89999997615814209,0.),(0.89999997615814209,2.),(0.,2.)));
#3069=IFCINDEXEDPOLYCURVE(#3068,(IFCLINEINDEX((1,2,3,4,1))),$);
#3070=IFCARBITRARYCLOSEDPROFILEDEF(.AREA.,$,#3069);
#3071=IFCCARTESIANPOINT((0.,-0.60000002384185791,0.));
#3072=IFCDIRECTION((0.,-1.,0.));
#3073=IFCDIRECTION((1.,0.,0.));
#3074=IFCAXIS2PLACEMENT3D(#3071,#3072,#3073);
#3075=IFCDIRECTION((0.,0.,-1.));
#3076=IFCEXTRUDEDAREASOLID(#3070,#3074,#3075,1.2);
#3077=IFCSHAPEREPRESENTATION(#11,'Body','SweptSolid',(#3076));
#3088=IFCCARTESIANPOINT((0.,0.,0.));
#3089=IFCDIRECTION((0.,0.,1.));
#3090=IFCDIRECTION((1.,0.,0.));
#3091=IFCAXIS2PLACEMENT3D(#3088,#3089,#3090);
#3092=IFCLOCALPLACEMENT(#18378,#3091);
#3093=IFCCARTESIANPOINTLIST3D(((0.,0.,0.),(0.89999997615814209,0.,0.),(0.89999997615814209,0.,2.),(0.,0.,2.)));
#3094=IFCINDEXEDPOLYCURVE(#3093,(IFCLINEINDEX((1,2,3,4,1))),$);
#3095=IFCSHAPEREPRESENTATION(#18,'Profile','Curve3D',(#3094));
#3096=IFCCARTESIANPOINTLIST2D(((0.,0.),(0.,2.),(0.89999997615814209,2.),(0.89999997615814209,0.),(0.87499997578561306,0.),(0.87499997578561306,1.974999999627471),(0.02500000037252903,1.974999999627471),(0.02500000037252903,0.)));
#3097=IFCINDEXEDPOLYCURVE(#3096,(IFCLINEINDEX((1,2,3,4,5,6,7,8,1))),$);
#3098=IFCARBITRARYCLOSEDPROFILEDEF(.AREA.,$,#3097);
#3099=IFCCARTESIANPOINT((0.,0.02500000037252903,0.));
#3100=IFCDIRECTION((0.,-1.,0.));
#3101=IFCDIRECTION((1.,0.,0.));
#3102=IFCAXIS2PLACEMENT3D(#3099,#3100,#3101);
#3103=IFCDIRECTION((0.,0.,-1.));
#3104=IFCEXTRUDEDAREASOLID(#3098,#3102,#3103,0.02500000037252903);
#3105=IFCCARTESIANPOINTLIST2D(((0.,0.),(0.,2.),(0.89999997615814209,2.),(0.89999997615814209,0.),(0.84999997541308403,0.),(0.84999997541308403,1.9499999992549419),(0.05000000074505806,1.9499999992549419),(0.05000000074505806,0.)));
#3106=IFCINDEXEDPOLYCURVE(#3105,(IFCLINEINDEX((1,2,3,4,5,6,7,8,1))),$);
#3107=IFCARBITRARYCLOSEDPROFILEDEF(.AREA.,$,#3106);
#3108=IFCCARTESIANPOINT((0.,0.,0.));
#3109=IFCDIRECTION((0.,-1.,0.));
#3110=IFCDIRECTION((1.,0.,0.));
#3111=IFCAXIS2PLACEMENT3D(#3108,#3109,#3110);
#3112=IFCDIRECTION((0.,0.,-1.));
#3113=IFCEXTRUDEDAREASOLID(#3107,#3111,#3112,0.02500000037252903);
#3114=IFCCARTESIANPOINTLIST2D(((0.,0.),(0.79999997466802597,0.),(0.79999997466802597,0.10000000149011612),(0.,0.10000000149011612)));
#3115=IFCINDEXEDPOLYCURVE(#3114,(IFCLINEINDEX((1,2,3,4,1))),$);
#3116=IFCARBITRARYCLOSEDPROFILEDEF(.AREA.,$,#3115);
#3117=IFCCARTESIANPOINT((0.05000000074505806,0.,0.));
#3118=IFCDIRECTION((0.,0.,1.));
#3119=IFCDIRECTION((1.,0.,0.));
#3120=IFCAXIS2PLACEMENT3D(#3117,#3118,#3119);
#3121=IFCDIRECTION((0.,0.,1.));
#3122=IFCEXTRUDEDAREASOLID(#3116,#3120,#3121,0.02500000037252903);
#3123=IFCCARTESIANPOINTLIST2D(((0.,0.),(0.,2.0250000022351742),(0.94999998062849045,2.0250000022351742),(0.94999998062849045,0.),(0.87499997764825821,0.),(0.87499997764825821,1.9499999992549419),(0.075000002980232239,1.9499999992549419),(0.075000002980232239,0.)));
#3124=IFCINDEXEDPOLYCURVE(#3123,(IFCLINEINDEX((1,2,3,4,5,6,7,8,1))),$);
#3125=IFCARBITRARYCLOSEDPROFILEDEF(.AREA.,$,#3124);
#3126=IFCCARTESIANPOINT((-0.025000002235174179,-0.004999999888241291,0.));
#3127=IFCDIRECTION((0.,-1.,0.));
#3128=IFCDIRECTION((1.,0.,0.));
#3129=IFCAXIS2PLACEMENT3D(#3126,#3127,#3128);
#3130=IFCDIRECTION((0.,0.,-1.));
#3131=IFCEXTRUDEDAREASOLID(#3125,#3129,#3130,0.004999999888241291);
#3132=IFCCARTESIANPOINTLIST2D(((0.,0.),(0.,2.0250000022351742),(0.94999998062849045,2.0250000022351742),(0.94999998062849045,0.),(0.89999997802078724,0.),(0.89999997802078724,1.974999999627471),(0.050000002607703209,1.974999999627471),(0.050000002607703209,0.)));
#3133=IFCINDEXEDPOLYCURVE(#3132,(IFCLINEINDEX((1,2,3,4,5,6,7,8,1))),$);
#3134=IFCARBITRARYCLOSEDPROFILEDEF(.AREA.,$,#3133);
#3135=IFCCARTESIANPOINT((-0.025000002235174179,0.05000000074505806,0.));
#3136=IFCDIRECTION((0.,-1.,0.));
#3137=IFCDIRECTION((1.,0.,0.));
#3138=IFCAXIS2PLACEMENT3D(#3135,#3136,#3137);
#3139=IFCDIRECTION((0.,0.,-1.));
#3140=IFCEXTRUDEDAREASOLID(#3134,#3138,#3139,0.004999999888241291);
#3141=IFCCARTESIANPOINTLIST2D(((0.,0.),(0.84999997541308403,0.),(0.84999997541308403,0.035000000149011612),(0.,0.035000000149011612)));
#3142=IFCINDEXEDPOLYCURVE(#3141,(IFCLINEINDEX((1,2,3,4,1))),$);
#3143=IFCARBITRARYCLOSEDPROFILEDEF(.AREA.,$,#3142);
#3144=IFCCARTESIANPOINT((0.02500000037252903,0.02500000037252903,0.02500000037252903));
#3145=IFCDIRECTION((0.,0.,1.));
#3146=IFCDIRECTION((1.,0.,0.));
#3147=IFCAXIS2PLACEMENT3D(#3144,#3145,#3146);
#3148=IFCDIRECTION((0.,0.,1.));
#3149=IFCEXTRUDEDAREASOLID(#3143,#3147,#3148,1.9499999992549419);
#3150=IFCCARTESIANPOINTLIST2D(((0.,0.),(0.,-0.040000000000000001),(0.12,-0.040000000000000001),(0.12,-0.02),(0.02,-0.02),(0.02,0.)));
#3151=IFCINDEXEDPOLYCURVE(#3150,(IFCLINEINDEX((1,2,3,4,5,6,1))),$);
#3152=IFCARBITRARYCLOSEDPROFILEDEF(.AREA.,$,#3151);
#3153=IFCCARTESIANPOINT((0.075000000372529033,0.02500000037252903,1.015000000372529));
#3154=IFCDIRECTION((0.,0.,1.));
#3155=IFCDIRECTION((1.,0.,0.));
#3156=IFCAXIS2PLACEMENT3D(#3153,#3154,#3155);
#3157=IFCDIRECTION((0.,0.,1.));
#3158=IFCEXTRUDEDAREASOLID(#3152,#3156,#3157,0.02);
#3159=IFCEXTRUDEDAREASOLID(#3160,#3163,#3167,0.02);
#3160=IFCARBITRARYCLOSEDPROFILEDEF(.AREA.,$,#3161);
#3161=IFCINDEXEDPOLYCURVE(#3162,(IFCLINEINDEX((1,2,3,4,5,6,1))),$);
#3162=IFCCARTESIANPOINTLIST2D(((0.,0.),(0.,0.040000000000000008),(0.11999999999999998,0.040000000000000008),(0.11999999999999998,0.020000000000000004),(0.020000000000000004,0.020000000000000004),(0.020000000000000004,0.)));
#3163=IFCAXIS2PLACEMENT3D(#3164,#3165,#3166);
#3164=IFCCARTESIANPOINT((0.075000000372529033,0.060000000521540642,1.015000000372529));
#3165=IFCDIRECTION((0.,0.,1.));
#3166=IFCDIRECTION((1.,0.,0.));
#3167=IFCDIRECTION((0.,0.,1.));
#3168=IFCSHAPEREPRESENTATION(#11,'Body','SweptSolid',(#3104,#3113,#3149,#3158,#3159,#3122,#3131,#3140));
#3169=IFCCARTESIANPOINTLIST2D(((0.,0.),(0.,0.05000000074505806),(0.02500000037252903,0.05000000074505806),(0.02500000037252903,0.02500000037252903),(0.05000000074505806,0.02500000037252903),(0.05000000074505806,0.)));
#3170=IFCINDEXEDPOLYCURVE(#3169,(IFCLINEINDEX((1,2,3,4,5,6,1))),$);
#3171=IFCINDEXEDPOLYCURVE(#3172,(IFCLINEINDEX((1,2,3,4,5,6,1))),$);
#3172=IFCCARTESIANPOINTLIST2D(((0.89999997615814209,0.),(0.89999997615814209,0.05000000074505806),(0.87499997578561306,0.05000000074505806),(0.87499997578561306,0.02500000037252903),(0.84999997541308403,0.02500000037252903),(0.84999997541308403,0.)));
#3173=IFCDIRECTION((1.,0.));
#3174=IFCCARTESIANPOINT((0.83999997563660145,0.05000000074505806));
#3175=IFCAXIS2PLACEMENT2D(#3174,#3173);
#3176=IFCELLIPSE(#3175,0.81499997526407242,0.84999997541308403);
#3177=IFCCARTESIANPOINT((0.83999997563660145,0.89999997615814209));
#3178=IFCCARTESIANPOINT((0.02500000037252903,0.05000000074505806));
#3179=IFCTRIMMEDCURVE(#3176,(#3177),(#3178),.T.,.CARTESIAN.);
#3180=IFCCARTESIANPOINTLIST2D(((0.87499997578561306,0.05000000074505806),(0.83999997563660145,0.05000000074505806),(0.83999997563660145,0.89999997615814209),(0.87499997578561306,0.89999997615814209)));
#3181=IFCINDEXEDPOLYCURVE(#3180,(IFCLINEINDEX((1,2,3,4,1))),$);
#3182=IFCSHAPEREPRESENTATION(#24,'Body','Curve2D',(#3170,#3171,#3179,#3181));
#3183=IFCCARTESIANPOINTLIST2D(((0.,0.),(0.89999997615814209,0.),(0.89999997615814209,2.),(0.,2.)));
#3184=IFCINDEXEDPOLYCURVE(#3183,(IFCLINEINDEX((1,2,3,4,1))),$);
#3185=IFCARBITRARYCLOSEDPROFILEDEF(.AREA.,$,#3184);
#3186=IFCCARTESIANPOINT((0.,-0.60000002384185791,0.));
#3187=IFCDIRECTION((0.,-1.,0.));
#3188=IFCDIRECTION((1.,0.,0.));
#3189=IFCAXIS2PLACEMENT3D(#3186,#3187,#3188);
#3190=IFCDIRECTION((0.,0.,-1.));
#3191=IFCEXTRUDEDAREASOLID(#3185,#3189,#3190,1.2);
#3192=IFCSHAPEREPRESENTATION(#11,'Body','SweptSolid',(#3191));
#3198=IFCCARTESIANPOINT((1.5512112516761216,0.014999804784855297,0.));
#3199=IFCDIRECTION((0.,0.,1.));
#3200=IFCDIRECTION((0.99999999999997147,-2.384185719961227E-07,0.));
#3201=IFCAXIS2PLACEMENT3D(#3198,#3199,#3200);
#3202=IFCLOCALPLACEMENT(#662,#3201);
#3203=IFCCARTESIANPOINT((-2.2204460492503131E-16,5.5511151231257827E-17,0.));
#3204=IFCDIRECTION((0.,0.,1.));
#3205=IFCDIRECTION((1.,5.2939559203393771E-23,0.));
#3206=IFCAXIS2PLACEMENT3D(#3203,#3204,#3205);
#3207=IFCLOCALPLACEMENT(#3202,#3206);
#3765=IFCDOORTYPE('0PJbLHs_r7sgkiGah0mKVs',$,'Maid''s-GF',$,$,(#3766),(#3768,#3776,#3854),$,$,.DOOR.,.SINGLE_SWING_LEFT.,$,$);
#3766=IFCPROPERTYSET('2HmGI6XDb72OuHRCt7ONgs',$,'BBIM_Door',$,(#3767));
#3767=IFCPROPERTYSINGLEVALUE('Data',$,IFCTEXT('{"door_type": "SINGLE_SWING_LEFT", "overall_height": 2.0, "overall_width": 1.3422476053237915, "lining_properties": {"lining_depth": 0.05000000074505806, "lining_thickness": 0.05000000074505806, "lining_offset": 0.0, "lining_to_panel_offset_x": 0.02500000037252903, "lining_to_panel_offset_y": 0.02500000037252903, "transom_thickness": 0.0, "casing_thickness": 0.07500000298023224, "casing_depth": 0.004999999888241291, "threshold_thickness": 0.02500000037252903, "threshold_depth": 0.10000000149011612, "threshold_offset": 0.0}, "panel_properties": {"panel_depth": 0.03500000014901161, "panel_width_ratio": 1.0}}'),$);
#3768=IFCREPRESENTATIONMAP(#3769,#24497);
#3769=IFCAXIS2PLACEMENT3D(#3770,#3771,#3772);
#3770=IFCCARTESIANPOINT((0.,0.,0.));
#3771=IFCDIRECTION((0.,0.,1.));
#3772=IFCDIRECTION((1.,0.,0.));
#3776=IFCREPRESENTATIONMAP(#3777,#24570);
#3777=IFCAXIS2PLACEMENT3D(#3778,#3779,#3780);
#3778=IFCCARTESIANPOINT((0.,0.,0.));
#3779=IFCDIRECTION((0.,0.,1.));
#3780=IFCDIRECTION((1.,0.,0.));
#3854=IFCREPRESENTATIONMAP(#3855,#24584);
#3855=IFCAXIS2PLACEMENT3D(#3856,#3857,#3858);
#3856=IFCCARTESIANPOINT((0.,0.,0.));
#3857=IFCDIRECTION((0.,0.,1.));
#3858=IFCDIRECTION((1.,0.,0.));
#3873=IFCDOOR('1zd7KeHG98dPhnYQ635aAq',$,'Door',$,$,#24610,#3882,$,2.,1.3422476053237915,$,.SINGLE_SWING_LEFT.,$);
#3874=IFCRELDEFINESBYTYPE('2eBWrP53TEwBtibRyQtmH5',$,$,$,(#3873),#3765);
#3875=IFCCARTESIANPOINT((0.,0.,0.));
#3876=IFCDIRECTION((1.,0.,0.));
#3877=IFCDIRECTION((0.,1.,0.));
#3878=IFCDIRECTION((0.,0.,1.));
#3879=IFCCARTESIANTRANSFORMATIONOPERATOR3D(#3876,#3877,#3875,1.,#3878);
#3880=IFCMAPPEDITEM(#3768,#3879);
#3881=IFCSHAPEREPRESENTATION(#18,'Profile','MappedRepresentation',(#3880));
#3882=IFCPRODUCTDEFINITIONSHAPE($,$,(#3881,#3889,#3896));
#3883=IFCCARTESIANPOINT((0.,0.,0.));
#3884=IFCDIRECTION((1.,0.,0.));
#3885=IFCDIRECTION((0.,1.,0.));
#3886=IFCDIRECTION((0.,0.,1.));
#3887=IFCCARTESIANTRANSFORMATIONOPERATOR3D(#3884,#3885,#3883,1.,#3886);
#3888=IFCMAPPEDITEM(#3776,#3887);
#3889=IFCSHAPEREPRESENTATION(#11,'Body','MappedRepresentation',(#3888));
#3890=IFCCARTESIANPOINT((0.,0.,0.));
#3891=IFCDIRECTION((1.,0.,0.));
#3892=IFCDIRECTION((0.,1.,0.));
#3893=IFCDIRECTION((0.,0.,1.));
#3894=IFCCARTESIANTRANSFORMATIONOPERATOR3D(#3891,#3892,#3890,1.,#3893);
#3895=IFCMAPPEDITEM(#3854,#3894);
#3896=IFCSHAPEREPRESENTATION(#24,'Body','MappedRepresentation',(#3895));
#3897=IFCOPENINGELEMENT('0AaKuxvt94IvUR3434Tzl1',$,'Opening',$,$,#24605,#3925,$,.OPENING.);
#3913=IFCCARTESIANPOINT((0.,0.,0.));
#3914=IFCDIRECTION((1.,0.,0.));
#3915=IFCDIRECTION((0.,0.,1.));
#3916=IFCAXIS2PLACEMENT3D(#3913,#3915,#3914);
#3917=IFCREPRESENTATIONMAP(#3916,#24595);
#3918=IFCCARTESIANPOINT((0.,0.,0.));
#3919=IFCDIRECTION((1.,0.,0.));
#3920=IFCDIRECTION((0.,1.,0.));
#3921=IFCDIRECTION((0.,0.,1.));
#3922=IFCCARTESIANTRANSFORMATIONOPERATOR3D(#3919,#3920,#3918,1.,#3921);
#3923=IFCMAPPEDITEM(#3917,#3922);
#3924=IFCSHAPEREPRESENTATION(#11,'Body','MappedRepresentation',(#3923));
#3925=IFCPRODUCTDEFINITIONSHAPE($,$,(#3924));
#3926=IFCRELVOIDSELEMENT('2fQteo0TH9VBBUuNnSUFQL',$,$,$,#1015,#3897);
#3932=IFCRELFILLSELEMENT('3TJZDwWdT0BON3qaELyoZY',$,$,$,#3897,#3873);
#3947=IFCCARTESIANPOINTLIST2D(((0.,0.),(0.,2.),(1.3422476053237915,2.),(1.3422476053237915,0.),(1.2922476045787334,0.),(1.2922476045787334,1.9499999992549419),(0.05000000074505806,1.9499999992549419),(0.05000000074505806,0.)));
#3948=IFCINDEXEDPOLYCURVE(#3947,(IFCLINEINDEX((1,2,3,4,5,6,7,8,1))),$);
#3949=IFCARBITRARYCLOSEDPROFILEDEF(.AREA.,$,#3948);
#3950=IFCCARTESIANPOINT((0.,0.,0.));
#3951=IFCDIRECTION((0.,-1.,0.));
#3952=IFCDIRECTION((1.,0.,0.));
#3953=IFCAXIS2PLACEMENT3D(#3950,#3951,#3952);
#3954=IFCDIRECTION((0.,0.,-1.));
#3955=IFCEXTRUDEDAREASOLID(#3949,#3953,#3954,0.05000000074505806);
#3956=IFCCARTESIANPOINTLIST2D(((0.,0.),(1.2422476038336754,0.),(1.2422476038336754,0.10000000149011612),(0.,0.10000000149011612)));
#3957=IFCINDEXEDPOLYCURVE(#3956,(IFCLINEINDEX((1,2,3,4,1))),$);
#3958=IFCARBITRARYCLOSEDPROFILEDEF(.AREA.,$,#3957);
#3959=IFCCARTESIANPOINT((0.05000000074505806,0.,0.));
#3960=IFCDIRECTION((0.,0.,1.));
#3961=IFCDIRECTION((1.,0.,0.));
#3962=IFCAXIS2PLACEMENT3D(#3959,#3960,#3961);
#3963=IFCDIRECTION((0.,0.,1.));
#3964=IFCEXTRUDEDAREASOLID(#3958,#3962,#3963,0.02500000037252903);
#3965=IFCCARTESIANPOINTLIST2D(((0.,0.),(0.,2.0250000022351742),(1.3922476097941399,2.0250000022351742),(1.3922476097941399,0.),(1.3172476068139076,0.),(1.3172476068139076,1.9499999992549419),(0.075000002980232239,1.9499999992549419),(0.075000002980232239,0.)));
#3966=IFCINDEXEDPOLYCURVE(#3965,(IFCLINEINDEX((1,2,3,4,5,6,7,8,1))),$);
#3967=IFCARBITRARYCLOSEDPROFILEDEF(.AREA.,$,#3966);
#3968=IFCCARTESIANPOINT((-0.025000002235174179,-0.004999999888241291,0.));
#3969=IFCDIRECTION((0.,-1.,0.));
#3970=IFCDIRECTION((1.,0.,0.));
#3971=IFCAXIS2PLACEMENT3D(#3968,#3969,#3970);
#3972=IFCDIRECTION((0.,0.,-1.));
#3973=IFCEXTRUDEDAREASOLID(#3967,#3971,#3972,0.004999999888241291);
#3974=IFCCARTESIANPOINTLIST2D(((0.,0.),(0.,2.0250000022351742),(1.3922476097941399,2.0250000022351742),(1.3922476097941399,0.),(1.3172476068139076,0.),(1.3172476068139076,1.9499999992549419),(0.075000002980232239,1.9499999992549419),(0.075000002980232239,0.)));
#3975=IFCINDEXEDPOLYCURVE(#3974,(IFCLINEINDEX((1,2,3,4,5,6,7,8,1))),$);
#3976=IFCARBITRARYCLOSEDPROFILEDEF(.AREA.,$,#3975);
#3977=IFCCARTESIANPOINT((-0.025000002235174179,0.05000000074505806,0.));
#3978=IFCDIRECTION((0.,-1.,0.));
#3979=IFCDIRECTION((1.,0.,0.));
#3980=IFCAXIS2PLACEMENT3D(#3977,#3978,#3979);
#3981=IFCDIRECTION((0.,0.,-1.));
#3982=IFCEXTRUDEDAREASOLID(#3976,#3980,#3981,0.004999999888241291);
#3983=IFCCARTESIANPOINTLIST2D(((0.,0.),(1.2422476038336754,0.),(1.2422476038336754,0.035000000149011612),(0.,0.035000000149011612)));
#3984=IFCINDEXEDPOLYCURVE(#3983,(IFCLINEINDEX((1,2,3,4,1))),$);
#3985=IFCARBITRARYCLOSEDPROFILEDEF(.AREA.,$,#3984);
#3986=IFCCARTESIANPOINT((0.05000000074505806,-0.035000000149011612,0.02500000037252903));
#3987=IFCDIRECTION((0.,0.,1.));
#3988=IFCDIRECTION((1.,0.,0.));
#3989=IFCAXIS2PLACEMENT3D(#3986,#3987,#3988);
#3990=IFCDIRECTION((0.,0.,1.));
#3991=IFCEXTRUDEDAREASOLID(#3985,#3989,#3990,1.9249999988824129);
#3992=IFCCARTESIANPOINTLIST2D(((0.,0.),(0.,-0.040000000000000001),(0.12,-0.040000000000000001),(0.12,-0.02),(0.02,-0.02),(0.02,0.)));
#3993=IFCINDEXEDPOLYCURVE(#3992,(IFCLINEINDEX((1,2,3,4,5,6,1))),$);
#3994=IFCARBITRARYCLOSEDPROFILEDEF(.AREA.,$,#3993);
#3995=IFCCARTESIANPOINT((0.10000000074505806,-0.035000000149011612,1.015000000372529));
#3996=IFCDIRECTION((0.,0.,1.));
#3997=IFCDIRECTION((1.,0.,0.));
#3998=IFCAXIS2PLACEMENT3D(#3995,#3996,#3997);
#3999=IFCDIRECTION((0.,0.,1.));
#4000=IFCEXTRUDEDAREASOLID(#3994,#3998,#3999,0.02);
#4001=IFCEXTRUDEDAREASOLID(#4002,#4005,#4009,0.02);
#4002=IFCARBITRARYCLOSEDPROFILEDEF(.AREA.,$,#4003);
#4003=IFCINDEXEDPOLYCURVE(#4004,(IFCLINEINDEX((1,2,3,4,5,6,1))),$);
#4004=IFCCARTESIANPOINTLIST2D(((0.,0.),(0.,0.040000000000000008),(0.11999999999999998,0.040000000000000008),(0.11999999999999998,0.020000000000000004),(0.020000000000000004,0.020000000000000004),(0.020000000000000004,0.)));
#4005=IFCAXIS2PLACEMENT3D(#4006,#4007,#4008);
#4006=IFCCARTESIANPOINT((0.10000000074505806,0.,1.015000000372529));
#4007=IFCDIRECTION((0.,0.,1.));
#4008=IFCDIRECTION((1.,0.,0.));
#4009=IFCDIRECTION((0.,0.,1.));
#4011=IFCSHAPEREPRESENTATION(#11,'Body','SweptSolid',(#4155,#5209,#3982,#8571,#3973,#8562,#24542,#5132,#24533,#5123,#4597,#24524,#5114,#4137,#4588,#3964,#24515,#5105,#4128,#4579,#24506,#4570,#8589,#8580,#5236,#3955,#5227,#5218,#4146));
#4012=IFCSHAPEASPECT((#4011),'Lining',$,.T.,#3882);
#4013=IFCSHAPEREPRESENTATION(#11,'Body','SweptSolid',(#5141,#8608,#4606,#24551,#5254,#5255,#5245,#4173,#4174,#8607,#24560,#5150,#8598,#4164,#24561,#5151,#4000,#4001,#4615,#3991,#4616));
#4014=IFCSHAPEASPECT((#4013),'Framing',$,.T.,#3882);
#4120=IFCCARTESIANPOINTLIST2D(((0.,0.),(0.,2.),(1.3422476053237915,2.),(1.3422476053237915,0.),(1.2922476045787334,0.),(1.2922476045787334,1.9499999992549419),(0.05000000074505806,1.9499999992549419),(0.05000000074505806,0.)));
#4121=IFCINDEXEDPOLYCURVE(#4120,(IFCLINEINDEX((1,2,3,4,5,6,7,8,1))),$);
#4122=IFCARBITRARYCLOSEDPROFILEDEF(.AREA.,$,#4121);
#4123=IFCCARTESIANPOINT((0.,0.,0.));
#4124=IFCDIRECTION((0.,-1.,0.));
#4125=IFCDIRECTION((1.,0.,0.));
#4126=IFCAXIS2PLACEMENT3D(#4123,#4124,#4125);
#4127=IFCDIRECTION((0.,0.,-1.));
#4128=IFCEXTRUDEDAREASOLID(#4122,#4126,#4127,0.05000000074505806);
#4129=IFCCARTESIANPOINTLIST2D(((0.,0.),(1.2422476038336754,0.),(1.2422476038336754,0.10000000149011612),(0.,0.10000000149011612)));
#4130=IFCINDEXEDPOLYCURVE(#4129,(IFCLINEINDEX((1,2,3,4,1))),$);
#4131=IFCARBITRARYCLOSEDPROFILEDEF(.AREA.,$,#4130);
#4132=IFCCARTESIANPOINT((0.05000000074505806,0.,0.));
#4133=IFCDIRECTION((0.,0.,1.));
#4134=IFCDIRECTION((1.,0.,0.));
#4135=IFCAXIS2PLACEMENT3D(#4132,#4133,#4134);
#4136=IFCDIRECTION((0.,0.,1.));
#4137=IFCEXTRUDEDAREASOLID(#4131,#4135,#4136,0.02500000037252903);
#4138=IFCCARTESIANPOINTLIST2D(((0.,0.),(0.,2.0250000022351742),(1.3922476097941399,2.0250000022351742),(1.3922476097941399,0.),(1.3172476068139076,0.),(1.3172476068139076,1.9499999992549419),(0.075000002980232239,1.9499999992549419),(0.075000002980232239,0.)));
#4139=IFCINDEXEDPOLYCURVE(#4138,(IFCLINEINDEX((1,2,3,4,5,6,7,8,1))),$);
#4140=IFCARBITRARYCLOSEDPROFILEDEF(.AREA.,$,#4139);
#4141=IFCCARTESIANPOINT((-0.025000002235174179,-0.004999999888241291,0.));
#4142=IFCDIRECTION((0.,-1.,0.));
#4143=IFCDIRECTION((1.,0.,0.));
#4144=IFCAXIS2PLACEMENT3D(#4141,#4142,#4143);
#4145=IFCDIRECTION((0.,0.,-1.));
#4146=IFCEXTRUDEDAREASOLID(#4140,#4144,#4145,0.004999999888241291);
#4147=IFCCARTESIANPOINTLIST2D(((0.,0.),(0.,2.0250000022351742),(1.3922476097941399,2.0250000022351742),(1.3922476097941399,0.),(1.3172476068139076,0.),(1.3172476068139076,1.9499999992549419),(0.075000002980232239,1.9499999992549419),(0.075000002980232239,0.)));
#4148=IFCINDEXEDPOLYCURVE(#4147,(IFCLINEINDEX((1,2,3,4,5,6,7,8,1))),$);
#4149=IFCARBITRARYCLOSEDPROFILEDEF(.AREA.,$,#4148);
#4150=IFCCARTESIANPOINT((-0.025000002235174179,0.05000000074505806,0.));
#4151=IFCDIRECTION((0.,-1.,0.));
#4152=IFCDIRECTION((1.,0.,0.));
#4153=IFCAXIS2PLACEMENT3D(#4150,#4151,#4152);
#4154=IFCDIRECTION((0.,0.,-1.));
#4155=IFCEXTRUDEDAREASOLID(#4149,#4153,#4154,0.004999999888241291);
#4156=IFCCARTESIANPOINTLIST2D(((0.,0.),(1.2422476038336754,0.),(1.2422476038336754,0.035000000149011612),(0.,0.035000000149011612)));
#4157=IFCINDEXEDPOLYCURVE(#4156,(IFCLINEINDEX((1,2,3,4,1))),$);
#4158=IFCARBITRARYCLOSEDPROFILEDEF(.AREA.,$,#4157);
#4159=IFCCARTESIANPOINT((0.05000000074505806,-0.035000000149011612,0.02500000037252903));
#4160=IFCDIRECTION((0.,0.,1.));
#4161=IFCDIRECTION((1.,0.,0.));
#4162=IFCAXIS2PLACEMENT3D(#4159,#4160,#4161);
#4163=IFCDIRECTION((0.,0.,1.));
#4164=IFCEXTRUDEDAREASOLID(#4158,#4162,#4163,1.9249999988824129);
#4165=IFCCARTESIANPOINTLIST2D(((0.,0.),(0.,-0.040000000000000001),(0.12,-0.040000000000000001),(0.12,-0.02),(0.02,-0.02),(0.02,0.)));
#4166=IFCINDEXEDPOLYCURVE(#4165,(IFCLINEINDEX((1,2,3,4,5,6,1))),$);
#4167=IFCARBITRARYCLOSEDPROFILEDEF(.AREA.,$,#4166);
#4168=IFCCARTESIANPOINT((0.10000000074505806,-0.035000000149011612,1.015000000372529));
#4169=IFCDIRECTION((0.,0.,1.));
#4170=IFCDIRECTION((1.,0.,0.));
#4171=IFCAXIS2PLACEMENT3D(#4168,#4169,#4170);
#4172=IFCDIRECTION((0.,0.,1.));
#4173=IFCEXTRUDEDAREASOLID(#4167,#4171,#4172,0.02);
#4174=IFCEXTRUDEDAREASOLID(#4175,#4178,#4182,0.02);
#4175=IFCARBITRARYCLOSEDPROFILEDEF(.AREA.,$,#4176);
#4176=IFCINDEXEDPOLYCURVE(#4177,(IFCLINEINDEX((1,2,3,4,5,6,1))),$);
#4177=IFCCARTESIANPOINTLIST2D(((0.,0.),(0.,0.040000000000000008),(0.11999999999999998,0.040000000000000008),(0.11999999999999998,0.020000000000000004),(0.020000000000000004,0.020000000000000004),(0.020000000000000004,0.)));
#4178=IFCAXIS2PLACEMENT3D(#4179,#4180,#4181);
#4179=IFCCARTESIANPOINT((0.10000000074505806,0.,1.015000000372529));
#4180=IFCDIRECTION((0.,0.,1.));
#4181=IFCDIRECTION((1.,0.,0.));
#4182=IFCDIRECTION((0.,0.,1.));
#4277=IFCDOORTYPE('1uzOel90f4oO6gwdnL4EkT',$,'Bathroom-GF',$,$,(#4278),(#4280,#4288,#4357),$,$,.DOOR.,.SINGLE_SWING_LEFT.,$,$);
#4278=IFCPROPERTYSET('2g4k8Dvyn2GwVZh1p0MCZk',$,'BBIM_Door',$,(#4279));
#4279=IFCPROPERTYSINGLEVALUE('Data',$,IFCTEXT('{"door_type": "DOUBLE_SWING_LEFT", "overall_height": 2.0, "overall_width": 0.7289807200431824, "lining_properties": {"lining_depth": 0.05000000074505806, "lining_thickness": 0.05000000074505806, "lining_offset": 0.0, "lining_to_panel_offset_x": 0.02500000037252903, "lining_to_panel_offset_y": 0.02500000037252903, "transom_thickness": 0.0, "casing_thickness": 0.07500000298023224, "casing_depth": 0.004999999888241291, "threshold_thickness": 0.02500000037252903, "threshold_depth": 0.10000000149011612, "threshold_offset": 0.0}, "panel_properties": {"panel_depth": 0.03500000014901161, "panel_width_ratio": 1.0}}'),$);
#4280=IFCREPRESENTATIONMAP(#4281,#19221);
#4281=IFCAXIS2PLACEMENT3D(#4282,#4283,#4284);
#4282=IFCCARTESIANPOINT((0.,0.,0.));
#4283=IFCDIRECTION((0.,0.,1.));
#4284=IFCDIRECTION((1.,0.,0.));
#4288=IFCREPRESENTATIONMAP(#4289,#19285);
#4289=IFCAXIS2PLACEMENT3D(#4290,#4291,#4292);
#4290=IFCCARTESIANPOINT((0.,0.,0.));
#4291=IFCDIRECTION((0.,0.,1.));
#4292=IFCDIRECTION((1.,0.,0.));
#4357=IFCREPRESENTATIONMAP(#4358,#19301);
#4358=IFCAXIS2PLACEMENT3D(#4359,#4360,#4361);
#4359=IFCCARTESIANPOINT((0.,0.,0.));
#4360=IFCDIRECTION((0.,0.,1.));
#4361=IFCDIRECTION((1.,0.,0.));
#4380=IFCRELDEFINESBYTYPE('1RHihdr0z7gwobieonD31n',$,$,$,(#18797),#4277);
#4562=IFCCARTESIANPOINTLIST2D(((0.,0.),(0.,2.),(1.3422476053237915,2.),(1.3422476053237915,0.),(1.2922476045787334,0.),(1.2922476045787334,1.9499999992549419),(0.05000000074505806,1.9499999992549419),(0.05000000074505806,0.)));
#4563=IFCINDEXEDPOLYCURVE(#4562,(IFCLINEINDEX((1,2,3,4,5,6,7,8,1))),$);
#4564=IFCARBITRARYCLOSEDPROFILEDEF(.AREA.,$,#4563);
#4565=IFCCARTESIANPOINT((0.,0.,0.));
#4566=IFCDIRECTION((0.,-1.,0.));
#4567=IFCDIRECTION((1.,0.,0.));
#4568=IFCAXIS2PLACEMENT3D(#4565,#4566,#4567);
#4569=IFCDIRECTION((0.,0.,-1.));
#4570=IFCEXTRUDEDAREASOLID(#4564,#4568,#4569,0.05000000074505806);
#4571=IFCCARTESIANPOINTLIST2D(((0.,0.),(1.2422476038336754,0.),(1.2422476038336754,0.10000000149011612),(0.,0.10000000149011612)));
#4572=IFCINDEXEDPOLYCURVE(#4571,(IFCLINEINDEX((1,2,3,4,1))),$);
#4573=IFCARBITRARYCLOSEDPROFILEDEF(.AREA.,$,#4572);
#4574=IFCCARTESIANPOINT((0.05000000074505806,0.,0.));
#4575=IFCDIRECTION((0.,0.,1.));
#4576=IFCDIRECTION((1.,0.,0.));
#4577=IFCAXIS2PLACEMENT3D(#4574,#4575,#4576);
#4578=IFCDIRECTION((0.,0.,1.));
#4579=IFCEXTRUDEDAREASOLID(#4573,#4577,#4578,0.02500000037252903);
#4580=IFCCARTESIANPOINTLIST2D(((0.,0.),(0.,2.0250000022351742),(1.3922476097941399,2.0250000022351742),(1.3922476097941399,0.),(1.3172476068139076,0.),(1.3172476068139076,1.9499999992549419),(0.075000002980232239,1.9499999992549419),(0.075000002980232239,0.)));
#4581=IFCINDEXEDPOLYCURVE(#4580,(IFCLINEINDEX((1,2,3,4,5,6,7,8,1))),$);
#4582=IFCARBITRARYCLOSEDPROFILEDEF(.AREA.,$,#4581);
#4583=IFCCARTESIANPOINT((-0.025000002235174179,-0.004999999888241291,0.));
#4584=IFCDIRECTION((0.,-1.,0.));
#4585=IFCDIRECTION((1.,0.,0.));
#4586=IFCAXIS2PLACEMENT3D(#4583,#4584,#4585);
#4587=IFCDIRECTION((0.,0.,-1.));
#4588=IFCEXTRUDEDAREASOLID(#4582,#4586,#4587,0.004999999888241291);
#4589=IFCCARTESIANPOINTLIST2D(((0.,0.),(0.,2.0250000022351742),(1.3922476097941399,2.0250000022351742),(1.3922476097941399,0.),(1.3172476068139076,0.),(1.3172476068139076,1.9499999992549419),(0.075000002980232239,1.9499999992549419),(0.075000002980232239,0.)));
#4590=IFCINDEXEDPOLYCURVE(#4589,(IFCLINEINDEX((1,2,3,4,5,6,7,8,1))),$);
#4591=IFCARBITRARYCLOSEDPROFILEDEF(.AREA.,$,#4590);
#4592=IFCCARTESIANPOINT((-0.025000002235174179,0.05000000074505806,0.));
#4593=IFCDIRECTION((0.,-1.,0.));
#4594=IFCDIRECTION((1.,0.,0.));
#4595=IFCAXIS2PLACEMENT3D(#4592,#4593,#4594);
#4596=IFCDIRECTION((0.,0.,-1.));
#4597=IFCEXTRUDEDAREASOLID(#4591,#4595,#4596,0.004999999888241291);
#4598=IFCCARTESIANPOINTLIST2D(((0.,0.),(1.2422476038336754,0.),(1.2422476038336754,0.035000000149011612),(0.,0.035000000149011612)));
#4599=IFCINDEXEDPOLYCURVE(#4598,(IFCLINEINDEX((1,2,3,4,1))),$);
#4600=IFCARBITRARYCLOSEDPROFILEDEF(.AREA.,$,#4599);
#4601=IFCCARTESIANPOINT((0.05000000074505806,-0.035000000149011612,0.02500000037252903));
#4602=IFCDIRECTION((0.,0.,1.));
#4603=IFCDIRECTION((1.,0.,0.));
#4604=IFCAXIS2PLACEMENT3D(#4601,#4602,#4603);
#4605=IFCDIRECTION((0.,0.,1.));
#4606=IFCEXTRUDEDAREASOLID(#4600,#4604,#4605,1.9249999988824129);
#4607=IFCCARTESIANPOINTLIST2D(((0.,0.),(0.,-0.040000000000000001),(0.12,-0.040000000000000001),(0.12,-0.02),(0.02,-0.02),(0.02,0.)));
#4608=IFCINDEXEDPOLYCURVE(#4607,(IFCLINEINDEX((1,2,3,4,5,6,1))),$);
#4609=IFCARBITRARYCLOSEDPROFILEDEF(.AREA.,$,#4608);
#4610=IFCCARTESIANPOINT((0.10000000074505806,-0.035000000149011612,1.015000000372529));
#4611=IFCDIRECTION((0.,0.,1.));
#4612=IFCDIRECTION((1.,0.,0.));
#4613=IFCAXIS2PLACEMENT3D(#4610,#4611,#4612);
#4614=IFCDIRECTION((0.,0.,1.));
#4615=IFCEXTRUDEDAREASOLID(#4609,#4613,#4614,0.02);
#4616=IFCEXTRUDEDAREASOLID(#4617,#4620,#4624,0.02);
#4617=IFCARBITRARYCLOSEDPROFILEDEF(.AREA.,$,#4618);
#4618=IFCINDEXEDPOLYCURVE(#4619,(IFCLINEINDEX((1,2,3,4,5,6,1))),$);
#4619=IFCCARTESIANPOINTLIST2D(((0.,0.),(0.,0.040000000000000008),(0.11999999999999998,0.040000000000000008),(0.11999999999999998,0.020000000000000004),(0.020000000000000004,0.020000000000000004),(0.020000000000000004,0.)));
#4620=IFCAXIS2PLACEMENT3D(#4621,#4622,#4623);
#4621=IFCCARTESIANPOINT((0.10000000074505806,0.,1.015000000372529));
#4622=IFCDIRECTION((0.,0.,1.));
#4623=IFCDIRECTION((1.,0.,0.));
#4624=IFCDIRECTION((0.,0.,1.));
#5097=IFCCARTESIANPOINTLIST2D(((0.,0.),(0.,2.),(1.3422476053237915,2.),(1.3422476053237915,0.),(1.2922476045787334,0.),(1.2922476045787334,1.9499999992549419),(0.05000000074505806,1.9499999992549419),(0.05000000074505806,0.)));
#5098=IFCINDEXEDPOLYCURVE(#5097,(IFCLINEINDEX((1,2,3,4,5,6,7,8,1))),$);
#5099=IFCARBITRARYCLOSEDPROFILEDEF(.AREA.,$,#5098);
#5100=IFCCARTESIANPOINT((0.,0.,0.));
#5101=IFCDIRECTION((0.,-1.,0.));
#5102=IFCDIRECTION((1.,0.,0.));
#5103=IFCAXIS2PLACEMENT3D(#5100,#5101,#5102);
#5104=IFCDIRECTION((0.,0.,-1.));
#5105=IFCEXTRUDEDAREASOLID(#5099,#5103,#5104,0.05000000074505806);
#5106=IFCCARTESIANPOINTLIST2D(((0.,0.),(1.2422476038336754,0.),(1.2422476038336754,0.10000000149011612),(0.,0.10000000149011612)));
#5107=IFCINDEXEDPOLYCURVE(#5106,(IFCLINEINDEX((1,2,3,4,1))),$);
#5108=IFCARBITRARYCLOSEDPROFILEDEF(.AREA.,$,#5107);
#5109=IFCCARTESIANPOINT((0.05000000074505806,0.,0.));
#5110=IFCDIRECTION((0.,0.,1.));
#5111=IFCDIRECTION((1.,0.,0.));
#5112=IFCAXIS2PLACEMENT3D(#5109,#5110,#5111);
#5113=IFCDIRECTION((0.,0.,1.));
#5114=IFCEXTRUDEDAREASOLID(#5108,#5112,#5113,0.02500000037252903);
#5115=IFCCARTESIANPOINTLIST2D(((0.,0.),(0.,2.0250000022351742),(1.3922476097941399,2.0250000022351742),(1.3922476097941399,0.),(1.3172476068139076,0.),(1.3172476068139076,1.9499999992549419),(0.075000002980232239,1.9499999992549419),(0.075000002980232239,0.)));
#5116=IFCINDEXEDPOLYCURVE(#5115,(IFCLINEINDEX((1,2,3,4,5,6,7,8,1))),$);
#5117=IFCARBITRARYCLOSEDPROFILEDEF(.AREA.,$,#5116);
#5118=IFCCARTESIANPOINT((-0.025000002235174179,-0.004999999888241291,0.));
#5119=IFCDIRECTION((0.,-1.,0.));
#5120=IFCDIRECTION((1.,0.,0.));
#5121=IFCAXIS2PLACEMENT3D(#5118,#5119,#5120);
#5122=IFCDIRECTION((0.,0.,-1.));
#5123=IFCEXTRUDEDAREASOLID(#5117,#5121,#5122,0.004999999888241291);
#5124=IFCCARTESIANPOINTLIST2D(((0.,0.),(0.,2.0250000022351742),(1.3922476097941399,2.0250000022351742),(1.3922476097941399,0.),(1.3172476068139076,0.),(1.3172476068139076,1.9499999992549419),(0.075000002980232239,1.9499999992549419),(0.075000002980232239,0.)));
#5125=IFCINDEXEDPOLYCURVE(#5124,(IFCLINEINDEX((1,2,3,4,5,6,7,8,1))),$);
#5126=IFCARBITRARYCLOSEDPROFILEDEF(.AREA.,$,#5125);
#5127=IFCCARTESIANPOINT((-0.025000002235174179,0.05000000074505806,0.));
#5128=IFCDIRECTION((0.,-1.,0.));
#5129=IFCDIRECTION((1.,0.,0.));
#5130=IFCAXIS2PLACEMENT3D(#5127,#5128,#5129);
#5131=IFCDIRECTION((0.,0.,-1.));
#5132=IFCEXTRUDEDAREASOLID(#5126,#5130,#5131,0.004999999888241291);
#5133=IFCCARTESIANPOINTLIST2D(((0.,0.),(1.2422476038336754,0.),(1.2422476038336754,0.035000000149011612),(0.,0.035000000149011612)));
#5134=IFCINDEXEDPOLYCURVE(#5133,(IFCLINEINDEX((1,2,3,4,1))),$);
#5135=IFCARBITRARYCLOSEDPROFILEDEF(.AREA.,$,#5134);
#5136=IFCCARTESIANPOINT((0.05000000074505806,-0.035000000149011612,0.02500000037252903));
#5137=IFCDIRECTION((0.,0.,1.));
#5138=IFCDIRECTION((1.,0.,0.));
#5139=IFCAXIS2PLACEMENT3D(#5136,#5137,#5138);
#5140=IFCDIRECTION((0.,0.,1.));
#5141=IFCEXTRUDEDAREASOLID(#5135,#5139,#5140,1.9249999988824129);
#5142=IFCCARTESIANPOINTLIST2D(((0.,0.),(0.,-0.040000000000000001),(0.12,-0.040000000000000001),(0.12,-0.02),(0.02,-0.02),(0.02,0.)));
#5143=IFCINDEXEDPOLYCURVE(#5142,(IFCLINEINDEX((1,2,3,4,5,6,1))),$);
#5144=IFCARBITRARYCLOSEDPROFILEDEF(.AREA.,$,#5143);
#5145=IFCCARTESIANPOINT((0.10000000074505806,-0.035000000149011612,1.015000000372529));
#5146=IFCDIRECTION((0.,0.,1.));
#5147=IFCDIRECTION((1.,0.,0.));
#5148=IFCAXIS2PLACEMENT3D(#5145,#5146,#5147);
#5149=IFCDIRECTION((0.,0.,1.));
#5150=IFCEXTRUDEDAREASOLID(#5144,#5148,#5149,0.02);
#5151=IFCEXTRUDEDAREASOLID(#5152,#5155,#5159,0.02);
#5152=IFCARBITRARYCLOSEDPROFILEDEF(.AREA.,$,#5153);
#5153=IFCINDEXEDPOLYCURVE(#5154,(IFCLINEINDEX((1,2,3,4,5,6,1))),$);
#5154=IFCCARTESIANPOINTLIST2D(((0.,0.),(0.,0.040000000000000008),(0.11999999999999998,0.040000000000000008),(0.11999999999999998,0.020000000000000004),(0.020000000000000004,0.020000000000000004),(0.020000000000000004,0.)));
#5155=IFCAXIS2PLACEMENT3D(#5156,#5157,#5158);
#5156=IFCCARTESIANPOINT((0.10000000074505806,0.,1.015000000372529));
#5157=IFCDIRECTION((0.,0.,1.));
#5158=IFCDIRECTION((1.,0.,0.));
#5159=IFCDIRECTION((0.,0.,1.));
#5201=IFCCARTESIANPOINTLIST2D(((0.,0.),(0.,2.),(1.3422476053237915,2.),(1.3422476053237915,0.),(1.2922476045787334,0.),(1.2922476045787334,1.9499999992549419),(0.05000000074505806,1.9499999992549419),(0.05000000074505806,0.)));
#5202=IFCINDEXEDPOLYCURVE(#5201,(IFCLINEINDEX((1,2,3,4,5,6,7,8,1))),$);
#5203=IFCARBITRARYCLOSEDPROFILEDEF(.AREA.,$,#5202);
#5204=IFCCARTESIANPOINT((0.,0.,0.));
#5205=IFCDIRECTION((0.,-1.,0.));
#5206=IFCDIRECTION((1.,0.,0.));
#5207=IFCAXIS2PLACEMENT3D(#5204,#5205,#5206);
#5208=IFCDIRECTION((0.,0.,-1.));
#5209=IFCEXTRUDEDAREASOLID(#5203,#5207,#5208,0.05000000074505806);
#5210=IFCCARTESIANPOINTLIST2D(((0.,0.),(1.2422476038336754,0.),(1.2422476038336754,0.10000000149011612),(0.,0.10000000149011612)));
#5211=IFCINDEXEDPOLYCURVE(#5210,(IFCLINEINDEX((1,2,3,4,1))),$);
#5212=IFCARBITRARYCLOSEDPROFILEDEF(.AREA.,$,#5211);
#5213=IFCCARTESIANPOINT((0.05000000074505806,0.,0.));
#5214=IFCDIRECTION((0.,0.,1.));
#5215=IFCDIRECTION((1.,0.,0.));
#5216=IFCAXIS2PLACEMENT3D(#5213,#5214,#5215);
#5217=IFCDIRECTION((0.,0.,1.));
#5218=IFCEXTRUDEDAREASOLID(#5212,#5216,#5217,0.02500000037252903);
#5219=IFCCARTESIANPOINTLIST2D(((0.,0.),(0.,2.0250000022351742),(1.3922476097941399,2.0250000022351742),(1.3922476097941399,0.),(1.3172476068139076,0.),(1.3172476068139076,1.9499999992549419),(0.075000002980232239,1.9499999992549419),(0.075000002980232239,0.)));
#5220=IFCINDEXEDPOLYCURVE(#5219,(IFCLINEINDEX((1,2,3,4,5,6,7,8,1))),$);
#5221=IFCARBITRARYCLOSEDPROFILEDEF(.AREA.,$,#5220);
#5222=IFCCARTESIANPOINT((-0.025000002235174179,-0.004999999888241291,0.));
#5223=IFCDIRECTION((0.,-1.,0.));
#5224=IFCDIRECTION((1.,0.,0.));
#5225=IFCAXIS2PLACEMENT3D(#5222,#5223,#5224);
#5226=IFCDIRECTION((0.,0.,-1.));
#5227=IFCEXTRUDEDAREASOLID(#5221,#5225,#5226,0.004999999888241291);
#5228=IFCCARTESIANPOINTLIST2D(((0.,0.),(0.,2.0250000022351742),(1.3922476097941399,2.0250000022351742),(1.3922476097941399,0.),(1.3172476068139076,0.),(1.3172476068139076,1.9499999992549419),(0.075000002980232239,1.9499999992549419),(0.075000002980232239,0.)));
#5229=IFCINDEXEDPOLYCURVE(#5228,(IFCLINEINDEX((1,2,3,4,5,6,7,8,1))),$);
#5230=IFCARBITRARYCLOSEDPROFILEDEF(.AREA.,$,#5229);
#5231=IFCCARTESIANPOINT((-0.025000002235174179,0.05000000074505806,0.));
#5232=IFCDIRECTION((0.,-1.,0.));
#5233=IFCDIRECTION((1.,0.,0.));
#5234=IFCAXIS2PLACEMENT3D(#5231,#5232,#5233);
#5235=IFCDIRECTION((0.,0.,-1.));
#5236=IFCEXTRUDEDAREASOLID(#5230,#5234,#5235,0.004999999888241291);
#5237=IFCCARTESIANPOINTLIST2D(((0.,0.),(1.2422476038336754,0.),(1.2422476038336754,0.035000000149011612),(0.,0.035000000149011612)));
#5238=IFCINDEXEDPOLYCURVE(#5237,(IFCLINEINDEX((1,2,3,4,1))),$);
#5239=IFCARBITRARYCLOSEDPROFILEDEF(.AREA.,$,#5238);
#5240=IFCCARTESIANPOINT((0.05000000074505806,-0.035000000149011612,0.02500000037252903));
#5241=IFCDIRECTION((0.,0.,1.));
#5242=IFCDIRECTION((1.,0.,0.));
#5243=IFCAXIS2PLACEMENT3D(#5240,#5241,#5242);
#5244=IFCDIRECTION((0.,0.,1.));
#5245=IFCEXTRUDEDAREASOLID(#5239,#5243,#5244,1.9249999988824129);
#5246=IFCCARTESIANPOINTLIST2D(((0.,0.),(0.,-0.040000000000000001),(0.12,-0.040000000000000001),(0.12,-0.02),(0.02,-0.02),(0.02,0.)));
#5247=IFCINDEXEDPOLYCURVE(#5246,(IFCLINEINDEX((1,2,3,4,5,6,1))),$);
#5248=IFCARBITRARYCLOSEDPROFILEDEF(.AREA.,$,#5247);
#5249=IFCCARTESIANPOINT((0.10000000074505806,-0.035000000149011612,1.015000000372529));
#5250=IFCDIRECTION((0.,0.,1.));
#5251=IFCDIRECTION((1.,0.,0.));
#5252=IFCAXIS2PLACEMENT3D(#5249,#5250,#5251);
#5253=IFCDIRECTION((0.,0.,1.));
#5254=IFCEXTRUDEDAREASOLID(#5248,#5252,#5253,0.02);
#5255=IFCEXTRUDEDAREASOLID(#5256,#5259,#5263,0.02);
#5256=IFCARBITRARYCLOSEDPROFILEDEF(.AREA.,$,#5257);
#5257=IFCINDEXEDPOLYCURVE(#5258,(IFCLINEINDEX((1,2,3,4,5,6,1))),$);
#5258=IFCCARTESIANPOINTLIST2D(((0.,0.),(0.,0.040000000000000008),(0.11999999999999998,0.040000000000000008),(0.11999999999999998,0.020000000000000004),(0.020000000000000004,0.020000000000000004),(0.020000000000000004,0.)));
#5259=IFCAXIS2PLACEMENT3D(#5260,#5261,#5262);
#5260=IFCCARTESIANPOINT((0.10000000074505806,0.,1.015000000372529));
#5261=IFCDIRECTION((0.,0.,1.));
#5262=IFCDIRECTION((1.,0.,0.));
#5263=IFCDIRECTION((0.,0.,1.));
#5785=IFCWINDOWTYPE('36Qylqs3v7tQNgy6wAoLZO',$,'Living-GF',$,$,(#5786),(#5795,#5843,#5865),$,$,.WINDOW.,.SINGLE_PANEL.,$,$);
#5786=IFCPROPERTYSET('2khppJ60X6uAUDahWvvi75',$,'BBIM_Window',$,(#5787));
#5787=IFCPROPERTYSINGLEVALUE('Data',$,IFCTEXT('{"window_type": "SINGLE_PANEL", "overall_height": 0.8999999761581421, "overall_width": 0.8449331521987915, "lining_properties": {"lining_depth": 0.05000000074505806, "lining_thickness": 0.05000000074505806, "lining_offset": 0.05000000074505806, "lining_to_panel_offset_x": 0.02500000037252903, "lining_to_panel_offset_y": 0.02500000037252903}, "panel_properties": {"frame_depth": [0.03500000014901161, 0.03500000014901161, 0.03500000014901161], "frame_thickness": [0.03500000014901161, 0.03500000014901161, 0.03500000014901161]}}'),$);
#5791=IFCCARTESIANPOINT((0.,0.,0.));
#5792=IFCDIRECTION((1.,0.,0.));
#5793=IFCDIRECTION((0.,0.,1.));
#5794=IFCAXIS2PLACEMENT3D(#5791,#5793,#5792);
#5795=IFCREPRESENTATIONMAP(#5794,#7022);
#5839=IFCCARTESIANPOINT((0.,0.,0.));
#5840=IFCDIRECTION((1.,0.,0.));
#5841=IFCDIRECTION((0.,0.,1.));
#5842=IFCAXIS2PLACEMENT3D(#5839,#5841,#5840);
#5843=IFCREPRESENTATIONMAP(#5842,#7065);
#5861=IFCCARTESIANPOINT((0.,0.,0.));
#5862=IFCDIRECTION((1.,0.,0.));
#5863=IFCDIRECTION((0.,0.,1.));
#5864=IFCAXIS2PLACEMENT3D(#5861,#5863,#5862);
#5865=IFCREPRESENTATIONMAP(#5864,#7082);
#5866=IFCWINDOW('3FtzOz0xX0thfbRTgogtri',$,'Window',$,$,#8768,#5875,$,0.89999997615814209,0.8449331521987915,$,.SINGLE_PANEL.,$);
#5867=IFCRELDEFINESBYTYPE('2bkF4nIID6Ng1jEoYtlQqu',$,$,$,(#5866),#5785);
#5868=IFCCARTESIANPOINT((0.,0.,0.));
#5869=IFCDIRECTION((1.,0.,0.));
#5870=IFCDIRECTION((0.,1.,0.));
#5871=IFCDIRECTION((0.,0.,1.));
#5872=IFCCARTESIANTRANSFORMATIONOPERATOR3D(#5869,#5870,#5868,1.,#5871);
#5873=IFCMAPPEDITEM(#5795,#5872);
#5874=IFCSHAPEREPRESENTATION(#18,'Profile','MappedRepresentation',(#5873));
#5875=IFCPRODUCTDEFINITIONSHAPE($,$,(#5874,#5882,#5889));
#5876=IFCCARTESIANPOINT((0.,0.,0.));
#5877=IFCDIRECTION((1.,0.,0.));
#5878=IFCDIRECTION((0.,1.,0.));
#5879=IFCDIRECTION((0.,0.,1.));
#5880=IFCCARTESIANTRANSFORMATIONOPERATOR3D(#5877,#5878,#5876,1.,#5879);
#5881=IFCMAPPEDITEM(#5843,#5880);
#5882=IFCSHAPEREPRESENTATION(#11,'Body','MappedRepresentation',(#5881));
#5883=IFCCARTESIANPOINT((0.,0.,0.));
#5884=IFCDIRECTION((1.,0.,0.));
#5885=IFCDIRECTION((0.,1.,0.));
#5886=IFCDIRECTION((0.,0.,1.));
#5887=IFCCARTESIANTRANSFORMATIONOPERATOR3D(#5884,#5885,#5883,1.,#5886);
#5888=IFCMAPPEDITEM(#5865,#5887);
#5889=IFCSHAPEREPRESENTATION(#24,'Body','MappedRepresentation',(#5888));
#5890=IFCOPENINGELEMENT('2TSxCc6D18YRz3uXyLZkJs',$,'Opening',$,$,#18383,#5918,$,.OPENING.);
#5906=IFCCARTESIANPOINT((0.,0.,0.));
#5907=IFCDIRECTION((1.,0.,0.));
#5908=IFCDIRECTION((0.,0.,1.));
#5909=IFCAXIS2PLACEMENT3D(#5906,#5908,#5907);
#5910=IFCREPRESENTATIONMAP(#5909,#7092);
#5911=IFCCARTESIANPOINT((0.,0.,0.));
#5912=IFCDIRECTION((1.,0.,0.));
#5913=IFCDIRECTION((0.,1.,0.));
#5914=IFCDIRECTION((0.,0.,1.));
#5915=IFCCARTESIANTRANSFORMATIONOPERATOR3D(#5912,#5913,#5911,1.,#5914);
#5916=IFCMAPPEDITEM(#5910,#5915);
#5917=IFCSHAPEREPRESENTATION(#11,'Body','MappedRepresentation',(#5916));
#5918=IFCPRODUCTDEFINITIONSHAPE($,$,(#5917));
#5919=IFCRELVOIDSELEMENT('1PrU8tH412iBbynW5LSc6u',$,$,$,#87,#5890);
#5925=IFCRELFILLSELEMENT('3GxLUcBNX2BgajqXgHe3J4',$,$,$,#5890,#5866);
#5994=IFCCARTESIANPOINTLIST2D(((0.,0.),(0.68227565288543701,0.),(0.68227565288543701,0.89999997615814209),(0.,0.89999997615814209)));
#5995=IFCINDEXEDPOLYCURVE(#5994,(IFCLINEINDEX((1,2,3,4,1))),$);
#5996=IFCCARTESIANPOINTLIST2D(((0.02500000037252903,0.02500000037252903),(0.65727565251290798,0.02500000037252903),(0.65727565251290798,0.87499997578561306),(0.02500000037252903,0.87499997578561306)));
#5997=IFCINDEXEDPOLYCURVE(#5996,(IFCLINEINDEX((1,2,3,4,1))),$);
#5998=IFCARBITRARYPROFILEDEFWITHVOIDS(.AREA.,$,#5995,(#5997));
#5999=IFCCARTESIANPOINT((0.,0.090000001713633537,0.));
#6000=IFCDIRECTION((0.,-1.,0.));
#6001=IFCDIRECTION((1.,0.,0.));
#6002=IFCAXIS2PLACEMENT3D(#5999,#6000,#6001);
#6003=IFCDIRECTION((0.,0.,-1.));
#6004=IFCEXTRUDEDAREASOLID(#5998,#6002,#6003,0.0099999997764825821);
#6005=IFCCARTESIANPOINTLIST2D(((0.,0.),(0.68227565288543701,0.),(0.68227565288543701,0.89999997615814209),(0.,0.89999997615814209)));
#6006=IFCINDEXEDPOLYCURVE(#6005,(IFCLINEINDEX((1,2,3,4,1))),$);
#6007=IFCCARTESIANPOINTLIST2D(((0.05000000074505806,0.05000000074505806),(0.63227565214037895,0.05000000074505806),(0.63227565214037895,0.84999997541308403),(0.05000000074505806,0.84999997541308403)));
#6008=IFCINDEXEDPOLYCURVE(#6007,(IFCLINEINDEX((1,2,3,4,1))),$);
#6009=IFCARBITRARYPROFILEDEFWITHVOIDS(.AREA.,$,#6006,(#6008));
#6010=IFCCARTESIANPOINT((0.,0.05000000074505806,0.));
#6011=IFCDIRECTION((0.,-1.,0.));
#6012=IFCDIRECTION((1.,0.,0.));
#6013=IFCAXIS2PLACEMENT3D(#6010,#6011,#6012);
#6014=IFCDIRECTION((0.,0.,-1.));
#6015=IFCEXTRUDEDAREASOLID(#6009,#6013,#6014,0.040000000968575478);
#6016=IFCCARTESIANPOINTLIST2D(((0.,0.),(0.63227565214037895,0.),(0.63227565214037895,0.84999997541308403),(0.,0.84999997541308403)));
#6017=IFCINDEXEDPOLYCURVE(#6016,(IFCLINEINDEX((1,2,3,4,1))),$);
#6018=IFCCARTESIANPOINTLIST2D(((0.035000000149011612,0.035000000149011612),(0.59727565199136734,0.035000000149011612),(0.59727565199136734,0.81499997526407242),(0.035000000149011612,0.81499997526407242)));
#6019=IFCINDEXEDPOLYCURVE(#6018,(IFCLINEINDEX((1,2,3,4,1))),$);
#6020=IFCARBITRARYPROFILEDEFWITHVOIDS(.AREA.,$,#6017,(#6019));
#6021=IFCCARTESIANPOINT((0.02500000037252903,0.090000001713633537,0.02500000037252903));
#6022=IFCDIRECTION((0.,-1.,0.));
#6023=IFCDIRECTION((1.,0.,0.));
#6024=IFCAXIS2PLACEMENT3D(#6021,#6022,#6023);
#6025=IFCDIRECTION((0.,0.,-1.));
#6026=IFCEXTRUDEDAREASOLID(#6020,#6024,#6025,0.035000000149011612);
#6027=IFCINDEXEDPOLYCURVE(#6028,(IFCLINEINDEX((1,2,3,4,1))),$);
#6028=IFCCARTESIANPOINTLIST2D(((0.035000000149011612,0.035000000149011612),(0.59727565199136734,0.035000000149011612),(0.59727565199136734,0.81499997526407242),(0.035000000149011612,0.81499997526407242)));
#6029=IFCARBITRARYCLOSEDPROFILEDEF(.AREA.,$,#6027);
#6030=IFCCARTESIANPOINT((0.02500000037252903,0.10250000178813934,0.02500000037252903));
#6031=IFCDIRECTION((0.,-1.,0.));
#6032=IFCDIRECTION((1.,0.,0.));
#6033=IFCAXIS2PLACEMENT3D(#6030,#6031,#6032);
#6034=IFCDIRECTION((0.,0.,-1.));
#6035=IFCEXTRUDEDAREASOLID(#6029,#6033,#6034,0.01);
#6037=IFCSHAPEREPRESENTATION(#11,'Body','SweptSolid',(#6004,#6015,#7044,#7033,#6113,#6124));
#6038=IFCSHAPEASPECT((#6037),'Lining',$,.T.,#5875);
#6039=IFCSHAPEREPRESENTATION(#11,'Body','SweptSolid',(#6026,#6135,#7055));
#6040=IFCSHAPEASPECT((#6039),'Framing',$,.T.,#5875);
#6041=IFCSHAPEREPRESENTATION(#11,'Body','SweptSolid',(#7064,#6035,#6144));
#6042=IFCSHAPEASPECT((#6041),'Glazing',$,.T.,#5875);
#6103=IFCCARTESIANPOINTLIST2D(((0.,0.),(0.68227565288543701,0.),(0.68227565288543701,0.89999997615814209),(0.,0.89999997615814209)));
#6104=IFCINDEXEDPOLYCURVE(#6103,(IFCLINEINDEX((1,2,3,4,1))),$);
#6105=IFCCARTESIANPOINTLIST2D(((0.02500000037252903,0.02500000037252903),(0.65727565251290798,0.02500000037252903),(0.65727565251290798,0.87499997578561306),(0.02500000037252903,0.87499997578561306)));
#6106=IFCINDEXEDPOLYCURVE(#6105,(IFCLINEINDEX((1,2,3,4,1))),$);
#6107=IFCARBITRARYPROFILEDEFWITHVOIDS(.AREA.,$,#6104,(#6106));
#6108=IFCCARTESIANPOINT((0.,0.090000001713633537,0.));
#6109=IFCDIRECTION((0.,-1.,0.));
#6110=IFCDIRECTION((1.,0.,0.));
#6111=IFCAXIS2PLACEMENT3D(#6108,#6109,#6110);
#6112=IFCDIRECTION((0.,0.,-1.));
#6113=IFCEXTRUDEDAREASOLID(#6107,#6111,#6112,0.0099999997764825821);
#6114=IFCCARTESIANPOINTLIST2D(((0.,0.),(0.68227565288543701,0.),(0.68227565288543701,0.89999997615814209),(0.,0.89999997615814209)));
#6115=IFCINDEXEDPOLYCURVE(#6114,(IFCLINEINDEX((1,2,3,4,1))),$);
#6116=IFCCARTESIANPOINTLIST2D(((0.05000000074505806,0.05000000074505806),(0.63227565214037895,0.05000000074505806),(0.63227565214037895,0.84999997541308403),(0.05000000074505806,0.84999997541308403)));
#6117=IFCINDEXEDPOLYCURVE(#6116,(IFCLINEINDEX((1,2,3,4,1))),$);
#6118=IFCARBITRARYPROFILEDEFWITHVOIDS(.AREA.,$,#6115,(#6117));
#6119=IFCCARTESIANPOINT((0.,0.05000000074505806,0.));
#6120=IFCDIRECTION((0.,-1.,0.));
#6121=IFCDIRECTION((1.,0.,0.));
#6122=IFCAXIS2PLACEMENT3D(#6119,#6120,#6121);
#6123=IFCDIRECTION((0.,0.,-1.));
#6124=IFCEXTRUDEDAREASOLID(#6118,#6122,#6123,0.040000000968575478);
#6125=IFCCARTESIANPOINTLIST2D(((0.,0.),(0.63227565214037895,0.),(0.63227565214037895,0.84999997541308403),(0.,0.84999997541308403)));
#6126=IFCINDEXEDPOLYCURVE(#6125,(IFCLINEINDEX((1,2,3,4,1))),$);
#6127=IFCCARTESIANPOINTLIST2D(((0.035000000149011612,0.035000000149011612),(0.59727565199136734,0.035000000149011612),(0.59727565199136734,0.81499997526407242),(0.035000000149011612,0.81499997526407242)));
#6128=IFCINDEXEDPOLYCURVE(#6127,(IFCLINEINDEX((1,2,3,4,1))),$);
#6129=IFCARBITRARYPROFILEDEFWITHVOIDS(.AREA.,$,#6126,(#6128));
#6130=IFCCARTESIANPOINT((0.02500000037252903,0.090000001713633537,0.02500000037252903));
#6131=IFCDIRECTION((0.,-1.,0.));
#6132=IFCDIRECTION((1.,0.,0.));
#6133=IFCAXIS2PLACEMENT3D(#6130,#6131,#6132);
#6134=IFCDIRECTION((0.,0.,-1.));
#6135=IFCEXTRUDEDAREASOLID(#6129,#6133,#6134,0.035000000149011612);
#6136=IFCINDEXEDPOLYCURVE(#6137,(IFCLINEINDEX((1,2,3,4,1))),$);
#6137=IFCCARTESIANPOINTLIST2D(((0.035000000149011612,0.035000000149011612),(0.59727565199136734,0.035000000149011612),(0.59727565199136734,0.81499997526407242),(0.035000000149011612,0.81499997526407242)));
#6138=IFCARBITRARYCLOSEDPROFILEDEF(.AREA.,$,#6136);
#6139=IFCCARTESIANPOINT((0.02500000037252903,0.10250000178813934,0.02500000037252903));
#6140=IFCDIRECTION((0.,-1.,0.));
#6141=IFCDIRECTION((1.,0.,0.));
#6142=IFCAXIS2PLACEMENT3D(#6139,#6140,#6141);
#6143=IFCDIRECTION((0.,0.,-1.));
#6144=IFCEXTRUDEDAREASOLID(#6138,#6142,#6143,0.01);
#6188=IFCWINDOWTYPE('3oCNPILtv1Iv8URWkLY53r',$,'Guest-1-GF',$,$,(#6189),(#6191,#6199,#6247),$,$,.WINDOW.,.SINGLE_PANEL.,$,$);
#6189=IFCPROPERTYSET('3wuXWreE18Ag4cA2Lr_9O$',$,'BBIM_Window',$,(#6190));
#6190=IFCPROPERTYSINGLEVALUE('Data',$,IFCTEXT('{"window_type": "DOUBLE_PANEL_VERTICAL", "overall_height": 0.8999999761581421, "overall_width": 1.2456873655319214, "lining_properties": {"lining_depth": 0.05000000074505806, "lining_thickness": 0.05000000074505806, "lining_offset": 0.05000000074505806, "lining_to_panel_offset_x": 0.02500000037252903, "lining_to_panel_offset_y": 0.02500000037252903, "mullion_thickness": 0.0, "first_mullion_offset": 0.627548336982727}, "panel_properties": {"frame_depth": [0.03500000014901161, 0.03500000014901161, 0.03500000014901161], "frame_thickness": [0.03500000014901161, 0.03500000014901161, 0.03500000014901161]}}'),$);
#6191=IFCREPRESENTATIONMAP(#6192,#7804);
#6192=IFCAXIS2PLACEMENT3D(#6193,#6194,#6195);
#6193=IFCCARTESIANPOINT((0.,0.,0.));
#6194=IFCDIRECTION((0.,0.,1.));
#6195=IFCDIRECTION((1.,0.,0.));
#6199=IFCREPRESENTATIONMAP(#6200,#7885);
#6200=IFCAXIS2PLACEMENT3D(#6201,#6202,#6203);
#6201=IFCCARTESIANPOINT((0.,0.,0.));
#6202=IFCDIRECTION((0.,0.,1.));
#6203=IFCDIRECTION((1.,0.,0.));
#6247=IFCREPRESENTATIONMAP(#6248,#7918);
#6248=IFCAXIS2PLACEMENT3D(#6249,#6250,#6251);
#6249=IFCCARTESIANPOINT((0.,0.,0.));
#6250=IFCDIRECTION((0.,0.,1.));
#6251=IFCDIRECTION((1.,0.,0.));
#6296=IFCWINDOW('2IbufVqNjAIhKOfrIka847',$,'Window',$,$,#7943,#6305,$,0.89999997615814209,1.2456873655319214,$,.DOUBLE_PANEL_VERTICAL.,$);
#6297=IFCRELDEFINESBYTYPE('2oZGaJ7pX7xwT5WqCOBD9_',$,$,$,(#6296),#6188);
#6298=IFCCARTESIANPOINT((0.,0.,0.));
#6299=IFCDIRECTION((1.,0.,0.));
#6300=IFCDIRECTION((0.,1.,0.));
#6301=IFCDIRECTION((0.,0.,1.));
#6302=IFCCARTESIANTRANSFORMATIONOPERATOR3D(#6299,#6300,#6298,1.,#6301);
#6303=IFCMAPPEDITEM(#6191,#6302);
#6304=IFCSHAPEREPRESENTATION(#18,'Profile','MappedRepresentation',(#6303));
#6305=IFCPRODUCTDEFINITIONSHAPE($,$,(#6304,#6312,#6319));
#6306=IFCCARTESIANPOINT((0.,0.,0.));
#6307=IFCDIRECTION((1.,0.,0.));
#6308=IFCDIRECTION((0.,1.,0.));
#6309=IFCDIRECTION((0.,0.,1.));
#6310=IFCCARTESIANTRANSFORMATIONOPERATOR3D(#6307,#6308,#6306,1.,#6309);
#6311=IFCMAPPEDITEM(#6199,#6310);
#6312=IFCSHAPEREPRESENTATION(#11,'Body','MappedRepresentation',(#6311));
#6313=IFCCARTESIANPOINT((0.,0.,0.));
#6314=IFCDIRECTION((1.,0.,0.));
#6315=IFCDIRECTION((0.,1.,0.));
#6316=IFCDIRECTION((0.,0.,1.));
#6317=IFCCARTESIANTRANSFORMATIONOPERATOR3D(#6314,#6315,#6313,1.,#6316);
#6318=IFCMAPPEDITEM(#6247,#6317);
#6319=IFCSHAPEREPRESENTATION(#24,'Body','MappedRepresentation',(#6318));
#6320=IFCOPENINGELEMENT('3xUY6EmpPBHAN9ozMveyvp',$,'Opening',$,$,#7938,#6348,$,.OPENING.);
#6336=IFCCARTESIANPOINT((0.,0.,0.));
#6337=IFCDIRECTION((1.,0.,0.));
#6338=IFCDIRECTION((0.,0.,1.));
#6339=IFCAXIS2PLACEMENT3D(#6336,#6338,#6337);
#6340=IFCREPRESENTATIONMAP(#6339,#7928);
#6341=IFCCARTESIANPOINT((0.,0.,0.));
#6342=IFCDIRECTION((1.,0.,0.));
#6343=IFCDIRECTION((0.,1.,0.));
#6344=IFCDIRECTION((0.,0.,1.));
#6345=IFCCARTESIANTRANSFORMATIONOPERATOR3D(#6342,#6343,#6341,1.,#6344);
#6346=IFCMAPPEDITEM(#6340,#6345);
#6347=IFCSHAPEREPRESENTATION(#11,'Body','MappedRepresentation',(#6346));
#6348=IFCPRODUCTDEFINITIONSHAPE($,$,(#6347));
#6349=IFCRELVOIDSELEMENT('2s2oxUpkb5PgQNRRiOOCXO',$,$,$,#548,#6320);
#6355=IFCRELFILLSELEMENT('2Uv_NXFCnDjPcxUlx3gJl9',$,$,$,#6320,#6296);
#6364=IFCCARTESIANPOINTLIST2D(((0.,0.),(1.0345613956451416,0.),(1.0345613956451416,0.89999997615814209),(0.,0.89999997615814209)));
#6365=IFCINDEXEDPOLYCURVE(#6364,(IFCLINEINDEX((1,2,3,4,1))),$);
#6366=IFCCARTESIANPOINTLIST2D(((0.02500000037252903,0.02500000037252903),(1.0095613952726126,0.02500000037252903),(1.0095613952726126,0.87499997578561306),(0.02500000037252903,0.87499997578561306)));
#6367=IFCINDEXEDPOLYCURVE(#6366,(IFCLINEINDEX((1,2,3,4,1))),$);
#6368=IFCARBITRARYPROFILEDEFWITHVOIDS(.AREA.,$,#6365,(#6367));
#6369=IFCCARTESIANPOINT((0.,0.090000001713633537,0.));
#6370=IFCDIRECTION((0.,-1.,0.));
#6371=IFCDIRECTION((1.,0.,0.));
#6372=IFCAXIS2PLACEMENT3D(#6369,#6370,#6371);
#6373=IFCDIRECTION((0.,0.,-1.));
#6374=IFCEXTRUDEDAREASOLID(#6368,#6372,#6373,0.0099999997764825821);
#6375=IFCCARTESIANPOINTLIST2D(((0.,0.),(1.0345613956451416,0.),(1.0345613956451416,0.89999997615814209),(0.,0.89999997615814209)));
#6376=IFCINDEXEDPOLYCURVE(#6375,(IFCLINEINDEX((1,2,3,4,1))),$);
#6377=IFCCARTESIANPOINTLIST2D(((0.05000000074505806,0.05000000074505806),(0.98456139490008354,0.05000000074505806),(0.98456139490008354,0.84999997541308403),(0.05000000074505806,0.84999997541308403)));
#6378=IFCINDEXEDPOLYCURVE(#6377,(IFCLINEINDEX((1,2,3,4,1))),$);
#6379=IFCARBITRARYPROFILEDEFWITHVOIDS(.AREA.,$,#6376,(#6378));
#6380=IFCCARTESIANPOINT((0.,0.05000000074505806,0.));
#6381=IFCDIRECTION((0.,-1.,0.));
#6382=IFCDIRECTION((1.,0.,0.));
#6383=IFCAXIS2PLACEMENT3D(#6380,#6381,#6382);
#6384=IFCDIRECTION((0.,0.,-1.));
#6385=IFCEXTRUDEDAREASOLID(#6379,#6383,#6384,0.040000000968575478);
#6386=IFCCARTESIANPOINTLIST2D(((0.,0.),(0.98456139490008354,0.),(0.98456139490008354,0.84999997541308403),(0.,0.84999997541308403)));
#6387=IFCINDEXEDPOLYCURVE(#6386,(IFCLINEINDEX((1,2,3,4,1))),$);
#6388=IFCCARTESIANPOINTLIST2D(((0.035000000149011612,0.035000000149011612),(0.94956139475107193,0.035000000149011612),(0.94956139475107193,0.81499997526407242),(0.035000000149011612,0.81499997526407242)));
#6389=IFCINDEXEDPOLYCURVE(#6388,(IFCLINEINDEX((1,2,3,4,1))),$);
#6390=IFCARBITRARYPROFILEDEFWITHVOIDS(.AREA.,$,#6387,(#6389));
#6391=IFCCARTESIANPOINT((0.02500000037252903,0.090000001713633537,0.02500000037252903));
#6392=IFCDIRECTION((0.,-1.,0.));
#6393=IFCDIRECTION((1.,0.,0.));
#6394=IFCAXIS2PLACEMENT3D(#6391,#6392,#6393);
#6395=IFCDIRECTION((0.,0.,-1.));
#6396=IFCEXTRUDEDAREASOLID(#6390,#6394,#6395,0.035000000149011612);
#6397=IFCINDEXEDPOLYCURVE(#6398,(IFCLINEINDEX((1,2,3,4,1))),$);
#6398=IFCCARTESIANPOINTLIST2D(((0.035000000149011612,0.035000000149011612),(0.94956139475107193,0.035000000149011612),(0.94956139475107193,0.81499997526407242),(0.035000000149011612,0.81499997526407242)));
#6399=IFCARBITRARYCLOSEDPROFILEDEF(.AREA.,$,#6397);
#6400=IFCCARTESIANPOINT((0.02500000037252903,0.10250000178813934,0.02500000037252903));
#6401=IFCDIRECTION((0.,-1.,0.));
#6402=IFCDIRECTION((1.,0.,0.));
#6403=IFCAXIS2PLACEMENT3D(#6400,#6401,#6402);
#6404=IFCDIRECTION((0.,0.,-1.));
#6405=IFCEXTRUDEDAREASOLID(#6399,#6403,#6404,0.01);
#6407=IFCSHAPEREPRESENTATION(#11,'Body','SweptSolid',(#7531,#7387,#7673,#7824,#6468,#6840,#6712,#6723,#7215,#7855,#6374,#6571,#7571,#7204,#7864,#7580,#7722,#6582,#6672,#7427,#6683,#7713,#7438,#7164,#6385,#7682,#7175,#6880,#7398,#6869,#7540,#6829,#6479,#7815));
#6408=IFCSHAPEASPECT((#6407),'Lining',$,.T.,#6305);
#6409=IFCSHAPEREPRESENTATION(#11,'Body','SweptSolid',(#7875,#7591,#7733,#6593,#6490,#6694,#7186,#7226,#7449,#6891,#6734,#7551,#7693,#7835,#6396,#7409,#6851));
#6410=IFCSHAPEASPECT((#6409),'Framing',$,.T.,#6305);
#6411=IFCSHAPEREPRESENTATION(#11,'Body','SweptSolid',(#7600,#7742,#7458,#6703,#7195,#7844,#7560,#6743,#7235,#7702,#6405,#7418,#6900,#6860,#6602,#6499,#7884));
#6412=IFCSHAPEASPECT((#6411),'Glazing',$,.T.,#6305);
#6458=IFCCARTESIANPOINTLIST2D(((0.,0.),(1.0778520107269287,0.),(1.0778520107269287,0.89999997615814209),(0.,0.89999997615814209)));
#6459=IFCINDEXEDPOLYCURVE(#6458,(IFCLINEINDEX((1,2,3,4,1))),$);
#6460=IFCCARTESIANPOINTLIST2D(((0.02500000037252903,0.02500000037252903),(1.0528520103543997,0.02500000037252903),(1.0528520103543997,0.87499997578561306),(0.02500000037252903,0.87499997578561306)));
#6461=IFCINDEXEDPOLYCURVE(#6460,(IFCLINEINDEX((1,2,3,4,1))),$);
#6462=IFCARBITRARYPROFILEDEFWITHVOIDS(.AREA.,$,#6459,(#6461));
#6463=IFCCARTESIANPOINT((0.,0.090000001713633537,0.));
#6464=IFCDIRECTION((0.,-1.,0.));
#6465=IFCDIRECTION((1.,0.,0.));
#6466=IFCAXIS2PLACEMENT3D(#6463,#6464,#6465);
#6467=IFCDIRECTION((0.,0.,-1.));
#6468=IFCEXTRUDEDAREASOLID(#6462,#6466,#6467,0.0099999997764825821);
#6469=IFCCARTESIANPOINTLIST2D(((0.,0.),(1.0778520107269287,0.),(1.0778520107269287,0.89999997615814209),(0.,0.89999997615814209)));
#6470=IFCINDEXEDPOLYCURVE(#6469,(IFCLINEINDEX((1,2,3,4,1))),$);
#6471=IFCCARTESIANPOINTLIST2D(((0.05000000074505806,0.05000000074505806),(1.0278520099818707,0.05000000074505806),(1.0278520099818707,0.84999997541308403),(0.05000000074505806,0.84999997541308403)));
#6472=IFCINDEXEDPOLYCURVE(#6471,(IFCLINEINDEX((1,2,3,4,1))),$);
#6473=IFCARBITRARYPROFILEDEFWITHVOIDS(.AREA.,$,#6470,(#6472));
#6474=IFCCARTESIANPOINT((0.,0.05000000074505806,0.));
#6475=IFCDIRECTION((0.,-1.,0.));
#6476=IFCDIRECTION((1.,0.,0.));
#6477=IFCAXIS2PLACEMENT3D(#6474,#6475,#6476);
#6478=IFCDIRECTION((0.,0.,-1.));
#6479=IFCEXTRUDEDAREASOLID(#6473,#6477,#6478,0.040000000968575478);
#6480=IFCCARTESIANPOINTLIST2D(((0.,0.),(1.0278520099818707,0.),(1.0278520099818707,0.84999997541308403),(0.,0.84999997541308403)));
#6481=IFCINDEXEDPOLYCURVE(#6480,(IFCLINEINDEX((1,2,3,4,1))),$);
#6482=IFCCARTESIANPOINTLIST2D(((0.035000000149011612,0.035000000149011612),(0.99285200983285904,0.035000000149011612),(0.99285200983285904,0.81499997526407242),(0.035000000149011612,0.81499997526407242)));
#6483=IFCINDEXEDPOLYCURVE(#6482,(IFCLINEINDEX((1,2,3,4,1))),$);
#6484=IFCARBITRARYPROFILEDEFWITHVOIDS(.AREA.,$,#6481,(#6483));
#6485=IFCCARTESIANPOINT((0.02500000037252903,0.090000001713633537,0.02500000037252903));
#6486=IFCDIRECTION((0.,-1.,0.));
#6487=IFCDIRECTION((1.,0.,0.));
#6488=IFCAXIS2PLACEMENT3D(#6485,#6486,#6487);
#6489=IFCDIRECTION((0.,0.,-1.));
#6490=IFCEXTRUDEDAREASOLID(#6484,#6488,#6489,0.035000000149011612);
#6491=IFCINDEXEDPOLYCURVE(#6492,(IFCLINEINDEX((1,2,3,4,1))),$);
#6492=IFCCARTESIANPOINTLIST2D(((0.035000000149011612,0.035000000149011612),(0.99285200983285904,0.035000000149011612),(0.99285200983285904,0.81499997526407242),(0.035000000149011612,0.81499997526407242)));
#6493=IFCARBITRARYCLOSEDPROFILEDEF(.AREA.,$,#6491);
#6494=IFCCARTESIANPOINT((0.02500000037252903,0.10250000178813934,0.02500000037252903));
#6495=IFCDIRECTION((0.,-1.,0.));
#6496=IFCDIRECTION((1.,0.,0.));
#6497=IFCAXIS2PLACEMENT3D(#6494,#6495,#6496);
#6498=IFCDIRECTION((0.,0.,-1.));
#6499=IFCEXTRUDEDAREASOLID(#6493,#6497,#6498,0.01);
#6561=IFCCARTESIANPOINTLIST2D(((0.,0.),(1.0033838748931885,0.),(1.0033838748931885,0.89999997615814209),(0.,0.89999997615814209)));
#6562=IFCINDEXEDPOLYCURVE(#6561,(IFCLINEINDEX((1,2,3,4,1))),$);
#6563=IFCCARTESIANPOINTLIST2D(((0.02500000037252903,0.02500000037252903),(0.97838387452065945,0.02500000037252903),(0.97838387452065945,0.87499997578561306),(0.02500000037252903,0.87499997578561306)));
#6564=IFCINDEXEDPOLYCURVE(#6563,(IFCLINEINDEX((1,2,3,4,1))),$);
#6565=IFCARBITRARYPROFILEDEFWITHVOIDS(.AREA.,$,#6562,(#6564));
#6566=IFCCARTESIANPOINT((0.,0.090000001713633537,0.));
#6567=IFCDIRECTION((0.,-1.,0.));
#6568=IFCDIRECTION((1.,0.,0.));
#6569=IFCAXIS2PLACEMENT3D(#6566,#6567,#6568);
#6570=IFCDIRECTION((0.,0.,-1.));
#6571=IFCEXTRUDEDAREASOLID(#6565,#6569,#6570,0.0099999997764825821);
#6572=IFCCARTESIANPOINTLIST2D(((0.,0.),(1.0033838748931885,0.),(1.0033838748931885,0.89999997615814209),(0.,0.89999997615814209)));
#6573=IFCINDEXEDPOLYCURVE(#6572,(IFCLINEINDEX((1,2,3,4,1))),$);
#6574=IFCCARTESIANPOINTLIST2D(((0.05000000074505806,0.05000000074505806),(0.95338387414813042,0.05000000074505806),(0.95338387414813042,0.84999997541308403),(0.05000000074505806,0.84999997541308403)));
#6575=IFCINDEXEDPOLYCURVE(#6574,(IFCLINEINDEX((1,2,3,4,1))),$);
#6576=IFCARBITRARYPROFILEDEFWITHVOIDS(.AREA.,$,#6573,(#6575));
#6577=IFCCARTESIANPOINT((0.,0.05000000074505806,0.));
#6578=IFCDIRECTION((0.,-1.,0.));
#6579=IFCDIRECTION((1.,0.,0.));
#6580=IFCAXIS2PLACEMENT3D(#6577,#6578,#6579);
#6581=IFCDIRECTION((0.,0.,-1.));
#6582=IFCEXTRUDEDAREASOLID(#6576,#6580,#6581,0.040000000968575478);
#6583=IFCCARTESIANPOINTLIST2D(((0.,0.),(0.95338387414813042,0.),(0.95338387414813042,0.84999997541308403),(0.,0.84999997541308403)));
#6584=IFCINDEXEDPOLYCURVE(#6583,(IFCLINEINDEX((1,2,3,4,1))),$);
#6585=IFCCARTESIANPOINTLIST2D(((0.035000000149011612,0.035000000149011612),(0.9183838739991188,0.035000000149011612),(0.9183838739991188,0.81499997526407242),(0.035000000149011612,0.81499997526407242)));
#6586=IFCINDEXEDPOLYCURVE(#6585,(IFCLINEINDEX((1,2,3,4,1))),$);
#6587=IFCARBITRARYPROFILEDEFWITHVOIDS(.AREA.,$,#6584,(#6586));
#6588=IFCCARTESIANPOINT((0.02500000037252903,0.090000001713633537,0.02500000037252903));
#6589=IFCDIRECTION((0.,-1.,0.));
#6590=IFCDIRECTION((1.,0.,0.));
#6591=IFCAXIS2PLACEMENT3D(#6588,#6589,#6590);
#6592=IFCDIRECTION((0.,0.,-1.));
#6593=IFCEXTRUDEDAREASOLID(#6587,#6591,#6592,0.035000000149011612);
#6594=IFCINDEXEDPOLYCURVE(#6595,(IFCLINEINDEX((1,2,3,4,1))),$);
#6595=IFCCARTESIANPOINTLIST2D(((0.035000000149011612,0.035000000149011612),(0.9183838739991188,0.035000000149011612),(0.9183838739991188,0.81499997526407242),(0.035000000149011612,0.81499997526407242)));
#6596=IFCARBITRARYCLOSEDPROFILEDEF(.AREA.,$,#6594);
#6597=IFCCARTESIANPOINT((0.02500000037252903,0.10250000178813934,0.02500000037252903));
#6598=IFCDIRECTION((0.,-1.,0.));
#6599=IFCDIRECTION((1.,0.,0.));
#6600=IFCAXIS2PLACEMENT3D(#6597,#6598,#6599);
#6601=IFCDIRECTION((0.,0.,-1.));
#6602=IFCEXTRUDEDAREASOLID(#6596,#6600,#6601,0.01);
#6664=IFCCARTESIANPOINTLIST2D(((0.30000001192092896,0.),(0.,0.),(0.,0.89999997615814209),(0.30000001192092896,0.89999997615814209),(0.30000001192092896,0.87499997578561306),(0.02500000037252903,0.87499997578561306),(0.02500000037252903,0.02500000037252903),(0.30000001192092896,0.02500000037252903)));
#6665=IFCINDEXEDPOLYCURVE(#6664,(IFCLINEINDEX((1,2,3,4,5,6,7,8,1))),$);
#6666=IFCARBITRARYCLOSEDPROFILEDEF(.AREA.,$,#6665);
#6667=IFCCARTESIANPOINT((0.,0.090000001713633537,0.));
#6668=IFCDIRECTION((0.,-1.,0.));
#6669=IFCDIRECTION((1.,0.,0.));
#6670=IFCAXIS2PLACEMENT3D(#6667,#6668,#6669);
#6671=IFCDIRECTION((0.,0.,-1.));
#6672=IFCEXTRUDEDAREASOLID(#6666,#6670,#6671,0.0099999997764825821);
#6673=IFCCARTESIANPOINTLIST2D(((0.,0.),(0.30000001192092896,0.),(0.30000001192092896,0.89999997615814209),(0.,0.89999997615814209)));
#6674=IFCINDEXEDPOLYCURVE(#6673,(IFCLINEINDEX((1,2,3,4,1))),$);
#6675=IFCCARTESIANPOINTLIST2D(((0.05000000074505806,0.05000000074505806),(0.27500001154839993,0.05000000074505806),(0.27500001154839993,0.84999997541308403),(0.05000000074505806,0.84999997541308403)));
#6676=IFCINDEXEDPOLYCURVE(#6675,(IFCLINEINDEX((1,2,3,4,1))),$);
#6677=IFCARBITRARYPROFILEDEFWITHVOIDS(.AREA.,$,#6674,(#6676));
#6678=IFCCARTESIANPOINT((0.,0.05000000074505806,0.));
#6679=IFCDIRECTION((0.,-1.,0.));
#6680=IFCDIRECTION((1.,0.,0.));
#6681=IFCAXIS2PLACEMENT3D(#6678,#6679,#6680);
#6682=IFCDIRECTION((0.,0.,-1.));
#6683=IFCEXTRUDEDAREASOLID(#6677,#6681,#6682,0.040000000968575478);
#6684=IFCCARTESIANPOINTLIST2D(((0.,0.),(0.27500001154839993,0.),(0.27500001154839993,0.84999997541308403),(0.,0.84999997541308403)));
#6685=IFCINDEXEDPOLYCURVE(#6684,(IFCLINEINDEX((1,2,3,4,1))),$);
#6686=IFCCARTESIANPOINTLIST2D(((0.035000000149011612,0.035000000149011612),(0.24000001139938831,0.035000000149011612),(0.24000001139938831,0.81499997526407242),(0.035000000149011612,0.81499997526407242)));
#6687=IFCINDEXEDPOLYCURVE(#6686,(IFCLINEINDEX((1,2,3,4,1))),$);
#6688=IFCARBITRARYPROFILEDEFWITHVOIDS(.AREA.,$,#6685,(#6687));
#6689=IFCCARTESIANPOINT((0.02500000037252903,0.090000001713633537,0.02500000037252903));
#6690=IFCDIRECTION((0.,-1.,0.));
#6691=IFCDIRECTION((1.,0.,0.));
#6692=IFCAXIS2PLACEMENT3D(#6689,#6690,#6691);
#6693=IFCDIRECTION((0.,0.,-1.));
#6694=IFCEXTRUDEDAREASOLID(#6688,#6692,#6693,0.035000000149011612);
#6695=IFCINDEXEDPOLYCURVE(#6696,(IFCLINEINDEX((1,2,3,4,1))),$);
#6696=IFCCARTESIANPOINTLIST2D(((0.035000000149011612,0.035000000149011612),(0.24000001139938831,0.035000000149011612),(0.24000001139938831,0.81499997526407242),(0.035000000149011612,0.81499997526407242)));
#6697=IFCARBITRARYCLOSEDPROFILEDEF(.AREA.,$,#6695);
#6698=IFCCARTESIANPOINT((0.02500000037252903,0.10250000178813934,0.02500000037252903));
#6699=IFCDIRECTION((0.,-1.,0.));
#6700=IFCDIRECTION((1.,0.,0.));
#6701=IFCAXIS2PLACEMENT3D(#6698,#6699,#6700);
#6702=IFCDIRECTION((0.,0.,-1.));
#6703=IFCEXTRUDEDAREASOLID(#6697,#6701,#6702,0.01);
#6704=IFCCARTESIANPOINTLIST2D(((0.,0.89999997615814209),(0.70338386297225952,0.89999997615814209),(0.70338386297225952,0.),(0.,0.),(0.,0.02500000037252903),(0.67838386259973049,0.02500000037252903),(0.67838386259973049,0.87499997578561306),(0.,0.87499997578561306)));
#6705=IFCINDEXEDPOLYCURVE(#6704,(IFCLINEINDEX((1,2,3,4,5,6,7,8,1))),$);
#6706=IFCARBITRARYCLOSEDPROFILEDEF(.AREA.,$,#6705);
#6707=IFCCARTESIANPOINT((0.30000001192092896,0.090000001713633537,0.));
#6708=IFCDIRECTION((0.,-1.,0.));
#6709=IFCDIRECTION((1.,0.,0.));
#6710=IFCAXIS2PLACEMENT3D(#6707,#6708,#6709);
#6711=IFCDIRECTION((0.,0.,-1.));
#6712=IFCEXTRUDEDAREASOLID(#6706,#6710,#6711,0.0099999997764825821);
#6713=IFCCARTESIANPOINTLIST2D(((0.,0.),(0.70338386297225952,0.),(0.70338386297225952,0.89999997615814209),(0.,0.89999997615814209)));
#6714=IFCINDEXEDPOLYCURVE(#6713,(IFCLINEINDEX((1,2,3,4,1))),$);
#6715=IFCCARTESIANPOINTLIST2D(((0.02500000037252903,0.05000000074505806),(0.65338386222720146,0.05000000074505806),(0.65338386222720146,0.84999997541308403),(0.02500000037252903,0.84999997541308403)));
#6716=IFCINDEXEDPOLYCURVE(#6715,(IFCLINEINDEX((1,2,3,4,1))),$);
#6717=IFCARBITRARYPROFILEDEFWITHVOIDS(.AREA.,$,#6714,(#6716));
#6718=IFCCARTESIANPOINT((0.30000001192092896,0.05000000074505806,0.));
#6719=IFCDIRECTION((0.,-1.,0.));
#6720=IFCDIRECTION((1.,0.,0.));
#6721=IFCAXIS2PLACEMENT3D(#6718,#6719,#6720);
#6722=IFCDIRECTION((0.,0.,-1.));
#6723=IFCEXTRUDEDAREASOLID(#6717,#6721,#6722,0.040000000968575478);
#6724=IFCCARTESIANPOINTLIST2D(((0.,0.),(0.67838386259973049,0.),(0.67838386259973049,0.84999997541308403),(0.,0.84999997541308403)));
#6725=IFCINDEXEDPOLYCURVE(#6724,(IFCLINEINDEX((1,2,3,4,1))),$);
#6726=IFCCARTESIANPOINTLIST2D(((0.035000000149011612,0.035000000149011612),(0.64338386245071888,0.035000000149011612),(0.64338386245071888,0.81499997526407242),(0.035000000149011612,0.81499997526407242)));
#6727=IFCINDEXEDPOLYCURVE(#6726,(IFCLINEINDEX((1,2,3,4,1))),$);
#6728=IFCARBITRARYPROFILEDEFWITHVOIDS(.AREA.,$,#6725,(#6727));
#6729=IFCCARTESIANPOINT((0.30000001192092896,0.090000001713633537,0.02500000037252903));
#6730=IFCDIRECTION((0.,-1.,0.));
#6731=IFCDIRECTION((1.,0.,0.));
#6732=IFCAXIS2PLACEMENT3D(#6729,#6730,#6731);
#6733=IFCDIRECTION((0.,0.,-1.));
#6734=IFCEXTRUDEDAREASOLID(#6728,#6732,#6733,0.035000000149011612);
#6735=IFCINDEXEDPOLYCURVE(#6736,(IFCLINEINDEX((1,2,3,4,1))),$);
#6736=IFCCARTESIANPOINTLIST2D(((0.035000000149011612,0.035000000149011612),(0.64338386245071888,0.035000000149011612),(0.64338386245071888,0.81499997526407242),(0.035000000149011612,0.81499997526407242)));
#6737=IFCARBITRARYCLOSEDPROFILEDEF(.AREA.,$,#6735);
#6738=IFCCARTESIANPOINT((0.30000001192092896,0.10250000178813934,0.02500000037252903));
#6739=IFCDIRECTION((0.,-1.,0.));
#6740=IFCDIRECTION((1.,0.,0.));
#6741=IFCAXIS2PLACEMENT3D(#6738,#6739,#6740);
#6742=IFCDIRECTION((0.,0.,-1.));
#6743=IFCEXTRUDEDAREASOLID(#6737,#6741,#6742,0.01);
#6821=IFCCARTESIANPOINTLIST2D(((0.50216352939605713,0.),(0.,0.),(0.,0.89999997615814209),(0.50216352939605713,0.89999997615814209),(0.50216352939605713,0.87499997578561306),(0.02500000037252903,0.87499997578561306),(0.02500000037252903,0.02500000037252903),(0.50216352939605713,0.02500000037252903)));
#6822=IFCINDEXEDPOLYCURVE(#6821,(IFCLINEINDEX((1,2,3,4,5,6,7,8,1))),$);
#6823=IFCARBITRARYCLOSEDPROFILEDEF(.AREA.,$,#6822);
#6824=IFCCARTESIANPOINT((0.,0.090000001713633537,0.));
#6825=IFCDIRECTION((0.,-1.,0.));
#6826=IFCDIRECTION((1.,0.,0.));
#6827=IFCAXIS2PLACEMENT3D(#6824,#6825,#6826);
#6828=IFCDIRECTION((0.,0.,-1.));
#6829=IFCEXTRUDEDAREASOLID(#6823,#6827,#6828,0.0099999997764825821);
#6830=IFCCARTESIANPOINTLIST2D(((0.,0.),(0.50216352939605713,0.),(0.50216352939605713,0.89999997615814209),(0.,0.89999997615814209)));
#6831=IFCINDEXEDPOLYCURVE(#6830,(IFCLINEINDEX((1,2,3,4,1))),$);
#6832=IFCCARTESIANPOINTLIST2D(((0.05000000074505806,0.05000000074505806),(0.4771635290235281,0.05000000074505806),(0.4771635290235281,0.84999997541308403),(0.05000000074505806,0.84999997541308403)));
#6833=IFCINDEXEDPOLYCURVE(#6832,(IFCLINEINDEX((1,2,3,4,1))),$);
#6834=IFCARBITRARYPROFILEDEFWITHVOIDS(.AREA.,$,#6831,(#6833));
#6835=IFCCARTESIANPOINT((0.,0.05000000074505806,0.));
#6836=IFCDIRECTION((0.,-1.,0.));
#6837=IFCDIRECTION((1.,0.,0.));
#6838=IFCAXIS2PLACEMENT3D(#6835,#6836,#6837);
#6839=IFCDIRECTION((0.,0.,-1.));
#6840=IFCEXTRUDEDAREASOLID(#6834,#6838,#6839,0.040000000968575478);
#6841=IFCCARTESIANPOINTLIST2D(((0.,0.),(0.4771635290235281,0.),(0.4771635290235281,0.84999997541308403),(0.,0.84999997541308403)));
#6842=IFCINDEXEDPOLYCURVE(#6841,(IFCLINEINDEX((1,2,3,4,1))),$);
#6843=IFCCARTESIANPOINTLIST2D(((0.035000000149011612,0.035000000149011612),(0.44216352887451649,0.035000000149011612),(0.44216352887451649,0.81499997526407242),(0.035000000149011612,0.81499997526407242)));
#6844=IFCINDEXEDPOLYCURVE(#6843,(IFCLINEINDEX((1,2,3,4,1))),$);
#6845=IFCARBITRARYPROFILEDEFWITHVOIDS(.AREA.,$,#6842,(#6844));
#6846=IFCCARTESIANPOINT((0.02500000037252903,0.090000001713633537,0.02500000037252903));
#6847=IFCDIRECTION((0.,-1.,0.));
#6848=IFCDIRECTION((1.,0.,0.));
#6849=IFCAXIS2PLACEMENT3D(#6846,#6847,#6848);
#6850=IFCDIRECTION((0.,0.,-1.));
#6851=IFCEXTRUDEDAREASOLID(#6845,#6849,#6850,0.035000000149011612);
#6852=IFCINDEXEDPOLYCURVE(#6853,(IFCLINEINDEX((1,2,3,4,1))),$);
#6853=IFCCARTESIANPOINTLIST2D(((0.035000000149011612,0.035000000149011612),(0.44216352887451649,0.035000000149011612),(0.44216352887451649,0.81499997526407242),(0.035000000149011612,0.81499997526407242)));
#6854=IFCARBITRARYCLOSEDPROFILEDEF(.AREA.,$,#6852);
#6855=IFCCARTESIANPOINT((0.02500000037252903,0.10250000178813934,0.02500000037252903));
#6856=IFCDIRECTION((0.,-1.,0.));
#6857=IFCDIRECTION((1.,0.,0.));
#6858=IFCAXIS2PLACEMENT3D(#6855,#6856,#6857);
#6859=IFCDIRECTION((0.,0.,-1.));
#6860=IFCEXTRUDEDAREASOLID(#6854,#6858,#6859,0.01);
#6861=IFCCARTESIANPOINTLIST2D(((0.,0.89999997615814209),(0.74352383613586426,0.89999997615814209),(0.74352383613586426,0.),(0.,0.),(0.,0.02500000037252903),(0.71852383576333523,0.02500000037252903),(0.71852383576333523,0.87499997578561306),(0.,0.87499997578561306)));
#6862=IFCINDEXEDPOLYCURVE(#6861,(IFCLINEINDEX((1,2,3,4,5,6,7,8,1))),$);
#6863=IFCARBITRARYCLOSEDPROFILEDEF(.AREA.,$,#6862);
#6864=IFCCARTESIANPOINT((0.50216352939605713,0.090000001713633537,0.));
#6865=IFCDIRECTION((0.,-1.,0.));
#6866=IFCDIRECTION((1.,0.,0.));
#6867=IFCAXIS2PLACEMENT3D(#6864,#6865,#6866);
#6868=IFCDIRECTION((0.,0.,-1.));
#6869=IFCEXTRUDEDAREASOLID(#6863,#6867,#6868,0.0099999997764825821);
#6870=IFCCARTESIANPOINTLIST2D(((0.,0.),(0.74352383613586426,0.),(0.74352383613586426,0.89999997615814209),(0.,0.89999997615814209)));
#6871=IFCINDEXEDPOLYCURVE(#6870,(IFCLINEINDEX((1,2,3,4,1))),$);
#6872=IFCCARTESIANPOINTLIST2D(((0.02500000037252903,0.05000000074505806),(0.6935238353908062,0.05000000074505806),(0.6935238353908062,0.84999997541308403),(0.02500000037252903,0.84999997541308403)));
#6873=IFCINDEXEDPOLYCURVE(#6872,(IFCLINEINDEX((1,2,3,4,1))),$);
#6874=IFCARBITRARYPROFILEDEFWITHVOIDS(.AREA.,$,#6871,(#6873));
#6875=IFCCARTESIANPOINT((0.50216352939605713,0.05000000074505806,0.));
#6876=IFCDIRECTION((0.,-1.,0.));
#6877=IFCDIRECTION((1.,0.,0.));
#6878=IFCAXIS2PLACEMENT3D(#6875,#6876,#6877);
#6879=IFCDIRECTION((0.,0.,-1.));
#6880=IFCEXTRUDEDAREASOLID(#6874,#6878,#6879,0.040000000968575478);
#6881=IFCCARTESIANPOINTLIST2D(((0.,0.),(0.71852383576333523,0.),(0.71852383576333523,0.84999997541308403),(0.,0.84999997541308403)));
#6882=IFCINDEXEDPOLYCURVE(#6881,(IFCLINEINDEX((1,2,3,4,1))),$);
#6883=IFCCARTESIANPOINTLIST2D(((0.035000000149011612,0.035000000149011612),(0.68352383561432362,0.035000000149011612),(0.68352383561432362,0.81499997526407242),(0.035000000149011612,0.81499997526407242)));
#6884=IFCINDEXEDPOLYCURVE(#6883,(IFCLINEINDEX((1,2,3,4,1))),$);
#6885=IFCARBITRARYPROFILEDEFWITHVOIDS(.AREA.,$,#6882,(#6884));
#6886=IFCCARTESIANPOINT((0.50216352939605713,0.090000001713633537,0.02500000037252903));
#6887=IFCDIRECTION((0.,-1.,0.));
#6888=IFCDIRECTION((1.,0.,0.));
#6889=IFCAXIS2PLACEMENT3D(#6886,#6887,#6888);
#6890=IFCDIRECTION((0.,0.,-1.));
#6891=IFCEXTRUDEDAREASOLID(#6885,#6889,#6890,0.035000000149011612);
#6892=IFCINDEXEDPOLYCURVE(#6893,(IFCLINEINDEX((1,2,3,4,1))),$);
#6893=IFCCARTESIANPOINTLIST2D(((0.035000000149011612,0.035000000149011612),(0.68352383561432362,0.035000000149011612),(0.68352383561432362,0.81499997526407242),(0.035000000149011612,0.81499997526407242)));
#6894=IFCARBITRARYCLOSEDPROFILEDEF(.AREA.,$,#6892);
#6895=IFCCARTESIANPOINT((0.50216352939605713,0.10250000178813934,0.02500000037252903));
#6896=IFCDIRECTION((0.,-1.,0.));
#6897=IFCDIRECTION((1.,0.,0.));
#6898=IFCAXIS2PLACEMENT3D(#6895,#6896,#6897);
#6899=IFCDIRECTION((0.,0.,-1.));
#6900=IFCEXTRUDEDAREASOLID(#6894,#6898,#6899,0.01);
#7020=IFCCARTESIANPOINTLIST3D(((0.,0.,0.),(0.8449331521987915,0.,0.),(0.8449331521987915,0.,0.89999997615814209),(0.,0.,0.89999997615814209)));
#7021=IFCINDEXEDPOLYCURVE(#7020,(IFCLINEINDEX((1,2,3,4,1))),$);
#7022=IFCSHAPEREPRESENTATION(#18,'Profile','Curve3D',(#7021));
#7023=IFCCARTESIANPOINTLIST2D(((0.,0.),(0.8449331521987915,0.),(0.8449331521987915,0.89999997615814209),(0.,0.89999997615814209)));
#7024=IFCINDEXEDPOLYCURVE(#7023,(IFCLINEINDEX((1,2,3,4,1))),$);
#7025=IFCCARTESIANPOINTLIST2D(((0.02500000037252903,0.02500000037252903),(0.81993315182626247,0.02500000037252903),(0.81993315182626247,0.87499997578561306),(0.02500000037252903,0.87499997578561306)));
#7026=IFCINDEXEDPOLYCURVE(#7025,(IFCLINEINDEX((1,2,3,4,1))),$);
#7027=IFCARBITRARYPROFILEDEFWITHVOIDS(.AREA.,$,#7024,(#7026));
#7028=IFCCARTESIANPOINT((0.,0.090000001713633537,0.));
#7029=IFCDIRECTION((0.,-1.,0.));
#7030=IFCDIRECTION((1.,0.,0.));
#7031=IFCAXIS2PLACEMENT3D(#7028,#7029,#7030);
#7032=IFCDIRECTION((0.,0.,-1.));
#7033=IFCEXTRUDEDAREASOLID(#7027,#7031,#7032,0.0099999997764825821);
#7034=IFCCARTESIANPOINTLIST2D(((0.,0.),(0.8449331521987915,0.),(0.8449331521987915,0.89999997615814209),(0.,0.89999997615814209)));
#7035=IFCINDEXEDPOLYCURVE(#7034,(IFCLINEINDEX((1,2,3,4,1))),$);
#7036=IFCCARTESIANPOINTLIST2D(((0.05000000074505806,0.05000000074505806),(0.79493315145373344,0.05000000074505806),(0.79493315145373344,0.84999997541308403),(0.05000000074505806,0.84999997541308403)));
#7037=IFCINDEXEDPOLYCURVE(#7036,(IFCLINEINDEX((1,2,3,4,1))),$);
#7038=IFCARBITRARYPROFILEDEFWITHVOIDS(.AREA.,$,#7035,(#7037));
#7039=IFCCARTESIANPOINT((0.,0.05000000074505806,0.));
#7040=IFCDIRECTION((0.,-1.,0.));
#7041=IFCDIRECTION((1.,0.,0.));
#7042=IFCAXIS2PLACEMENT3D(#7039,#7040,#7041);
#7043=IFCDIRECTION((0.,0.,-1.));
#7044=IFCEXTRUDEDAREASOLID(#7038,#7042,#7043,0.040000000968575478);
#7045=IFCCARTESIANPOINTLIST2D(((0.,0.),(0.79493315145373344,0.),(0.79493315145373344,0.84999997541308403),(0.,0.84999997541308403)));
#7046=IFCINDEXEDPOLYCURVE(#7045,(IFCLINEINDEX((1,2,3,4,1))),$);
#7047=IFCCARTESIANPOINTLIST2D(((0.035000000149011612,0.035000000149011612),(0.75993315130472183,0.035000000149011612),(0.75993315130472183,0.81499997526407242),(0.035000000149011612,0.81499997526407242)));
#7048=IFCINDEXEDPOLYCURVE(#7047,(IFCLINEINDEX((1,2,3,4,1))),$);
#7049=IFCARBITRARYPROFILEDEFWITHVOIDS(.AREA.,$,#7046,(#7048));
#7050=IFCCARTESIANPOINT((0.02500000037252903,0.090000001713633537,0.02500000037252903));
#7051=IFCDIRECTION((0.,-1.,0.));
#7052=IFCDIRECTION((1.,0.,0.));
#7053=IFCAXIS2PLACEMENT3D(#7050,#7051,#7052);
#7054=IFCDIRECTION((0.,0.,-1.));
#7055=IFCEXTRUDEDAREASOLID(#7049,#7053,#7054,0.035000000149011612);
#7056=IFCINDEXEDPOLYCURVE(#7057,(IFCLINEINDEX((1,2,3,4,1))),$);
#7057=IFCCARTESIANPOINTLIST2D(((0.035000000149011612,0.035000000149011612),(0.75993315130472183,0.035000000149011612),(0.75993315130472183,0.81499997526407242),(0.035000000149011612,0.81499997526407242)));
#7058=IFCARBITRARYCLOSEDPROFILEDEF(.AREA.,$,#7056);
#7059=IFCCARTESIANPOINT((0.02500000037252903,0.10250000178813934,0.02500000037252903));
#7060=IFCDIRECTION((0.,-1.,0.));
#7061=IFCDIRECTION((1.,0.,0.));
#7062=IFCAXIS2PLACEMENT3D(#7059,#7060,#7061);
#7063=IFCDIRECTION((0.,0.,-1.));
#7064=IFCEXTRUDEDAREASOLID(#7058,#7062,#7063,0.01);
#7065=IFCSHAPEREPRESENTATION(#11,'Body','SweptSolid',(#7033,#7044,#7055,#7064));
#7066=IFCCARTESIANPOINTLIST2D(((0.05000000074505806,0.05000000074505806),(0.79493315145373344,0.05000000074505806)));
#7067=IFCINDEXEDPOLYCURVE(#7066,$,$);
#7068=IFCCARTESIANPOINTLIST2D(((0.,0.10000000149011612),(0.02500000037252903,0.10000000149011612),(0.02500000037252903,0.090000001713633537),(0.05000000074505806,0.090000001713633537),(0.05000000074505806,0.05000000074505806),(0.,0.05000000074505806)));
#7069=IFCINDEXEDPOLYCURVE(#7068,(IFCLINEINDEX((1,2,3,4,5,6,1))),$);
#7070=IFCCARTESIANPOINTLIST2D(((0.8449331521987915,0.10000000149011612),(0.81993315182626247,0.10000000149011612),(0.81993315182626247,0.090000001713633537),(0.79493315145373344,0.090000001713633537),(0.79493315145373344,0.05000000074505806),(0.8449331521987915,0.05000000074505806)));
#7071=IFCINDEXEDPOLYCURVE(#7070,(IFCLINEINDEX((1,2,3,4,5,6,1))),$);
#7072=IFCCARTESIANPOINTLIST2D(((0.02500000037252903,0.090000001713633537),(0.060000000521540642,0.090000001713633537),(0.060000000521540642,0.12500000186264515),(0.02500000037252903,0.12500000186264515)));
#7073=IFCINDEXEDPOLYCURVE(#7072,(IFCLINEINDEX((1,2,3,4,1))),$);
#7074=IFCINDEXEDPOLYCURVE(#7075,(IFCLINEINDEX((1,2,3,4,1))),$);
#7075=IFCCARTESIANPOINTLIST2D(((0.81993315182626247,0.090000001713633537),(0.78493315167725086,0.090000001713633537),(0.78493315167725086,0.12500000186264515),(0.81993315182626247,0.12500000186264515)));
#7076=IFCCARTESIANPOINTLIST2D(((0.060000000521540642,0.090000001713633537),(0.78493315167725086,0.090000001713633537)));
#7077=IFCINDEXEDPOLYCURVE(#7076,$,$);
#7078=IFCINDEXEDPOLYCURVE(#7079,$,$);
#7079=IFCCARTESIANPOINTLIST2D(((0.060000000521540642,0.12500000186264515),(0.78493315167725086,0.12500000186264515)));
#7080=IFCINDEXEDPOLYCURVE(#7081,$,$);
#7081=IFCCARTESIANPOINTLIST2D(((0.060000000521540642,0.10750000178813934),(0.78493315167725086,0.10750000178813934)));
#7082=IFCSHAPEREPRESENTATION(#24,'Body','Curve2D',(#7067,#7069,#7071,#7073,#7074,#7077,#7078,#7080));
#7083=IFCCARTESIANPOINTLIST2D(((0.,0.),(0.8449331521987915,0.),(0.8449331521987915,0.89999997615814209),(0.,0.89999997615814209)));
#7084=IFCINDEXEDPOLYCURVE(#7083,(IFCLINEINDEX((1,2,3,4,1))),$);
#7085=IFCARBITRARYCLOSEDPROFILEDEF(.AREA.,$,#7084);
#7086=IFCCARTESIANPOINT((0.,-0.60000002384185791,0.));
#7087=IFCDIRECTION((0.,-1.,0.));
#7088=IFCDIRECTION((1.,0.,0.));
#7089=IFCAXIS2PLACEMENT3D(#7086,#7087,#7088);
#7090=IFCDIRECTION((0.,0.,-1.));
#7091=IFCEXTRUDEDAREASOLID(#7085,#7089,#7090,1.2);
#7092=IFCSHAPEREPRESENTATION(#11,'Body','SweptSolid',(#7091));
#7156=IFCCARTESIANPOINTLIST2D(((0.50216352939605713,0.),(0.,0.),(0.,0.89999997615814209),(0.50216352939605713,0.89999997615814209),(0.50216352939605713,0.87499997578561306),(0.02500000037252903,0.87499997578561306),(0.02500000037252903,0.02500000037252903),(0.50216352939605713,0.02500000037252903)));
#7157=IFCINDEXEDPOLYCURVE(#7156,(IFCLINEINDEX((1,2,3,4,5,6,7,8,1))),$);
#7158=IFCARBITRARYCLOSEDPROFILEDEF(.AREA.,$,#7157);
#7159=IFCCARTESIANPOINT((0.,0.090000001713633537,0.));
#7160=IFCDIRECTION((0.,-1.,0.));
#7161=IFCDIRECTION((1.,0.,0.));
#7162=IFCAXIS2PLACEMENT3D(#7159,#7160,#7161);
#7163=IFCDIRECTION((0.,0.,-1.));
#7164=IFCEXTRUDEDAREASOLID(#7158,#7162,#7163,0.0099999997764825821);
#7165=IFCCARTESIANPOINTLIST2D(((0.,0.),(0.50216352939605713,0.),(0.50216352939605713,0.89999997615814209),(0.,0.89999997615814209)));
#7166=IFCINDEXEDPOLYCURVE(#7165,(IFCLINEINDEX((1,2,3,4,1))),$);
#7167=IFCCARTESIANPOINTLIST2D(((0.05000000074505806,0.05000000074505806),(0.4771635290235281,0.05000000074505806),(0.4771635290235281,0.84999997541308403),(0.05000000074505806,0.84999997541308403)));
#7168=IFCINDEXEDPOLYCURVE(#7167,(IFCLINEINDEX((1,2,3,4,1))),$);
#7169=IFCARBITRARYPROFILEDEFWITHVOIDS(.AREA.,$,#7166,(#7168));
#7170=IFCCARTESIANPOINT((0.,0.05000000074505806,0.));
#7171=IFCDIRECTION((0.,-1.,0.));
#7172=IFCDIRECTION((1.,0.,0.));
#7173=IFCAXIS2PLACEMENT3D(#7170,#7171,#7172);
#7174=IFCDIRECTION((0.,0.,-1.));
#7175=IFCEXTRUDEDAREASOLID(#7169,#7173,#7174,0.040000000968575478);
#7176=IFCCARTESIANPOINTLIST2D(((0.,0.),(0.4771635290235281,0.),(0.4771635290235281,0.84999997541308403),(0.,0.84999997541308403)));
#7177=IFCINDEXEDPOLYCURVE(#7176,(IFCLINEINDEX((1,2,3,4,1))),$);
#7178=IFCCARTESIANPOINTLIST2D(((0.035000000149011612,0.035000000149011612),(0.44216352887451649,0.035000000149011612),(0.44216352887451649,0.81499997526407242),(0.035000000149011612,0.81499997526407242)));
#7179=IFCINDEXEDPOLYCURVE(#7178,(IFCLINEINDEX((1,2,3,4,1))),$);
#7180=IFCARBITRARYPROFILEDEFWITHVOIDS(.AREA.,$,#7177,(#7179));
#7181=IFCCARTESIANPOINT((0.02500000037252903,0.090000001713633537,0.02500000037252903));
#7182=IFCDIRECTION((0.,-1.,0.));
#7183=IFCDIRECTION((1.,0.,0.));
#7184=IFCAXIS2PLACEMENT3D(#7181,#7182,#7183);
#7185=IFCDIRECTION((0.,0.,-1.));
#7186=IFCEXTRUDEDAREASOLID(#7180,#7184,#7185,0.035000000149011612);
#7187=IFCINDEXEDPOLYCURVE(#7188,(IFCLINEINDEX((1,2,3,4,1))),$);
#7188=IFCCARTESIANPOINTLIST2D(((0.035000000149011612,0.035000000149011612),(0.44216352887451649,0.035000000149011612),(0.44216352887451649,0.81499997526407242),(0.035000000149011612,0.81499997526407242)));
#7189=IFCARBITRARYCLOSEDPROFILEDEF(.AREA.,$,#7187);
#7190=IFCCARTESIANPOINT((0.02500000037252903,0.10250000178813934,0.02500000037252903));
#7191=IFCDIRECTION((0.,-1.,0.));
#7192=IFCDIRECTION((1.,0.,0.));
#7193=IFCAXIS2PLACEMENT3D(#7190,#7191,#7192);
#7194=IFCDIRECTION((0.,0.,-1.));
#7195=IFCEXTRUDEDAREASOLID(#7189,#7193,#7194,0.01);
#7196=IFCCARTESIANPOINTLIST2D(((0.,0.89999997615814209),(0.74352383613586426,0.89999997615814209),(0.74352383613586426,0.),(0.,0.),(0.,0.02500000037252903),(0.71852383576333523,0.02500000037252903),(0.71852383576333523,0.87499997578561306),(0.,0.87499997578561306)));
#7197=IFCINDEXEDPOLYCURVE(#7196,(IFCLINEINDEX((1,2,3,4,5,6,7,8,1))),$);
#7198=IFCARBITRARYCLOSEDPROFILEDEF(.AREA.,$,#7197);
#7199=IFCCARTESIANPOINT((0.50216352939605713,0.090000001713633537,0.));
#7200=IFCDIRECTION((0.,-1.,0.));
#7201=IFCDIRECTION((1.,0.,0.));
#7202=IFCAXIS2PLACEMENT3D(#7199,#7200,#7201);
#7203=IFCDIRECTION((0.,0.,-1.));
#7204=IFCEXTRUDEDAREASOLID(#7198,#7202,#7203,0.0099999997764825821);
#7205=IFCCARTESIANPOINTLIST2D(((0.,0.),(0.74352383613586426,0.),(0.74352383613586426,0.89999997615814209),(0.,0.89999997615814209)));
#7206=IFCINDEXEDPOLYCURVE(#7205,(IFCLINEINDEX((1,2,3,4,1))),$);
#7207=IFCCARTESIANPOINTLIST2D(((0.02500000037252903,0.05000000074505806),(0.6935238353908062,0.05000000074505806),(0.6935238353908062,0.84999997541308403),(0.02500000037252903,0.84999997541308403)));
#7208=IFCINDEXEDPOLYCURVE(#7207,(IFCLINEINDEX((1,2,3,4,1))),$);
#7209=IFCARBITRARYPROFILEDEFWITHVOIDS(.AREA.,$,#7206,(#7208));
#7210=IFCCARTESIANPOINT((0.50216352939605713,0.05000000074505806,0.));
#7211=IFCDIRECTION((0.,-1.,0.));
#7212=IFCDIRECTION((1.,0.,0.));
#7213=IFCAXIS2PLACEMENT3D(#7210,#7211,#7212);
#7214=IFCDIRECTION((0.,0.,-1.));
#7215=IFCEXTRUDEDAREASOLID(#7209,#7213,#7214,0.040000000968575478);
#7216=IFCCARTESIANPOINTLIST2D(((0.,0.),(0.71852383576333523,0.),(0.71852383576333523,0.84999997541308403),(0.,0.84999997541308403)));
#7217=IFCINDEXEDPOLYCURVE(#7216,(IFCLINEINDEX((1,2,3,4,1))),$);
#7218=IFCCARTESIANPOINTLIST2D(((0.035000000149011612,0.035000000149011612),(0.68352383561432362,0.035000000149011612),(0.68352383561432362,0.81499997526407242),(0.035000000149011612,0.81499997526407242)));
#7219=IFCINDEXEDPOLYCURVE(#7218,(IFCLINEINDEX((1,2,3,4,1))),$);
#7220=IFCARBITRARYPROFILEDEFWITHVOIDS(.AREA.,$,#7217,(#7219));
#7221=IFCCARTESIANPOINT((0.50216352939605713,0.090000001713633537,0.02500000037252903));
#7222=IFCDIRECTION((0.,-1.,0.));
#7223=IFCDIRECTION((1.,0.,0.));
#7224=IFCAXIS2PLACEMENT3D(#7221,#7222,#7223);
#7225=IFCDIRECTION((0.,0.,-1.));
#7226=IFCEXTRUDEDAREASOLID(#7220,#7224,#7225,0.035000000149011612);
#7227=IFCINDEXEDPOLYCURVE(#7228,(IFCLINEINDEX((1,2,3,4,1))),$);
#7228=IFCCARTESIANPOINTLIST2D(((0.035000000149011612,0.035000000149011612),(0.68352383561432362,0.035000000149011612),(0.68352383561432362,0.81499997526407242),(0.035000000149011612,0.81499997526407242)));
#7229=IFCARBITRARYCLOSEDPROFILEDEF(.AREA.,$,#7227);
#7230=IFCCARTESIANPOINT((0.50216352939605713,0.10250000178813934,0.02500000037252903));
#7231=IFCDIRECTION((0.,-1.,0.));
#7232=IFCDIRECTION((1.,0.,0.));
#7233=IFCAXIS2PLACEMENT3D(#7230,#7231,#7232);
#7234=IFCDIRECTION((0.,0.,-1.));
#7235=IFCEXTRUDEDAREASOLID(#7229,#7233,#7234,0.01);
#7295=IFCWINDOWTYPE('1Rtc4u_rL67RhGUYpi709S',$,'Guest-2-GF',$,$,(#7296),(#7298,#7306,#7354),$,$,.WINDOW.,.SINGLE_PANEL.,$,$);
#7296=IFCPROPERTYSET('2kcQ8nNk93yfOiwaC$TTfr',$,'BBIM_Window',$,(#7297));
#7297=IFCPROPERTYSINGLEVALUE('Data',$,IFCTEXT('{"window_type": "SINGLE_PANEL", "overall_height": 0.8999999761581421, "overall_width": 0.8487410545349121, "lining_properties": {"lining_depth": 0.05000000074505806, "lining_thickness": 0.05000000074505806, "lining_offset": 0.05000000074505806, "lining_to_panel_offset_x": 0.02500000037252903, "lining_to_panel_offset_y": 0.02500000037252903}, "panel_properties": {"frame_depth": [0.03500000014901161, 0.03500000014901161, 0.03500000014901161], "frame_thickness": [0.03500000014901161, 0.03500000014901161, 0.03500000014901161]}}'),$);
#7298=IFCREPRESENTATIONMAP(#7299,#8135);
#7299=IFCAXIS2PLACEMENT3D(#7300,#7301,#7302);
#7300=IFCCARTESIANPOINT((0.,0.,0.));
#7301=IFCDIRECTION((0.,0.,1.));
#7302=IFCDIRECTION((1.,0.,0.));
#7306=IFCREPRESENTATIONMAP(#7307,#8178);
#7307=IFCAXIS2PLACEMENT3D(#7308,#7309,#7310);
#7308=IFCCARTESIANPOINT((0.,0.,0.));
#7309=IFCDIRECTION((0.,0.,1.));
#7310=IFCDIRECTION((1.,0.,0.));
#7354=IFCREPRESENTATIONMAP(#7355,#8195);
#7355=IFCAXIS2PLACEMENT3D(#7356,#7357,#7358);
#7356=IFCCARTESIANPOINT((0.,0.,0.));
#7357=IFCDIRECTION((0.,0.,1.));
#7358=IFCDIRECTION((1.,0.,0.));
#7379=IFCCARTESIANPOINTLIST2D(((0.62848305702209473,0.),(0.,0.),(0.,0.89999997615814209),(0.62848305702209473,0.89999997615814209),(0.62848305702209473,0.87499997578561306),(0.02500000037252903,0.87499997578561306),(0.02500000037252903,0.02500000037252903),(0.62848305702209473,0.02500000037252903)));
#7380=IFCINDEXEDPOLYCURVE(#7379,(IFCLINEINDEX((1,2,3,4,5,6,7,8,1))),$);
#7381=IFCARBITRARYCLOSEDPROFILEDEF(.AREA.,$,#7380);
#7382=IFCCARTESIANPOINT((0.,0.090000001713633537,0.));
#7383=IFCDIRECTION((0.,-1.,0.));
#7384=IFCDIRECTION((1.,0.,0.));
#7385=IFCAXIS2PLACEMENT3D(#7382,#7383,#7384);
#7386=IFCDIRECTION((0.,0.,-1.));
#7387=IFCEXTRUDEDAREASOLID(#7381,#7385,#7386,0.0099999997764825821);
#7388=IFCCARTESIANPOINTLIST2D(((0.,0.),(0.62848305702209473,0.),(0.62848305702209473,0.89999997615814209),(0.,0.89999997615814209)));
#7389=IFCINDEXEDPOLYCURVE(#7388,(IFCLINEINDEX((1,2,3,4,1))),$);
#7390=IFCCARTESIANPOINTLIST2D(((0.05000000074505806,0.05000000074505806),(0.6034830566495657,0.05000000074505806),(0.6034830566495657,0.84999997541308403),(0.05000000074505806,0.84999997541308403)));
#7391=IFCINDEXEDPOLYCURVE(#7390,(IFCLINEINDEX((1,2,3,4,1))),$);
#7392=IFCARBITRARYPROFILEDEFWITHVOIDS(.AREA.,$,#7389,(#7391));
#7393=IFCCARTESIANPOINT((0.,0.05000000074505806,0.));
#7394=IFCDIRECTION((0.,-1.,0.));
#7395=IFCDIRECTION((1.,0.,0.));
#7396=IFCAXIS2PLACEMENT3D(#7393,#7394,#7395);
#7397=IFCDIRECTION((0.,0.,-1.));
#7398=IFCEXTRUDEDAREASOLID(#7392,#7396,#7397,0.040000000968575478);
#7399=IFCCARTESIANPOINTLIST2D(((0.,0.),(0.6034830566495657,0.),(0.6034830566495657,0.84999997541308403),(0.,0.84999997541308403)));
#7400=IFCINDEXEDPOLYCURVE(#7399,(IFCLINEINDEX((1,2,3,4,1))),$);
#7401=IFCCARTESIANPOINTLIST2D(((0.035000000149011612,0.035000000149011612),(0.56848305650055408,0.035000000149011612),(0.56848305650055408,0.81499997526407242),(0.035000000149011612,0.81499997526407242)));
#7402=IFCINDEXEDPOLYCURVE(#7401,(IFCLINEINDEX((1,2,3,4,1))),$);
#7403=IFCARBITRARYPROFILEDEFWITHVOIDS(.AREA.,$,#7400,(#7402));
#7404=IFCCARTESIANPOINT((0.02500000037252903,0.090000001713633537,0.02500000037252903));
#7405=IFCDIRECTION((0.,-1.,0.));
#7406=IFCDIRECTION((1.,0.,0.));
#7407=IFCAXIS2PLACEMENT3D(#7404,#7405,#7406);
#7408=IFCDIRECTION((0.,0.,-1.));
#7409=IFCEXTRUDEDAREASOLID(#7403,#7407,#7408,0.035000000149011612);
#7410=IFCINDEXEDPOLYCURVE(#7411,(IFCLINEINDEX((1,2,3,4,1))),$);
#7411=IFCCARTESIANPOINTLIST2D(((0.035000000149011612,0.035000000149011612),(0.56848305650055408,0.035000000149011612),(0.56848305650055408,0.81499997526407242),(0.035000000149011612,0.81499997526407242)));
#7412=IFCARBITRARYCLOSEDPROFILEDEF(.AREA.,$,#7410);
#7413=IFCCARTESIANPOINT((0.02500000037252903,0.10250000178813934,0.02500000037252903));
#7414=IFCDIRECTION((0.,-1.,0.));
#7415=IFCDIRECTION((1.,0.,0.));
#7416=IFCAXIS2PLACEMENT3D(#7413,#7414,#7415);
#7417=IFCDIRECTION((0.,0.,-1.));
#7418=IFCEXTRUDEDAREASOLID(#7412,#7416,#7417,0.01);
#7419=IFCCARTESIANPOINTLIST2D(((0.,0.89999997615814209),(0.61720430850982666,0.89999997615814209),(0.61720430850982666,0.),(0.,0.),(0.,0.02500000037252903),(0.59220430813729763,0.02500000037252903),(0.59220430813729763,0.87499997578561306),(0.,0.87499997578561306)));
#7420=IFCINDEXEDPOLYCURVE(#7419,(IFCLINEINDEX((1,2,3,4,5,6,7,8,1))),$);
#7421=IFCARBITRARYCLOSEDPROFILEDEF(.AREA.,$,#7420);
#7422=IFCCARTESIANPOINT((0.62848305702209473,0.090000001713633537,0.));
#7423=IFCDIRECTION((0.,-1.,0.));
#7424=IFCDIRECTION((1.,0.,0.));
#7425=IFCAXIS2PLACEMENT3D(#7422,#7423,#7424);
#7426=IFCDIRECTION((0.,0.,-1.));
#7427=IFCEXTRUDEDAREASOLID(#7421,#7425,#7426,0.0099999997764825821);
#7428=IFCCARTESIANPOINTLIST2D(((0.,0.),(0.61720430850982666,0.),(0.61720430850982666,0.89999997615814209),(0.,0.89999997615814209)));
#7429=IFCINDEXEDPOLYCURVE(#7428,(IFCLINEINDEX((1,2,3,4,1))),$);
#7430=IFCCARTESIANPOINTLIST2D(((0.02500000037252903,0.05000000074505806),(0.5672043077647686,0.05000000074505806),(0.5672043077647686,0.84999997541308403),(0.02500000037252903,0.84999997541308403)));
#7431=IFCINDEXEDPOLYCURVE(#7430,(IFCLINEINDEX((1,2,3,4,1))),$);
#7432=IFCARBITRARYPROFILEDEFWITHVOIDS(.AREA.,$,#7429,(#7431));
#7433=IFCCARTESIANPOINT((0.62848305702209473,0.05000000074505806,0.));
#7434=IFCDIRECTION((0.,-1.,0.));
#7435=IFCDIRECTION((1.,0.,0.));
#7436=IFCAXIS2PLACEMENT3D(#7433,#7434,#7435);
#7437=IFCDIRECTION((0.,0.,-1.));
#7438=IFCEXTRUDEDAREASOLID(#7432,#7436,#7437,0.040000000968575478);
#7439=IFCCARTESIANPOINTLIST2D(((0.,0.),(0.59220430813729763,0.),(0.59220430813729763,0.84999997541308403),(0.,0.84999997541308403)));
#7440=IFCINDEXEDPOLYCURVE(#7439,(IFCLINEINDEX((1,2,3,4,1))),$);
#7441=IFCCARTESIANPOINTLIST2D(((0.035000000149011612,0.035000000149011612),(0.55720430798828602,0.035000000149011612),(0.55720430798828602,0.81499997526407242),(0.035000000149011612,0.81499997526407242)));
#7442=IFCINDEXEDPOLYCURVE(#7441,(IFCLINEINDEX((1,2,3,4,1))),$);
#7443=IFCARBITRARYPROFILEDEFWITHVOIDS(.AREA.,$,#7440,(#7442));
#7444=IFCCARTESIANPOINT((0.62848305702209473,0.090000001713633537,0.02500000037252903));
#7445=IFCDIRECTION((0.,-1.,0.));
#7446=IFCDIRECTION((1.,0.,0.));
#7447=IFCAXIS2PLACEMENT3D(#7444,#7445,#7446);
#7448=IFCDIRECTION((0.,0.,-1.));
#7449=IFCEXTRUDEDAREASOLID(#7443,#7447,#7448,0.035000000149011612);
#7450=IFCINDEXEDPOLYCURVE(#7451,(IFCLINEINDEX((1,2,3,4,1))),$);
#7451=IFCCARTESIANPOINTLIST2D(((0.035000000149011612,0.035000000149011612),(0.55720430798828602,0.035000000149011612),(0.55720430798828602,0.81499997526407242),(0.035000000149011612,0.81499997526407242)));
#7452=IFCARBITRARYCLOSEDPROFILEDEF(.AREA.,$,#7450);
#7453=IFCCARTESIANPOINT((0.62848305702209473,0.10250000178813934,0.02500000037252903));
#7454=IFCDIRECTION((0.,-1.,0.));
#7455=IFCDIRECTION((1.,0.,0.));
#7456=IFCAXIS2PLACEMENT3D(#7453,#7454,#7455);
#7457=IFCDIRECTION((0.,0.,-1.));
#7458=IFCEXTRUDEDAREASOLID(#7452,#7456,#7457,0.01);
#7521=IFCCARTESIANPOINTLIST2D(((0.,0.),(0.62848305702209473,0.),(0.62848305702209473,0.89999997615814209),(0.,0.89999997615814209)));
#7522=IFCINDEXEDPOLYCURVE(#7521,(IFCLINEINDEX((1,2,3,4,1))),$);
#7523=IFCCARTESIANPOINTLIST2D(((0.02500000037252903,0.02500000037252903),(0.65348305739462376,0.02500000037252903),(0.65348305739462376,0.87499997578561306),(0.02500000037252903,0.87499997578561306)));
#7524=IFCINDEXEDPOLYCURVE(#7523,(IFCLINEINDEX((1,2,3,4,1))),$);
#7525=IFCARBITRARYPROFILEDEFWITHVOIDS(.AREA.,$,#7522,(#7524));
#7526=IFCCARTESIANPOINT((0.,0.090000001713633537,0.));
#7527=IFCDIRECTION((0.,-1.,0.));
#7528=IFCDIRECTION((1.,0.,0.));
#7529=IFCAXIS2PLACEMENT3D(#7526,#7527,#7528);
#7530=IFCDIRECTION((0.,0.,-1.));
#7531=IFCEXTRUDEDAREASOLID(#7525,#7529,#7530,0.0099999997764825821);
#7532=IFCCARTESIANPOINTLIST2D(((0.62848305702209473,0.),(0.,0.),(0.,0.89999997615814209),(0.62848305702209473,0.89999997615814209),(0.62848305702209473,0.84999997541308403),(0.05000000074505806,0.84999997541308403),(0.05000000074505806,0.05000000074505806),(0.62848305702209473,0.05000000074505806)));
#7533=IFCINDEXEDPOLYCURVE(#7532,(IFCLINEINDEX((1,2,3,4,5,6,7,8,1))),$);
#7534=IFCARBITRARYCLOSEDPROFILEDEF(.AREA.,$,#7533);
#7535=IFCCARTESIANPOINT((0.,0.05000000074505806,0.));
#7536=IFCDIRECTION((0.,-1.,0.));
#7537=IFCDIRECTION((1.,0.,0.));
#7538=IFCAXIS2PLACEMENT3D(#7535,#7536,#7537);
#7539=IFCDIRECTION((0.,0.,-1.));
#7540=IFCEXTRUDEDAREASOLID(#7534,#7538,#7539,0.040000000968575478);
#7541=IFCCARTESIANPOINTLIST2D(((0.,0.),(0.62848305702209473,0.),(0.62848305702209473,0.84999997541308403),(0.,0.84999997541308403)));
#7542=IFCINDEXEDPOLYCURVE(#7541,(IFCLINEINDEX((1,2,3,4,1))),$);
#7543=IFCCARTESIANPOINTLIST2D(((0.035000000149011612,0.035000000149011612),(0.59348305687308311,0.035000000149011612),(0.59348305687308311,0.81499997526407242),(0.035000000149011612,0.81499997526407242)));
#7544=IFCINDEXEDPOLYCURVE(#7543,(IFCLINEINDEX((1,2,3,4,1))),$);
#7545=IFCARBITRARYPROFILEDEFWITHVOIDS(.AREA.,$,#7542,(#7544));
#7546=IFCCARTESIANPOINT((0.02500000037252903,0.090000001713633537,0.02500000037252903));
#7547=IFCDIRECTION((0.,-1.,0.));
#7548=IFCDIRECTION((1.,0.,0.));
#7549=IFCAXIS2PLACEMENT3D(#7546,#7547,#7548);
#7550=IFCDIRECTION((0.,0.,-1.));
#7551=IFCEXTRUDEDAREASOLID(#7545,#7549,#7550,0.035000000149011612);
#7552=IFCINDEXEDPOLYCURVE(#7553,(IFCLINEINDEX((1,2,3,4,1))),$);
#7553=IFCCARTESIANPOINTLIST2D(((0.035000000149011612,0.035000000149011612),(0.59348305687308311,0.035000000149011612),(0.59348305687308311,0.81499997526407242),(0.035000000149011612,0.81499997526407242)));
#7554=IFCARBITRARYCLOSEDPROFILEDEF(.AREA.,$,#7552);
#7555=IFCCARTESIANPOINT((0.02500000037252903,0.10250000178813934,0.02500000037252903));
#7556=IFCDIRECTION((0.,-1.,0.));
#7557=IFCDIRECTION((1.,0.,0.));
#7558=IFCAXIS2PLACEMENT3D(#7555,#7556,#7557);
#7559=IFCDIRECTION((0.,0.,-1.));
#7560=IFCEXTRUDEDAREASOLID(#7554,#7558,#7559,0.01);
#7561=IFCCARTESIANPOINTLIST2D(((0.,0.),(0.61720430850982666,0.),(0.61720430850982666,0.89999997615814209),(0.,0.89999997615814209)));
#7562=IFCINDEXEDPOLYCURVE(#7561,(IFCLINEINDEX((1,2,3,4,1))),$);
#7563=IFCCARTESIANPOINTLIST2D(((-0.02500000037252903,0.02500000037252903),(0.59220430813729763,0.02500000037252903),(0.59220430813729763,0.87499997578561306),(-0.02500000037252903,0.87499997578561306)));
#7564=IFCINDEXEDPOLYCURVE(#7563,(IFCLINEINDEX((1,2,3,4,1))),$);
#7565=IFCARBITRARYPROFILEDEFWITHVOIDS(.AREA.,$,#7562,(#7564));
#7566=IFCCARTESIANPOINT((0.62848305702209473,0.090000001713633537,0.));
#7567=IFCDIRECTION((0.,-1.,0.));
#7568=IFCDIRECTION((1.,0.,0.));
#7569=IFCAXIS2PLACEMENT3D(#7566,#7567,#7568);
#7570=IFCDIRECTION((0.,0.,-1.));
#7571=IFCEXTRUDEDAREASOLID(#7565,#7569,#7570,0.0099999997764825821);
#7572=IFCCARTESIANPOINTLIST2D(((0.,0.89999997615814209),(0.61720430850982666,0.89999997615814209),(0.61720430850982666,0.),(0.,0.),(0.,0.05000000074505806),(0.5672043077647686,0.05000000074505806),(0.5672043077647686,0.84999997541308403),(0.,0.84999997541308403)));
#7573=IFCINDEXEDPOLYCURVE(#7572,(IFCLINEINDEX((1,2,3,4,5,6,7,8,1))),$);
#7574=IFCARBITRARYCLOSEDPROFILEDEF(.AREA.,$,#7573);
#7575=IFCCARTESIANPOINT((0.62848305702209473,0.05000000074505806,0.));
#7576=IFCDIRECTION((0.,-1.,0.));
#7577=IFCDIRECTION((1.,0.,0.));
#7578=IFCAXIS2PLACEMENT3D(#7575,#7576,#7577);
#7579=IFCDIRECTION((0.,0.,-1.));
#7580=IFCEXTRUDEDAREASOLID(#7574,#7578,#7579,0.040000000968575478);
#7581=IFCCARTESIANPOINTLIST2D(((0.,0.),(0.61720430850982666,0.),(0.61720430850982666,0.84999997541308403),(0.,0.84999997541308403)));
#7582=IFCINDEXEDPOLYCURVE(#7581,(IFCLINEINDEX((1,2,3,4,1))),$);
#7583=IFCCARTESIANPOINTLIST2D(((0.035000000149011612,0.035000000149011612),(0.58220430836081505,0.035000000149011612),(0.58220430836081505,0.81499997526407242),(0.035000000149011612,0.81499997526407242)));
#7584=IFCINDEXEDPOLYCURVE(#7583,(IFCLINEINDEX((1,2,3,4,1))),$);
#7585=IFCARBITRARYPROFILEDEFWITHVOIDS(.AREA.,$,#7582,(#7584));
#7586=IFCCARTESIANPOINT((0.6034830566495657,0.090000001713633537,0.02500000037252903));
#7587=IFCDIRECTION((0.,-1.,0.));
#7588=IFCDIRECTION((1.,0.,0.));
#7589=IFCAXIS2PLACEMENT3D(#7586,#7587,#7588);
#7590=IFCDIRECTION((0.,0.,-1.));
#7591=IFCEXTRUDEDAREASOLID(#7585,#7589,#7590,0.035000000149011612);
#7592=IFCINDEXEDPOLYCURVE(#7593,(IFCLINEINDEX((1,2,3,4,1))),$);
#7593=IFCCARTESIANPOINTLIST2D(((0.035000000149011612,0.035000000149011612),(0.58220430836081505,0.035000000149011612),(0.58220430836081505,0.81499997526407242),(0.035000000149011612,0.81499997526407242)));
#7594=IFCARBITRARYCLOSEDPROFILEDEF(.AREA.,$,#7592);
#7595=IFCCARTESIANPOINT((0.6034830566495657,0.10250000178813934,0.02500000037252903));
#7596=IFCDIRECTION((0.,-1.,0.));
#7597=IFCDIRECTION((1.,0.,0.));
#7598=IFCAXIS2PLACEMENT3D(#7595,#7596,#7597);
#7599=IFCDIRECTION((0.,0.,-1.));
#7600=IFCEXTRUDEDAREASOLID(#7594,#7598,#7599,0.01);
#7663=IFCCARTESIANPOINTLIST2D(((0.,0.),(0.59482979774475098,0.),(0.59482979774475098,0.89999997615814209),(0.,0.89999997615814209)));
#7664=IFCINDEXEDPOLYCURVE(#7663,(IFCLINEINDEX((1,2,3,4,1))),$);
#7665=IFCCARTESIANPOINTLIST2D(((0.02500000037252903,0.02500000037252903),(0.61982979811728001,0.02500000037252903),(0.61982979811728001,0.87499997578561306),(0.02500000037252903,0.87499997578561306)));
#7666=IFCINDEXEDPOLYCURVE(#7665,(IFCLINEINDEX((1,2,3,4,1))),$);
#7667=IFCARBITRARYPROFILEDEFWITHVOIDS(.AREA.,$,#7664,(#7666));
#7668=IFCCARTESIANPOINT((0.,0.090000001713633537,0.));
#7669=IFCDIRECTION((0.,-1.,0.));
#7670=IFCDIRECTION((1.,0.,0.));
#7671=IFCAXIS2PLACEMENT3D(#7668,#7669,#7670);
#7672=IFCDIRECTION((0.,0.,-1.));
#7673=IFCEXTRUDEDAREASOLID(#7667,#7671,#7672,0.0099999997764825821);
#7674=IFCCARTESIANPOINTLIST2D(((0.59482979774475098,0.),(0.,0.),(0.,0.89999997615814209),(0.59482979774475098,0.89999997615814209),(0.59482979774475098,0.84999997541308403),(0.05000000074505806,0.84999997541308403),(0.05000000074505806,0.05000000074505806),(0.59482979774475098,0.05000000074505806)));
#7675=IFCINDEXEDPOLYCURVE(#7674,(IFCLINEINDEX((1,2,3,4,5,6,7,8,1))),$);
#7676=IFCARBITRARYCLOSEDPROFILEDEF(.AREA.,$,#7675);
#7677=IFCCARTESIANPOINT((0.,0.05000000074505806,0.));
#7678=IFCDIRECTION((0.,-1.,0.));
#7679=IFCDIRECTION((1.,0.,0.));
#7680=IFCAXIS2PLACEMENT3D(#7677,#7678,#7679);
#7681=IFCDIRECTION((0.,0.,-1.));
#7682=IFCEXTRUDEDAREASOLID(#7676,#7680,#7681,0.040000000968575478);
#7683=IFCCARTESIANPOINTLIST2D(((0.,0.),(0.59482979774475098,0.),(0.59482979774475098,0.84999997541308403),(0.,0.84999997541308403)));
#7684=IFCINDEXEDPOLYCURVE(#7683,(IFCLINEINDEX((1,2,3,4,1))),$);
#7685=IFCCARTESIANPOINTLIST2D(((0.035000000149011612,0.035000000149011612),(0.55982979759573936,0.035000000149011612),(0.55982979759573936,0.81499997526407242),(0.035000000149011612,0.81499997526407242)));
#7686=IFCINDEXEDPOLYCURVE(#7685,(IFCLINEINDEX((1,2,3,4,1))),$);
#7687=IFCARBITRARYPROFILEDEFWITHVOIDS(.AREA.,$,#7684,(#7686));
#7688=IFCCARTESIANPOINT((0.02500000037252903,0.090000001713633537,0.02500000037252903));
#7689=IFCDIRECTION((0.,-1.,0.));
#7690=IFCDIRECTION((1.,0.,0.));
#7691=IFCAXIS2PLACEMENT3D(#7688,#7689,#7690);
#7692=IFCDIRECTION((0.,0.,-1.));
#7693=IFCEXTRUDEDAREASOLID(#7687,#7691,#7692,0.035000000149011612);
#7694=IFCINDEXEDPOLYCURVE(#7695,(IFCLINEINDEX((1,2,3,4,1))),$);
#7695=IFCCARTESIANPOINTLIST2D(((0.035000000149011612,0.035000000149011612),(0.55982979759573936,0.035000000149011612),(0.55982979759573936,0.81499997526407242),(0.035000000149011612,0.81499997526407242)));
#7696=IFCARBITRARYCLOSEDPROFILEDEF(.AREA.,$,#7694);
#7697=IFCCARTESIANPOINT((0.02500000037252903,0.10250000178813934,0.02500000037252903));
#7698=IFCDIRECTION((0.,-1.,0.));
#7699=IFCDIRECTION((1.,0.,0.));
#7700=IFCAXIS2PLACEMENT3D(#7697,#7698,#7699);
#7701=IFCDIRECTION((0.,0.,-1.));
#7702=IFCEXTRUDEDAREASOLID(#7696,#7700,#7701,0.01);
#7703=IFCCARTESIANPOINTLIST2D(((0.,0.),(0.65085756778717041,0.),(0.65085756778717041,0.89999997615814209),(0.,0.89999997615814209)));
#7704=IFCINDEXEDPOLYCURVE(#7703,(IFCLINEINDEX((1,2,3,4,1))),$);
#7705=IFCCARTESIANPOINTLIST2D(((-0.02500000037252903,0.02500000037252903),(0.62585756741464138,0.02500000037252903),(0.62585756741464138,0.87499997578561306),(-0.02500000037252903,0.87499997578561306)));
#7706=IFCINDEXEDPOLYCURVE(#7705,(IFCLINEINDEX((1,2,3,4,1))),$);
#7707=IFCARBITRARYPROFILEDEFWITHVOIDS(.AREA.,$,#7704,(#7706));
#7708=IFCCARTESIANPOINT((0.59482979774475098,0.090000001713633537,0.));
#7709=IFCDIRECTION((0.,-1.,0.));
#7710=IFCDIRECTION((1.,0.,0.));
#7711=IFCAXIS2PLACEMENT3D(#7708,#7709,#7710);
#7712=IFCDIRECTION((0.,0.,-1.));
#7713=IFCEXTRUDEDAREASOLID(#7707,#7711,#7712,0.0099999997764825821);
#7714=IFCCARTESIANPOINTLIST2D(((0.,0.89999997615814209),(0.65085756778717041,0.89999997615814209),(0.65085756778717041,0.),(0.,0.),(0.,0.05000000074505806),(0.60085756704211235,0.05000000074505806),(0.60085756704211235,0.84999997541308403),(0.,0.84999997541308403)));
#7715=IFCINDEXEDPOLYCURVE(#7714,(IFCLINEINDEX((1,2,3,4,5,6,7,8,1))),$);
#7716=IFCARBITRARYCLOSEDPROFILEDEF(.AREA.,$,#7715);
#7717=IFCCARTESIANPOINT((0.59482979774475098,0.05000000074505806,0.));
#7718=IFCDIRECTION((0.,-1.,0.));
#7719=IFCDIRECTION((1.,0.,0.));
#7720=IFCAXIS2PLACEMENT3D(#7717,#7718,#7719);
#7721=IFCDIRECTION((0.,0.,-1.));
#7722=IFCEXTRUDEDAREASOLID(#7716,#7720,#7721,0.040000000968575478);
#7723=IFCCARTESIANPOINTLIST2D(((0.,0.),(0.65085756778717041,0.),(0.65085756778717041,0.84999997541308403),(0.,0.84999997541308403)));
#7724=IFCINDEXEDPOLYCURVE(#7723,(IFCLINEINDEX((1,2,3,4,1))),$);
#7725=IFCCARTESIANPOINTLIST2D(((0.035000000149011612,0.035000000149011612),(0.6158575676381588,0.035000000149011612),(0.6158575676381588,0.81499997526407242),(0.035000000149011612,0.81499997526407242)));
#7726=IFCINDEXEDPOLYCURVE(#7725,(IFCLINEINDEX((1,2,3,4,1))),$);
#7727=IFCARBITRARYPROFILEDEFWITHVOIDS(.AREA.,$,#7724,(#7726));
#7728=IFCCARTESIANPOINT((0.56982979737222195,0.090000001713633537,0.02500000037252903));
#7729=IFCDIRECTION((0.,-1.,0.));
#7730=IFCDIRECTION((1.,0.,0.));
#7731=IFCAXIS2PLACEMENT3D(#7728,#7729,#7730);
#7732=IFCDIRECTION((0.,0.,-1.));
#7733=IFCEXTRUDEDAREASOLID(#7727,#7731,#7732,0.035000000149011612);
#7734=IFCINDEXEDPOLYCURVE(#7735,(IFCLINEINDEX((1,2,3,4,1))),$);
#7735=IFCCARTESIANPOINTLIST2D(((0.035000000149011612,0.035000000149011612),(0.6158575676381588,0.035000000149011612),(0.6158575676381588,0.81499997526407242),(0.035000000149011612,0.81499997526407242)));
#7736=IFCARBITRARYCLOSEDPROFILEDEF(.AREA.,$,#7734);
#7737=IFCCARTESIANPOINT((0.56982979737222195,0.10250000178813934,0.02500000037252903));
#7738=IFCDIRECTION((0.,-1.,0.));
#7739=IFCDIRECTION((1.,0.,0.));
#7740=IFCAXIS2PLACEMENT3D(#7737,#7738,#7739);
#7741=IFCDIRECTION((0.,0.,-1.));
#7742=IFCEXTRUDEDAREASOLID(#7736,#7740,#7741,0.01);
#7802=IFCCARTESIANPOINTLIST3D(((0.,0.,0.),(1.2456873655319214,0.,0.),(1.2456873655319214,0.,0.89999997615814209),(0.,0.,0.89999997615814209)));
#7803=IFCINDEXEDPOLYCURVE(#7802,(IFCLINEINDEX((1,2,3,4,1))),$);
#7804=IFCSHAPEREPRESENTATION(#18,'Profile','Curve3D',(#7803));
#7805=IFCCARTESIANPOINTLIST2D(((0.,0.),(0.62754833698272705,0.),(0.62754833698272705,0.89999997615814209),(0.,0.89999997615814209)));
#7806=IFCINDEXEDPOLYCURVE(#7805,(IFCLINEINDEX((1,2,3,4,1))),$);
#7807=IFCCARTESIANPOINTLIST2D(((0.02500000037252903,0.02500000037252903),(0.65254833735525608,0.02500000037252903),(0.65254833735525608,0.87499997578561306),(0.02500000037252903,0.87499997578561306)));
#7808=IFCINDEXEDPOLYCURVE(#7807,(IFCLINEINDEX((1,2,3,4,1))),$);
#7809=IFCARBITRARYPROFILEDEFWITHVOIDS(.AREA.,$,#7806,(#7808));
#7810=IFCCARTESIANPOINT((0.,0.090000001713633537,0.));
#7811=IFCDIRECTION((0.,-1.,0.));
#7812=IFCDIRECTION((1.,0.,0.));
#7813=IFCAXIS2PLACEMENT3D(#7810,#7811,#7812);
#7814=IFCDIRECTION((0.,0.,-1.));
#7815=IFCEXTRUDEDAREASOLID(#7809,#7813,#7814,0.0099999997764825821);
#7816=IFCCARTESIANPOINTLIST2D(((0.62754833698272705,0.),(0.,0.),(0.,0.89999997615814209),(0.62754833698272705,0.89999997615814209),(0.62754833698272705,0.84999997541308403),(0.05000000074505806,0.84999997541308403),(0.05000000074505806,0.05000000074505806),(0.62754833698272705,0.05000000074505806)));
#7817=IFCINDEXEDPOLYCURVE(#7816,(IFCLINEINDEX((1,2,3,4,5,6,7,8,1))),$);
#7818=IFCARBITRARYCLOSEDPROFILEDEF(.AREA.,$,#7817);
#7819=IFCCARTESIANPOINT((0.,0.05000000074505806,0.));
#7820=IFCDIRECTION((0.,-1.,0.));
#7821=IFCDIRECTION((1.,0.,0.));
#7822=IFCAXIS2PLACEMENT3D(#7819,#7820,#7821);
#7823=IFCDIRECTION((0.,0.,-1.));
#7824=IFCEXTRUDEDAREASOLID(#7818,#7822,#7823,0.040000000968575478);
#7825=IFCCARTESIANPOINTLIST2D(((0.,0.),(0.62754833698272705,0.),(0.62754833698272705,0.84999997541308403),(0.,0.84999997541308403)));
#7826=IFCINDEXEDPOLYCURVE(#7825,(IFCLINEINDEX((1,2,3,4,1))),$);
#7827=IFCCARTESIANPOINTLIST2D(((0.035000000149011612,0.035000000149011612),(0.59254833683371544,0.035000000149011612),(0.59254833683371544,0.81499997526407242),(0.035000000149011612,0.81499997526407242)));
#7828=IFCINDEXEDPOLYCURVE(#7827,(IFCLINEINDEX((1,2,3,4,1))),$);
#7829=IFCARBITRARYPROFILEDEFWITHVOIDS(.AREA.,$,#7826,(#7828));
#7830=IFCCARTESIANPOINT((0.02500000037252903,0.090000001713633537,0.02500000037252903));
#7831=IFCDIRECTION((0.,-1.,0.));
#7832=IFCDIRECTION((1.,0.,0.));
#7833=IFCAXIS2PLACEMENT3D(#7830,#7831,#7832);
#7834=IFCDIRECTION((0.,0.,-1.));
#7835=IFCEXTRUDEDAREASOLID(#7829,#7833,#7834,0.035000000149011612);
#7836=IFCINDEXEDPOLYCURVE(#7837,(IFCLINEINDEX((1,2,3,4,1))),$);
#7837=IFCCARTESIANPOINTLIST2D(((0.035000000149011612,0.035000000149011612),(0.59254833683371544,0.035000000149011612),(0.59254833683371544,0.81499997526407242),(0.035000000149011612,0.81499997526407242)));
#7838=IFCARBITRARYCLOSEDPROFILEDEF(.AREA.,$,#7836);
#7839=IFCCARTESIANPOINT((0.02500000037252903,0.10250000178813934,0.02500000037252903));
#7840=IFCDIRECTION((0.,-1.,0.));
#7841=IFCDIRECTION((1.,0.,0.));
#7842=IFCAXIS2PLACEMENT3D(#7839,#7840,#7841);
#7843=IFCDIRECTION((0.,0.,-1.));
#7844=IFCEXTRUDEDAREASOLID(#7838,#7842,#7843,0.01);
#7845=IFCCARTESIANPOINTLIST2D(((0.,0.),(0.61813902854919434,0.),(0.61813902854919434,0.89999997615814209),(0.,0.89999997615814209)));
#7846=IFCINDEXEDPOLYCURVE(#7845,(IFCLINEINDEX((1,2,3,4,1))),$);
#7847=IFCCARTESIANPOINTLIST2D(((-0.02500000037252903,0.02500000037252903),(0.59313902817666531,0.02500000037252903),(0.59313902817666531,0.87499997578561306),(-0.02500000037252903,0.87499997578561306)));
#7848=IFCINDEXEDPOLYCURVE(#7847,(IFCLINEINDEX((1,2,3,4,1))),$);
#7849=IFCARBITRARYPROFILEDEFWITHVOIDS(.AREA.,$,#7846,(#7848));
#7850=IFCCARTESIANPOINT((0.62754833698272705,0.090000001713633537,0.));
#7851=IFCDIRECTION((0.,-1.,0.));
#7852=IFCDIRECTION((1.,0.,0.));
#7853=IFCAXIS2PLACEMENT3D(#7850,#7851,#7852);
#7854=IFCDIRECTION((0.,0.,-1.));
#7855=IFCEXTRUDEDAREASOLID(#7849,#7853,#7854,0.0099999997764825821);
#7856=IFCCARTESIANPOINTLIST2D(((0.,0.89999997615814209),(0.61813902854919434,0.89999997615814209),(0.61813902854919434,0.),(0.,0.),(0.,0.05000000074505806),(0.56813902780413628,0.05000000074505806),(0.56813902780413628,0.84999997541308403),(0.,0.84999997541308403)));
#7857=IFCINDEXEDPOLYCURVE(#7856,(IFCLINEINDEX((1,2,3,4,5,6,7,8,1))),$);
#7858=IFCARBITRARYCLOSEDPROFILEDEF(.AREA.,$,#7857);
#7859=IFCCARTESIANPOINT((0.62754833698272705,0.05000000074505806,0.));
#7860=IFCDIRECTION((0.,-1.,0.));
#7861=IFCDIRECTION((1.,0.,0.));
#7862=IFCAXIS2PLACEMENT3D(#7859,#7860,#7861);
#7863=IFCDIRECTION((0.,0.,-1.));
#7864=IFCEXTRUDEDAREASOLID(#7858,#7862,#7863,0.040000000968575478);
#7865=IFCCARTESIANPOINTLIST2D(((0.,0.),(0.61813902854919434,0.),(0.61813902854919434,0.84999997541308403),(0.,0.84999997541308403)));
#7866=IFCINDEXEDPOLYCURVE(#7865,(IFCLINEINDEX((1,2,3,4,1))),$);
#7867=IFCCARTESIANPOINTLIST2D(((0.035000000149011612,0.035000000149011612),(0.58313902840018272,0.035000000149011612),(0.58313902840018272,0.81499997526407242),(0.035000000149011612,0.81499997526407242)));
#7868=IFCINDEXEDPOLYCURVE(#7867,(IFCLINEINDEX((1,2,3,4,1))),$);
#7869=IFCARBITRARYPROFILEDEFWITHVOIDS(.AREA.,$,#7866,(#7868));
#7870=IFCCARTESIANPOINT((0.60254833661019802,0.090000001713633537,0.02500000037252903));
#7871=IFCDIRECTION((0.,-1.,0.));
#7872=IFCDIRECTION((1.,0.,0.));
#7873=IFCAXIS2PLACEMENT3D(#7870,#7871,#7872);
#7874=IFCDIRECTION((0.,0.,-1.));
#7875=IFCEXTRUDEDAREASOLID(#7869,#7873,#7874,0.035000000149011612);
#7876=IFCINDEXEDPOLYCURVE(#7877,(IFCLINEINDEX((1,2,3,4,1))),$);
#7877=IFCCARTESIANPOINTLIST2D(((0.035000000149011612,0.035000000149011612),(0.58313902840018272,0.035000000149011612),(0.58313902840018272,0.81499997526407242),(0.035000000149011612,0.81499997526407242)));
#7878=IFCARBITRARYCLOSEDPROFILEDEF(.AREA.,$,#7876);
#7879=IFCCARTESIANPOINT((0.60254833661019802,0.10250000178813934,0.02500000037252903));
#7880=IFCDIRECTION((0.,-1.,0.));
#7881=IFCDIRECTION((1.,0.,0.));
#7882=IFCAXIS2PLACEMENT3D(#7879,#7880,#7881);
#7883=IFCDIRECTION((0.,0.,-1.));
#7884=IFCEXTRUDEDAREASOLID(#7878,#7882,#7883,0.01);
#7885=IFCSHAPEREPRESENTATION(#11,'Body','SweptSolid',(#7815,#7824,#7835,#7844,#7855,#7864,#7875,#7884));
#7886=IFCCARTESIANPOINTLIST2D(((0.05000000074505806,0.05000000074505806),(0.62754833698272705,0.05000000074505806)));
#7887=IFCINDEXEDPOLYCURVE(#7886,$,$);
#7888=IFCCARTESIANPOINTLIST2D(((0.,0.10000000149011612),(0.02500000037252903,0.10000000149011612),(0.02500000037252903,0.090000001713633537),(0.05000000074505806,0.090000001713633537),(0.05000000074505806,0.05000000074505806),(0.,0.05000000074505806)));
#7889=IFCINDEXEDPOLYCURVE(#7888,(IFCLINEINDEX((1,2,3,4,5,6,1))),$);
#7890=IFCCARTESIANPOINTLIST2D(((0.62754833698272705,0.10000000149011612),(0.65254833735525608,0.10000000149011612),(0.65254833735525608,0.090000001713633537),(0.62754833698272705,0.090000001713633537),(0.62754833698272705,0.05000000074505806),(0.62754833698272705,0.05000000074505806)));
#7891=IFCINDEXEDPOLYCURVE(#7890,$,$);
#7892=IFCCARTESIANPOINTLIST2D(((0.02500000037252903,0.090000001713633537),(0.060000000521540642,0.090000001713633537),(0.060000000521540642,0.12500000186264515),(0.02500000037252903,0.12500000186264515)));
#7893=IFCINDEXEDPOLYCURVE(#7892,(IFCLINEINDEX((1,2,3,4,1))),$);
#7894=IFCINDEXEDPOLYCURVE(#7895,(IFCLINEINDEX((1,2,3,4,1))),$);
#7895=IFCCARTESIANPOINTLIST2D(((0.65254833735525608,0.090000001713633537),(0.61754833720624447,0.090000001713633537),(0.61754833720624447,0.12500000186264515),(0.65254833735525608,0.12500000186264515)));
#7896=IFCCARTESIANPOINTLIST2D(((0.060000000521540642,0.090000001713633537),(0.61754833720624447,0.090000001713633537)));
#7897=IFCINDEXEDPOLYCURVE(#7896,$,$);
#7898=IFCINDEXEDPOLYCURVE(#7899,$,$);
#7899=IFCCARTESIANPOINTLIST2D(((0.060000000521540642,0.12500000186264515),(0.61754833720624447,0.12500000186264515)));
#7900=IFCINDEXEDPOLYCURVE(#7901,$,$);
#7901=IFCCARTESIANPOINTLIST2D(((0.060000000521540642,0.10750000178813934),(0.61754833720624447,0.10750000178813934)));
#7902=IFCCARTESIANPOINTLIST2D(((0.62754833698272705,0.05000000074505806),(1.1956873647868633,0.05000000074505806)));
#7903=IFCINDEXEDPOLYCURVE(#7902,$,$);
#7904=IFCCARTESIANPOINTLIST2D(((0.62754833698272705,0.10000000149011612),(0.60254833661019802,0.10000000149011612),(0.60254833661019802,0.090000001713633537),(0.62754833698272705,0.090000001713633537),(0.62754833698272705,0.05000000074505806),(0.62754833698272705,0.05000000074505806)));
#7905=IFCINDEXEDPOLYCURVE(#7904,$,$);
#7906=IFCCARTESIANPOINTLIST2D(((1.2456873655319214,0.10000000149011612),(1.2206873651593924,0.10000000149011612),(1.2206873651593924,0.090000001713633537),(1.1956873647868633,0.090000001713633537),(1.1956873647868633,0.05000000074505806),(1.2456873655319214,0.05000000074505806)));
#7907=IFCINDEXEDPOLYCURVE(#7906,(IFCLINEINDEX((1,2,3,4,5,6,1))),$);
#7908=IFCCARTESIANPOINTLIST2D(((0.60254833661019802,0.090000001713633537),(0.63754833675920963,0.090000001713633537),(0.63754833675920963,0.12500000186264515),(0.60254833661019802,0.12500000186264515)));
#7909=IFCINDEXEDPOLYCURVE(#7908,(IFCLINEINDEX((1,2,3,4,1))),$);
#7910=IFCINDEXEDPOLYCURVE(#7911,(IFCLINEINDEX((1,2,3,4,1))),$);
#7911=IFCCARTESIANPOINTLIST2D(((1.2206873651593924,0.090000001713633537),(1.1856873650103807,0.090000001713633537),(1.1856873650103807,0.12500000186264515),(1.2206873651593924,0.12500000186264515)));
#7912=IFCCARTESIANPOINTLIST2D(((0.63754833675920963,0.090000001713633537),(1.1856873650103807,0.090000001713633537)));
#7913=IFCINDEXEDPOLYCURVE(#7912,$,$);
#7914=IFCINDEXEDPOLYCURVE(#7915,$,$);
#7915=IFCCARTESIANPOINTLIST2D(((0.63754833675920963,0.12500000186264515),(1.1856873650103807,0.12500000186264515)));
#7916=IFCINDEXEDPOLYCURVE(#7917,$,$);
#7917=IFCCARTESIANPOINTLIST2D(((0.63754833675920963,0.10750000178813934),(1.1856873650103807,0.10750000178813934)));
#7918=IFCSHAPEREPRESENTATION(#24,'Body','Curve2D',(#7887,#7889,#7891,#7893,#7894,#7897,#7898,#7900,#7903,#7905,#7907,#7909,#7910,#7913,#7914,#7916));
#7919=IFCCARTESIANPOINTLIST2D(((0.,0.),(1.2456873655319214,0.),(1.2456873655319214,0.89999997615814209),(0.,0.89999997615814209)));
#7920=IFCINDEXEDPOLYCURVE(#7919,(IFCLINEINDEX((1,2,3,4,1))),$);
#7921=IFCARBITRARYCLOSEDPROFILEDEF(.AREA.,$,#7920);
#7922=IFCCARTESIANPOINT((0.,-0.60000002384185791,0.));
#7923=IFCDIRECTION((0.,-1.,0.));
#7924=IFCDIRECTION((1.,0.,0.));
#7925=IFCAXIS2PLACEMENT3D(#7922,#7923,#7924);
#7926=IFCDIRECTION((0.,0.,-1.));
#7927=IFCEXTRUDEDAREASOLID(#7921,#7925,#7926,1.2);
#7928=IFCSHAPEREPRESENTATION(#11,'Body','SweptSolid',(#7927));
#7934=IFCCARTESIANPOINT((2.2679234431254987,0.099996313452720642,1.));
#7935=IFCDIRECTION((0.,0.,1.));
#7936=IFCDIRECTION((-0.99999999999962497,8.6625152562159459E-07,0.));
#7937=IFCAXIS2PLACEMENT3D(#7934,#7935,#7936);
#7938=IFCLOCALPLACEMENT(#1340,#7937);
#7939=IFCCARTESIANPOINT((0.,0.,0.));
#7940=IFCDIRECTION((0.,0.,1.));
#7941=IFCDIRECTION((1.,0.,0.));
#7942=IFCAXIS2PLACEMENT3D(#7939,#7940,#7941);
#7943=IFCLOCALPLACEMENT(#7938,#7942);
#7944=IFCWINDOW('3JfW5eQtj0JxhML$KrJUSF',$,'Window',$,$,#8220,#7953,$,0.89999997615814209,0.84874105453491211,$,.SINGLE_PANEL.,$);
#7945=IFCRELDEFINESBYTYPE('2lAaGM2$L9tBp2pk6TJ5BA',$,$,$,(#7944),#7295);
#7946=IFCCARTESIANPOINT((0.,0.,0.));
#7947=IFCDIRECTION((1.,0.,0.));
#7948=IFCDIRECTION((0.,1.,0.));
#7949=IFCDIRECTION((0.,0.,1.));
#7950=IFCCARTESIANTRANSFORMATIONOPERATOR3D(#7947,#7948,#7946,1.,#7949);
#7951=IFCMAPPEDITEM(#7298,#7950);
#7952=IFCSHAPEREPRESENTATION(#18,'Profile','MappedRepresentation',(#7951));
#7953=IFCPRODUCTDEFINITIONSHAPE($,$,(#7952,#7960,#7967));
#7954=IFCCARTESIANPOINT((0.,0.,0.));
#7955=IFCDIRECTION((1.,0.,0.));
#7956=IFCDIRECTION((0.,1.,0.));
#7957=IFCDIRECTION((0.,0.,1.));
#7958=IFCCARTESIANTRANSFORMATIONOPERATOR3D(#7955,#7956,#7954,1.,#7957);
#7959=IFCMAPPEDITEM(#7306,#7958);
#7960=IFCSHAPEREPRESENTATION(#11,'Body','MappedRepresentation',(#7959));
#7961=IFCCARTESIANPOINT((0.,0.,0.));
#7962=IFCDIRECTION((1.,0.,0.));
#7963=IFCDIRECTION((0.,1.,0.));
#7964=IFCDIRECTION((0.,0.,1.));
#7965=IFCCARTESIANTRANSFORMATIONOPERATOR3D(#7962,#7963,#7961,1.,#7964);
#7966=IFCMAPPEDITEM(#7354,#7965);
#7967=IFCSHAPEREPRESENTATION(#24,'Body','MappedRepresentation',(#7966));
#7968=IFCOPENINGELEMENT('0kqyFaynzDDhkjOybwvsAy',$,'Opening',$,$,#8215,#7996,$,.OPENING.);
#7984=IFCCARTESIANPOINT((0.,0.,0.));
#7985=IFCDIRECTION((1.,0.,0.));
#7986=IFCDIRECTION((0.,0.,1.));
#7987=IFCAXIS2PLACEMENT3D(#7984,#7986,#7985);
#7988=IFCREPRESENTATIONMAP(#7987,#8205);
#7989=IFCCARTESIANPOINT((0.,0.,0.));
#7990=IFCDIRECTION((1.,0.,0.));
#7991=IFCDIRECTION((0.,1.,0.));
#7992=IFCDIRECTION((0.,0.,1.));
#7993=IFCCARTESIANTRANSFORMATIONOPERATOR3D(#7990,#7991,#7989,1.,#7992);
#7994=IFCMAPPEDITEM(#7988,#7993);
#7995=IFCSHAPEREPRESENTATION(#11,'Body','MappedRepresentation',(#7994));
#7996=IFCPRODUCTDEFINITIONSHAPE($,$,(#7995));
#7997=IFCRELVOIDSELEMENT('2u4q1SqAX92gsY1TrtVaMB',$,$,$,#279,#7968);
#8003=IFCRELFILLSELEMENT('0CPp4Oz9L6SeunaPKFVPBT',$,$,$,#7968,#7944);
#8042=IFCCARTESIANPOINTLIST2D(((0.,0.),(0.84493327140808105,0.),(0.84493327140808105,0.89999997615814209),(0.,0.89999997615814209)));
#8043=IFCINDEXEDPOLYCURVE(#8042,(IFCLINEINDEX((1,2,3,4,1))),$);
#8044=IFCCARTESIANPOINTLIST2D(((0.02500000037252903,0.02500000037252903),(0.81993327103555202,0.02500000037252903),(0.81993327103555202,0.87499997578561306),(0.02500000037252903,0.87499997578561306)));
#8045=IFCINDEXEDPOLYCURVE(#8044,(IFCLINEINDEX((1,2,3,4,1))),$);
#8046=IFCARBITRARYPROFILEDEFWITHVOIDS(.AREA.,$,#8043,(#8045));
#8047=IFCCARTESIANPOINT((0.,0.090000001713633537,0.));
#8048=IFCDIRECTION((0.,-1.,0.));
#8049=IFCDIRECTION((1.,0.,0.));
#8050=IFCAXIS2PLACEMENT3D(#8047,#8048,#8049);
#8051=IFCDIRECTION((0.,0.,-1.));
#8052=IFCEXTRUDEDAREASOLID(#8046,#8050,#8051,0.0099999997764825821);
#8053=IFCCARTESIANPOINTLIST2D(((0.,0.),(0.84493327140808105,0.),(0.84493327140808105,0.89999997615814209),(0.,0.89999997615814209)));
#8054=IFCINDEXEDPOLYCURVE(#8053,(IFCLINEINDEX((1,2,3,4,1))),$);
#8055=IFCCARTESIANPOINTLIST2D(((0.05000000074505806,0.05000000074505806),(0.79493327066302299,0.05000000074505806),(0.79493327066302299,0.84999997541308403),(0.05000000074505806,0.84999997541308403)));
#8056=IFCINDEXEDPOLYCURVE(#8055,(IFCLINEINDEX((1,2,3,4,1))),$);
#8057=IFCARBITRARYPROFILEDEFWITHVOIDS(.AREA.,$,#8054,(#8056));
#8058=IFCCARTESIANPOINT((0.,0.05000000074505806,0.));
#8059=IFCDIRECTION((0.,-1.,0.));
#8060=IFCDIRECTION((1.,0.,0.));
#8061=IFCAXIS2PLACEMENT3D(#8058,#8059,#8060);
#8062=IFCDIRECTION((0.,0.,-1.));
#8063=IFCEXTRUDEDAREASOLID(#8057,#8061,#8062,0.040000000968575478);
#8064=IFCCARTESIANPOINTLIST2D(((0.,0.),(0.79493327066302299,0.),(0.79493327066302299,0.84999997541308403),(0.,0.84999997541308403)));
#8065=IFCINDEXEDPOLYCURVE(#8064,(IFCLINEINDEX((1,2,3,4,1))),$);
#8066=IFCCARTESIANPOINTLIST2D(((0.035000000149011612,0.035000000149011612),(0.75993327051401138,0.035000000149011612),(0.75993327051401138,0.81499997526407242),(0.035000000149011612,0.81499997526407242)));
#8067=IFCINDEXEDPOLYCURVE(#8066,(IFCLINEINDEX((1,2,3,4,1))),$);
#8068=IFCARBITRARYPROFILEDEFWITHVOIDS(.AREA.,$,#8065,(#8067));
#8069=IFCCARTESIANPOINT((0.02500000037252903,0.090000001713633537,0.02500000037252903));
#8070=IFCDIRECTION((0.,-1.,0.));
#8071=IFCDIRECTION((1.,0.,0.));
#8072=IFCAXIS2PLACEMENT3D(#8069,#8070,#8071);
#8073=IFCDIRECTION((0.,0.,-1.));
#8074=IFCEXTRUDEDAREASOLID(#8068,#8072,#8073,0.035000000149011612);
#8075=IFCINDEXEDPOLYCURVE(#8076,(IFCLINEINDEX((1,2,3,4,1))),$);
#8076=IFCCARTESIANPOINTLIST2D(((0.035000000149011612,0.035000000149011612),(0.75993327051401138,0.035000000149011612),(0.75993327051401138,0.81499997526407242),(0.035000000149011612,0.81499997526407242)));
#8077=IFCARBITRARYCLOSEDPROFILEDEF(.AREA.,$,#8075);
#8078=IFCCARTESIANPOINT((0.02500000037252903,0.10250000178813934,0.02500000037252903));
#8079=IFCDIRECTION((0.,-1.,0.));
#8080=IFCDIRECTION((1.,0.,0.));
#8081=IFCAXIS2PLACEMENT3D(#8078,#8079,#8080);
#8082=IFCDIRECTION((0.,0.,-1.));
#8083=IFCEXTRUDEDAREASOLID(#8077,#8081,#8082,0.01);
#8085=IFCSHAPEREPRESENTATION(#11,'Body','SweptSolid',(#8146,#8157,#8063,#8052));
#8086=IFCSHAPEASPECT((#8085),'Lining',$,.T.,#7953);
#8087=IFCSHAPEREPRESENTATION(#11,'Body','SweptSolid',(#8168,#8074));
#8088=IFCSHAPEASPECT((#8087),'Framing',$,.T.,#7953);
#8089=IFCSHAPEREPRESENTATION(#11,'Body','SweptSolid',(#8177,#8083));
#8090=IFCSHAPEASPECT((#8089),'Glazing',$,.T.,#7953);
#8133=IFCCARTESIANPOINTLIST3D(((0.,0.,0.),(0.84874105453491211,0.,0.),(0.84874105453491211,0.,0.89999997615814209),(0.,0.,0.89999997615814209)));
#8134=IFCINDEXEDPOLYCURVE(#8133,(IFCLINEINDEX((1,2,3,4,1))),$);
#8135=IFCSHAPEREPRESENTATION(#18,'Profile','Curve3D',(#8134));
#8136=IFCCARTESIANPOINTLIST2D(((0.,0.),(0.84874105453491211,0.),(0.84874105453491211,0.89999997615814209),(0.,0.89999997615814209)));
#8137=IFCINDEXEDPOLYCURVE(#8136,(IFCLINEINDEX((1,2,3,4,1))),$);
#8138=IFCCARTESIANPOINTLIST2D(((0.02500000037252903,0.02500000037252903),(0.82374105416238308,0.02500000037252903),(0.82374105416238308,0.87499997578561306),(0.02500000037252903,0.87499997578561306)));
#8139=IFCINDEXEDPOLYCURVE(#8138,(IFCLINEINDEX((1,2,3,4,1))),$);
#8140=IFCARBITRARYPROFILEDEFWITHVOIDS(.AREA.,$,#8137,(#8139));
#8141=IFCCARTESIANPOINT((0.,0.090000001713633537,0.));
#8142=IFCDIRECTION((0.,-1.,0.));
#8143=IFCDIRECTION((1.,0.,0.));
#8144=IFCAXIS2PLACEMENT3D(#8141,#8142,#8143);
#8145=IFCDIRECTION((0.,0.,-1.));
#8146=IFCEXTRUDEDAREASOLID(#8140,#8144,#8145,0.0099999997764825821);
#8147=IFCCARTESIANPOINTLIST2D(((0.,0.),(0.84874105453491211,0.),(0.84874105453491211,0.89999997615814209),(0.,0.89999997615814209)));
#8148=IFCINDEXEDPOLYCURVE(#8147,(IFCLINEINDEX((1,2,3,4,1))),$);
#8149=IFCCARTESIANPOINTLIST2D(((0.05000000074505806,0.05000000074505806),(0.79874105378985405,0.05000000074505806),(0.79874105378985405,0.84999997541308403),(0.05000000074505806,0.84999997541308403)));
#8150=IFCINDEXEDPOLYCURVE(#8149,(IFCLINEINDEX((1,2,3,4,1))),$);
#8151=IFCARBITRARYPROFILEDEFWITHVOIDS(.AREA.,$,#8148,(#8150));
#8152=IFCCARTESIANPOINT((0.,0.05000000074505806,0.));
#8153=IFCDIRECTION((0.,-1.,0.));
#8154=IFCDIRECTION((1.,0.,0.));
#8155=IFCAXIS2PLACEMENT3D(#8152,#8153,#8154);
#8156=IFCDIRECTION((0.,0.,-1.));
#8157=IFCEXTRUDEDAREASOLID(#8151,#8155,#8156,0.040000000968575478);
#8158=IFCCARTESIANPOINTLIST2D(((0.,0.),(0.79874105378985405,0.),(0.79874105378985405,0.84999997541308403),(0.,0.84999997541308403)));
#8159=IFCINDEXEDPOLYCURVE(#8158,(IFCLINEINDEX((1,2,3,4,1))),$);
#8160=IFCCARTESIANPOINTLIST2D(((0.035000000149011612,0.035000000149011612),(0.76374105364084244,0.035000000149011612),(0.76374105364084244,0.81499997526407242),(0.035000000149011612,0.81499997526407242)));
#8161=IFCINDEXEDPOLYCURVE(#8160,(IFCLINEINDEX((1,2,3,4,1))),$);
#8162=IFCARBITRARYPROFILEDEFWITHVOIDS(.AREA.,$,#8159,(#8161));
#8163=IFCCARTESIANPOINT((0.02500000037252903,0.090000001713633537,0.02500000037252903));
#8164=IFCDIRECTION((0.,-1.,0.));
#8165=IFCDIRECTION((1.,0.,0.));
#8166=IFCAXIS2PLACEMENT3D(#8163,#8164,#8165);
#8167=IFCDIRECTION((0.,0.,-1.));
#8168=IFCEXTRUDEDAREASOLID(#8162,#8166,#8167,0.035000000149011612);
#8169=IFCINDEXEDPOLYCURVE(#8170,(IFCLINEINDEX((1,2,3,4,1))),$);
#8170=IFCCARTESIANPOINTLIST2D(((0.035000000149011612,0.035000000149011612),(0.76374105364084244,0.035000000149011612),(0.76374105364084244,0.81499997526407242),(0.035000000149011612,0.81499997526407242)));
#8171=IFCARBITRARYCLOSEDPROFILEDEF(.AREA.,$,#8169);
#8172=IFCCARTESIANPOINT((0.02500000037252903,0.10250000178813934,0.02500000037252903));
#8173=IFCDIRECTION((0.,-1.,0.));
#8174=IFCDIRECTION((1.,0.,0.));
#8175=IFCAXIS2PLACEMENT3D(#8172,#8173,#8174);
#8176=IFCDIRECTION((0.,0.,-1.));
#8177=IFCEXTRUDEDAREASOLID(#8171,#8175,#8176,0.01);
#8178=IFCSHAPEREPRESENTATION(#11,'Body','SweptSolid',(#8146,#8157,#8168,#8177));
#8179=IFCCARTESIANPOINTLIST2D(((0.05000000074505806,0.05000000074505806),(0.79874105378985405,0.05000000074505806)));
#8180=IFCINDEXEDPOLYCURVE(#8179,$,$);
#8181=IFCCARTESIANPOINTLIST2D(((0.,0.10000000149011612),(0.02500000037252903,0.10000000149011612),(0.02500000037252903,0.090000001713633537),(0.05000000074505806,0.090000001713633537),(0.05000000074505806,0.05000000074505806),(0.,0.05000000074505806)));
#8182=IFCINDEXEDPOLYCURVE(#8181,(IFCLINEINDEX((1,2,3,4,5,6,1))),$);
#8183=IFCCARTESIANPOINTLIST2D(((0.84874105453491211,0.10000000149011612),(0.82374105416238308,0.10000000149011612),(0.82374105416238308,0.090000001713633537),(0.79874105378985405,0.090000001713633537),(0.79874105378985405,0.05000000074505806),(0.84874105453491211,0.05000000074505806)));
#8184=IFCINDEXEDPOLYCURVE(#8183,(IFCLINEINDEX((1,2,3,4,5,6,1))),$);
#8185=IFCCARTESIANPOINTLIST2D(((0.02500000037252903,0.090000001713633537),(0.060000000521540642,0.090000001713633537),(0.060000000521540642,0.12500000186264515),(0.02500000037252903,0.12500000186264515)));
#8186=IFCINDEXEDPOLYCURVE(#8185,(IFCLINEINDEX((1,2,3,4,1))),$);
#8187=IFCINDEXEDPOLYCURVE(#8188,(IFCLINEINDEX((1,2,3,4,1))),$);
#8188=IFCCARTESIANPOINTLIST2D(((0.82374105416238308,0.090000001713633537),(0.78874105401337147,0.090000001713633537),(0.78874105401337147,0.12500000186264515),(0.82374105416238308,0.12500000186264515)));
#8189=IFCCARTESIANPOINTLIST2D(((0.060000000521540642,0.090000001713633537),(0.78874105401337147,0.090000001713633537)));
#8190=IFCINDEXEDPOLYCURVE(#8189,$,$);
#8191=IFCINDEXEDPOLYCURVE(#8192,$,$);
#8192=IFCCARTESIANPOINTLIST2D(((0.060000000521540642,0.12500000186264515),(0.78874105401337147,0.12500000186264515)));
#8193=IFCINDEXEDPOLYCURVE(#8194,$,$);
#8194=IFCCARTESIANPOINTLIST2D(((0.060000000521540642,0.10750000178813934),(0.78874105401337147,0.10750000178813934)));
#8195=IFCSHAPEREPRESENTATION(#24,'Body','Curve2D',(#8180,#8182,#8184,#8186,#8187,#8190,#8191,#8193));
#8196=IFCCARTESIANPOINTLIST2D(((0.,0.),(0.84874105453491211,0.),(0.84874105453491211,0.89999997615814209),(0.,0.89999997615814209)));
#8197=IFCINDEXEDPOLYCURVE(#8196,(IFCLINEINDEX((1,2,3,4,1))),$);
#8198=IFCARBITRARYCLOSEDPROFILEDEF(.AREA.,$,#8197);
#8199=IFCCARTESIANPOINT((0.,-0.60000002384185791,0.));
#8200=IFCDIRECTION((0.,-1.,0.));
#8201=IFCDIRECTION((1.,0.,0.));
#8202=IFCAXIS2PLACEMENT3D(#8199,#8200,#8201);
#8203=IFCDIRECTION((0.,0.,-1.));
#8204=IFCEXTRUDEDAREASOLID(#8198,#8202,#8203,1.2);
#8205=IFCSHAPEREPRESENTATION(#11,'Body','SweptSolid',(#8204));
#8211=IFCCARTESIANPOINT((3.8750495505236331,0.10000008891168699,1.));
#8212=IFCDIRECTION((0.,0.,1.));
#8213=IFCDIRECTION((-0.99999999999999611,-8.7422783678901773E-08,0.));
#8214=IFCAXIS2PLACEMENT3D(#8211,#8212,#8213);
#8215=IFCLOCALPLACEMENT(#426,#8214);
#8216=IFCCARTESIANPOINT((0.,0.,0.));
#8217=IFCDIRECTION((0.,0.,1.));
#8218=IFCDIRECTION((0.99999999999999978,2.6469779601696886E-23,0.));
#8219=IFCAXIS2PLACEMENT3D(#8216,#8217,#8218);
#8220=IFCLOCALPLACEMENT(#8215,#8219);
#8221=IFCWINDOWTYPE('0IHjB$fFr06QEXZGPTryEg',$,'Maid''s-GF',$,$,(#8222),(#8224,#8232,#8280),$,$,.WINDOW.,.SINGLE_PANEL.,$,$);
#8222=IFCPROPERTYSET('0JJICNOUD3DPpr1mgO7$sG',$,'BBIM_Window',$,(#8223));
#8223=IFCPROPERTYSINGLEVALUE('Data',$,IFCTEXT('{"window_type": "SINGLE_PANEL", "overall_height": 0.8999999761581421, "overall_width": 0.8589553236961365, "lining_properties": {"lining_depth": 0.05000000074505806, "lining_thickness": 0.05000000074505806, "lining_offset": 0.05000000074505806, "lining_to_panel_offset_x": 0.02500000037252903, "lining_to_panel_offset_y": 0.02500000037252903}, "panel_properties": {"frame_depth": [0.03500000014901161, 0.03500000014901161, 0.03500000014901161], "frame_thickness": [0.03500000014901161, 0.03500000014901161, 0.03500000014901161]}}'),$);
#8224=IFCREPRESENTATIONMAP(#8225,#8429);
#8225=IFCAXIS2PLACEMENT3D(#8226,#8227,#8228);
#8226=IFCCARTESIANPOINT((0.,0.,0.));
#8227=IFCDIRECTION((0.,0.,1.));
#8228=IFCDIRECTION((1.,0.,0.));
#8232=IFCREPRESENTATIONMAP(#8233,#8472);
#8233=IFCAXIS2PLACEMENT3D(#8234,#8235,#8236);
#8234=IFCCARTESIANPOINT((0.,0.,0.));
#8235=IFCDIRECTION((0.,0.,1.));
#8236=IFCDIRECTION((1.,0.,0.));
#8280=IFCREPRESENTATIONMAP(#8281,#8495);
#8281=IFCAXIS2PLACEMENT3D(#8282,#8283,#8284);
#8282=IFCCARTESIANPOINT((0.,0.,0.));
#8283=IFCDIRECTION((0.,0.,1.));
#8284=IFCDIRECTION((1.,0.,0.));
#8302=IFCWINDOW('0h1PQN8GL028mto0hmMohS',$,'Window',$,$,#8520,#8311,$,0.89999997615814209,0.85895532369613647,$,.SINGLE_PANEL.,$);
#8303=IFCRELDEFINESBYTYPE('13g0wwxMPFw93HjvAjH5ak',$,$,$,(#8302),#8221);
#8304=IFCCARTESIANPOINT((0.,0.,0.));
#8305=IFCDIRECTION((1.,0.,0.));
#8306=IFCDIRECTION((0.,1.,0.));
#8307=IFCDIRECTION((0.,0.,1.));
#8308=IFCCARTESIANTRANSFORMATIONOPERATOR3D(#8305,#8306,#8304,1.,#8307);
#8309=IFCMAPPEDITEM(#8224,#8308);
#8310=IFCSHAPEREPRESENTATION(#18,'Profile','MappedRepresentation',(#8309));
#8311=IFCPRODUCTDEFINITIONSHAPE($,$,(#8310,#8318,#8325));
#8312=IFCCARTESIANPOINT((0.,0.,0.));
#8313=IFCDIRECTION((1.,0.,0.));
#8314=IFCDIRECTION((0.,1.,0.));
#8315=IFCDIRECTION((0.,0.,1.));
#8316=IFCCARTESIANTRANSFORMATIONOPERATOR3D(#8313,#8314,#8312,1.,#8315);
#8317=IFCMAPPEDITEM(#8232,#8316);
#8318=IFCSHAPEREPRESENTATION(#11,'Body','MappedRepresentation',(#8317));
#8319=IFCCARTESIANPOINT((0.,0.,0.));
#8320=IFCDIRECTION((1.,0.,0.));
#8321=IFCDIRECTION((0.,1.,0.));
#8322=IFCDIRECTION((0.,0.,1.));
#8323=IFCCARTESIANTRANSFORMATIONOPERATOR3D(#8320,#8321,#8319,1.,#8322);
#8324=IFCMAPPEDITEM(#8280,#8323);
#8325=IFCSHAPEREPRESENTATION(#24,'Body','MappedRepresentation',(#8324));
#8326=IFCOPENINGELEMENT('0_TXnVHLrAfOEjwyAW9l1S',$,'Opening',$,$,#8515,#8354,$,.OPENING.);
#8342=IFCCARTESIANPOINT((0.,0.,0.));
#8343=IFCDIRECTION((1.,0.,0.));
#8344=IFCDIRECTION((0.,0.,1.));
#8345=IFCAXIS2PLACEMENT3D(#8342,#8344,#8343);
#8346=IFCREPRESENTATIONMAP(#8345,#8505);
#8347=IFCCARTESIANPOINT((0.,0.,0.));
#8348=IFCDIRECTION((1.,0.,0.));
#8349=IFCDIRECTION((0.,1.,0.));
#8350=IFCDIRECTION((0.,0.,1.));
#8351=IFCCARTESIANTRANSFORMATIONOPERATOR3D(#8348,#8349,#8347,1.,#8350);
#8352=IFCMAPPEDITEM(#8346,#8351);
#8353=IFCSHAPEREPRESENTATION(#11,'Body','MappedRepresentation',(#8352));
#8354=IFCPRODUCTDEFINITIONSHAPE($,$,(#8353));
#8355=IFCRELVOIDSELEMENT('1Ud7ZSNMjCUAr7pTEr4QKc',$,$,$,#254,#8326);
#8361=IFCRELFILLSELEMENT('00lVGtw2r6heVoRZb_mxHS',$,$,$,#8326,#8302);
#8427=IFCCARTESIANPOINTLIST3D(((0.,0.,0.),(0.85895532369613647,0.,0.),(0.85895532369613647,0.,0.89999997615814209),(0.,0.,0.89999997615814209)));
#8428=IFCINDEXEDPOLYCURVE(#8427,(IFCLINEINDEX((1,2,3,4,1))),$);
#8429=IFCSHAPEREPRESENTATION(#18,'Profile','Curve3D',(#8428));
#8430=IFCCARTESIANPOINTLIST2D(((0.,0.),(0.85895532369613647,0.),(0.85895532369613647,0.89999997615814209),(0.,0.89999997615814209)));
#8431=IFCINDEXEDPOLYCURVE(#8430,(IFCLINEINDEX((1,2,3,4,1))),$);
#8432=IFCCARTESIANPOINTLIST2D(((0.02500000037252903,0.02500000037252903),(0.83395532332360744,0.02500000037252903),(0.83395532332360744,0.87499997578561306),(0.02500000037252903,0.87499997578561306)));
#8433=IFCINDEXEDPOLYCURVE(#8432,(IFCLINEINDEX((1,2,3,4,1))),$);
#8434=IFCARBITRARYPROFILEDEFWITHVOIDS(.AREA.,$,#8431,(#8433));
#8435=IFCCARTESIANPOINT((0.,0.090000001713633537,0.));
#8436=IFCDIRECTION((0.,-1.,0.));
#8437=IFCDIRECTION((1.,0.,0.));
#8438=IFCAXIS2PLACEMENT3D(#8435,#8436,#8437);
#8439=IFCDIRECTION((0.,0.,-1.));
#8440=IFCEXTRUDEDAREASOLID(#8434,#8438,#8439,0.0099999997764825821);
#8441=IFCCARTESIANPOINTLIST2D(((0.,0.),(0.85895532369613647,0.),(0.85895532369613647,0.89999997615814209),(0.,0.89999997615814209)));
#8442=IFCINDEXEDPOLYCURVE(#8441,(IFCLINEINDEX((1,2,3,4,1))),$);
#8443=IFCCARTESIANPOINTLIST2D(((0.05000000074505806,0.05000000074505806),(0.80895532295107841,0.05000000074505806),(0.80895532295107841,0.84999997541308403),(0.05000000074505806,0.84999997541308403)));
#8444=IFCINDEXEDPOLYCURVE(#8443,(IFCLINEINDEX((1,2,3,4,1))),$);
#8445=IFCARBITRARYPROFILEDEFWITHVOIDS(.AREA.,$,#8442,(#8444));
#8446=IFCCARTESIANPOINT((0.,0.05000000074505806,0.));
#8447=IFCDIRECTION((0.,-1.,0.));
#8448=IFCDIRECTION((1.,0.,0.));
#8449=IFCAXIS2PLACEMENT3D(#8446,#8447,#8448);
#8450=IFCDIRECTION((0.,0.,-1.));
#8451=IFCEXTRUDEDAREASOLID(#8445,#8449,#8450,0.040000000968575478);
#8452=IFCCARTESIANPOINTLIST2D(((0.,0.),(0.80895532295107841,0.),(0.80895532295107841,0.84999997541308403),(0.,0.84999997541308403)));
#8453=IFCINDEXEDPOLYCURVE(#8452,(IFCLINEINDEX((1,2,3,4,1))),$);
#8454=IFCCARTESIANPOINTLIST2D(((0.035000000149011612,0.035000000149011612),(0.7739553228020668,0.035000000149011612),(0.7739553228020668,0.81499997526407242),(0.035000000149011612,0.81499997526407242)));
#8455=IFCINDEXEDPOLYCURVE(#8454,(IFCLINEINDEX((1,2,3,4,1))),$);
#8456=IFCARBITRARYPROFILEDEFWITHVOIDS(.AREA.,$,#8453,(#8455));
#8457=IFCCARTESIANPOINT((0.02500000037252903,0.090000001713633537,0.02500000037252903));
#8458=IFCDIRECTION((0.,-1.,0.));
#8459=IFCDIRECTION((1.,0.,0.));
#8460=IFCAXIS2PLACEMENT3D(#8457,#8458,#8459);
#8461=IFCDIRECTION((0.,0.,-1.));
#8462=IFCEXTRUDEDAREASOLID(#8456,#8460,#8461,0.035000000149011612);
#8463=IFCINDEXEDPOLYCURVE(#8464,(IFCLINEINDEX((1,2,3,4,1))),$);
#8464=IFCCARTESIANPOINTLIST2D(((0.035000000149011612,0.035000000149011612),(0.7739553228020668,0.035000000149011612),(0.7739553228020668,0.81499997526407242),(0.035000000149011612,0.81499997526407242)));
#8465=IFCARBITRARYCLOSEDPROFILEDEF(.AREA.,$,#8463);
#8466=IFCCARTESIANPOINT((0.02500000037252903,0.10250000178813934,0.02500000037252903));
#8467=IFCDIRECTION((0.,-1.,0.));
#8468=IFCDIRECTION((1.,0.,0.));
#8469=IFCAXIS2PLACEMENT3D(#8466,#8467,#8468);
#8470=IFCDIRECTION((0.,0.,-1.));
#8471=IFCEXTRUDEDAREASOLID(#8465,#8469,#8470,0.01);
#8472=IFCSHAPEREPRESENTATION(#11,'Body','SweptSolid',(#8440,#8451,#8462,#8471));
#8473=IFCSHAPEREPRESENTATION(#11,'Body','SweptSolid',(#8440,#8451));
#8474=IFCSHAPEASPECT((#8473),'Lining',$,.T.,#8311);
#8475=IFCSHAPEREPRESENTATION(#11,'Body','SweptSolid',(#8462));
#8476=IFCSHAPEASPECT((#8475),'Framing',$,.T.,#8311);
#8477=IFCSHAPEREPRESENTATION(#11,'Body','SweptSolid',(#8471));
#8478=IFCSHAPEASPECT((#8477),'Glazing',$,.T.,#8311);
#8479=IFCCARTESIANPOINTLIST2D(((0.05000000074505806,0.05000000074505806),(0.80895532295107841,0.05000000074505806)));
#8480=IFCINDEXEDPOLYCURVE(#8479,$,$);
#8481=IFCCARTESIANPOINTLIST2D(((0.,0.10000000149011612),(0.02500000037252903,0.10000000149011612),(0.02500000037252903,0.090000001713633537),(0.05000000074505806,0.090000001713633537),(0.05000000074505806,0.05000000074505806),(0.,0.05000000074505806)));
#8482=IFCINDEXEDPOLYCURVE(#8481,(IFCLINEINDEX((1,2,3,4,5,6,1))),$);
#8483=IFCCARTESIANPOINTLIST2D(((0.85895532369613647,0.10000000149011612),(0.83395532332360744,0.10000000149011612),(0.83395532332360744,0.090000001713633537),(0.80895532295107841,0.090000001713633537),(0.80895532295107841,0.05000000074505806),(0.85895532369613647,0.05000000074505806)));
#8484=IFCINDEXEDPOLYCURVE(#8483,(IFCLINEINDEX((1,2,3,4,5,6,1))),$);
#8485=IFCCARTESIANPOINTLIST2D(((0.02500000037252903,0.090000001713633537),(0.060000000521540642,0.090000001713633537),(0.060000000521540642,0.12500000186264515),(0.02500000037252903,0.12500000186264515)));
#8486=IFCINDEXEDPOLYCURVE(#8485,(IFCLINEINDEX((1,2,3,4,1))),$);
#8487=IFCINDEXEDPOLYCURVE(#8488,(IFCLINEINDEX((1,2,3,4,1))),$);
#8488=IFCCARTESIANPOINTLIST2D(((0.83395532332360744,0.090000001713633537),(0.79895532317459583,0.090000001713633537),(0.79895532317459583,0.12500000186264515),(0.83395532332360744,0.12500000186264515)));
#8489=IFCCARTESIANPOINTLIST2D(((0.060000000521540642,0.090000001713633537),(0.79895532317459583,0.090000001713633537)));
#8490=IFCINDEXEDPOLYCURVE(#8489,$,$);
#8491=IFCINDEXEDPOLYCURVE(#8492,$,$);
#8492=IFCCARTESIANPOINTLIST2D(((0.060000000521540642,0.12500000186264515),(0.79895532317459583,0.12500000186264515)));
#8493=IFCINDEXEDPOLYCURVE(#8494,$,$);
#8494=IFCCARTESIANPOINTLIST2D(((0.060000000521540642,0.10750000178813934),(0.79895532317459583,0.10750000178813934)));
#8495=IFCSHAPEREPRESENTATION(#24,'Body','Curve2D',(#8480,#8482,#8484,#8486,#8487,#8490,#8491,#8493));
#8496=IFCCARTESIANPOINTLIST2D(((0.,0.),(0.85895532369613647,0.),(0.85895532369613647,0.89999997615814209),(0.,0.89999997615814209)));
#8497=IFCINDEXEDPOLYCURVE(#8496,(IFCLINEINDEX((1,2,3,4,1))),$);
#8498=IFCARBITRARYCLOSEDPROFILEDEF(.AREA.,$,#8497);
#8499=IFCCARTESIANPOINT((0.,-0.60000002384185791,0.));
#8500=IFCDIRECTION((0.,-1.,0.));
#8501=IFCDIRECTION((1.,0.,0.));
#8502=IFCAXIS2PLACEMENT3D(#8499,#8500,#8501);
#8503=IFCDIRECTION((0.,0.,-1.));
#8504=IFCEXTRUDEDAREASOLID(#8498,#8502,#8503,1.2);
#8505=IFCSHAPEREPRESENTATION(#11,'Body','SweptSolid',(#8504));
#8511=IFCCARTESIANPOINT((1.6004772392914246,0.099999574207090269,1.));
#8512=IFCDIRECTION((0.,0.,1.));
#8513=IFCDIRECTION((-0.99999999999984068,5.6425994898715615E-07,0.));
#8514=IFCAXIS2PLACEMENT3D(#8511,#8512,#8513);
#8515=IFCLOCALPLACEMENT(#265,#8514);
#8516=IFCCARTESIANPOINT((-2.2204460492503131E-16,-8.8817841970012523E-16,0.));
#8517=IFCDIRECTION((0.,0.,1.));
#8518=IFCDIRECTION((1.,0.,0.));
#8519=IFCAXIS2PLACEMENT3D(#8516,#8517,#8518);
#8520=IFCLOCALPLACEMENT(#8515,#8519);
#8554=IFCCARTESIANPOINTLIST2D(((0.,0.),(0.,2.),(1.3422476053237915,2.),(1.3422476053237915,0.),(1.2922476045787334,0.),(1.2922476045787334,1.9499999992549419),(0.05000000074505806,1.9499999992549419),(0.05000000074505806,0.)));
#8555=IFCINDEXEDPOLYCURVE(#8554,(IFCLINEINDEX((1,2,3,4,5,6,7,8,1))),$);
#8556=IFCARBITRARYCLOSEDPROFILEDEF(.AREA.,$,#8555);
#8557=IFCCARTESIANPOINT((0.,0.,0.));
#8558=IFCDIRECTION((0.,-1.,0.));
#8559=IFCDIRECTION((1.,0.,0.));
#8560=IFCAXIS2PLACEMENT3D(#8557,#8558,#8559);
#8561=IFCDIRECTION((0.,0.,-1.));
#8562=IFCEXTRUDEDAREASOLID(#8556,#8560,#8561,0.05000000074505806);
#8563=IFCCARTESIANPOINTLIST2D(((0.,0.),(1.2422476038336754,0.),(1.2422476038336754,0.10000000149011612),(0.,0.10000000149011612)));
#8564=IFCINDEXEDPOLYCURVE(#8563,(IFCLINEINDEX((1,2,3,4,1))),$);
#8565=IFCARBITRARYCLOSEDPROFILEDEF(.AREA.,$,#8564);
#8566=IFCCARTESIANPOINT((0.05000000074505806,0.,0.));
#8567=IFCDIRECTION((0.,0.,1.));
#8568=IFCDIRECTION((1.,0.,0.));
#8569=IFCAXIS2PLACEMENT3D(#8566,#8567,#8568);
#8570=IFCDIRECTION((0.,0.,1.));
#8571=IFCEXTRUDEDAREASOLID(#8565,#8569,#8570,0.02500000037252903);
#8572=IFCCARTESIANPOINTLIST2D(((0.,0.),(0.,2.0250000022351742),(1.3922476097941399,2.0250000022351742),(1.3922476097941399,0.),(1.3172476068139076,0.),(1.3172476068139076,1.9499999992549419),(0.075000002980232239,1.9499999992549419),(0.075000002980232239,0.)));
#8573=IFCINDEXEDPOLYCURVE(#8572,(IFCLINEINDEX((1,2,3,4,5,6,7,8,1))),$);
#8574=IFCARBITRARYCLOSEDPROFILEDEF(.AREA.,$,#8573);
#8575=IFCCARTESIANPOINT((-0.025000002235174179,-0.004999999888241291,0.));
#8576=IFCDIRECTION((0.,-1.,0.));
#8577=IFCDIRECTION((1.,0.,0.));
#8578=IFCAXIS2PLACEMENT3D(#8575,#8576,#8577);
#8579=IFCDIRECTION((0.,0.,-1.));
#8580=IFCEXTRUDEDAREASOLID(#8574,#8578,#8579,0.004999999888241291);
#8581=IFCCARTESIANPOINTLIST2D(((0.,0.),(0.,2.0250000022351742),(1.3922476097941399,2.0250000022351742),(1.3922476097941399,0.),(1.3172476068139076,0.),(1.3172476068139076,1.9499999992549419),(0.075000002980232239,1.9499999992549419),(0.075000002980232239,0.)));
#8582=IFCINDEXEDPOLYCURVE(#8581,(IFCLINEINDEX((1,2,3,4,5,6,7,8,1))),$);
#8583=IFCARBITRARYCLOSEDPROFILEDEF(.AREA.,$,#8582);
#8584=IFCCARTESIANPOINT((-0.025000002235174179,0.05000000074505806,0.));
#8585=IFCDIRECTION((0.,-1.,0.));
#8586=IFCDIRECTION((1.,0.,0.));
#8587=IFCAXIS2PLACEMENT3D(#8584,#8585,#8586);
#8588=IFCDIRECTION((0.,0.,-1.));
#8589=IFCEXTRUDEDAREASOLID(#8583,#8587,#8588,0.004999999888241291);
#8590=IFCCARTESIANPOINTLIST2D(((0.,0.),(1.2422476038336754,0.),(1.2422476038336754,0.035000000149011612),(0.,0.035000000149011612)));
#8591=IFCINDEXEDPOLYCURVE(#8590,(IFCLINEINDEX((1,2,3,4,1))),$);
#8592=IFCARBITRARYCLOSEDPROFILEDEF(.AREA.,$,#8591);
#8593=IFCCARTESIANPOINT((0.05000000074505806,-0.035000000149011612,0.02500000037252903));
#8594=IFCDIRECTION((0.,0.,1.));
#8595=IFCDIRECTION((1.,0.,0.));
#8596=IFCAXIS2PLACEMENT3D(#8593,#8594,#8595);
#8597=IFCDIRECTION((0.,0.,1.));
#8598=IFCEXTRUDEDAREASOLID(#8592,#8596,#8597,1.9249999988824129);
#8599=IFCCARTESIANPOINTLIST2D(((0.,0.),(0.,-0.040000000000000001),(0.12,-0.040000000000000001),(0.12,-0.02),(0.02,-0.02),(0.02,0.)));
#8600=IFCINDEXEDPOLYCURVE(#8599,(IFCLINEINDEX((1,2,3,4,5,6,1))),$);
#8601=IFCARBITRARYCLOSEDPROFILEDEF(.AREA.,$,#8600);
#8602=IFCCARTESIANPOINT((0.10000000074505806,-0.035000000149011612,1.015000000372529));
#8603=IFCDIRECTION((0.,0.,1.));
#8604=IFCDIRECTION((1.,0.,0.));
#8605=IFCAXIS2PLACEMENT3D(#8602,#8603,#8604);
#8606=IFCDIRECTION((0.,0.,1.));
#8607=IFCEXTRUDEDAREASOLID(#8601,#8605,#8606,0.02);
#8608=IFCEXTRUDEDAREASOLID(#8609,#8612,#8616,0.02);
#8609=IFCARBITRARYCLOSEDPROFILEDEF(.AREA.,$,#8610);
#8610=IFCINDEXEDPOLYCURVE(#8611,(IFCLINEINDEX((1,2,3,4,5,6,1))),$);
#8611=IFCCARTESIANPOINTLIST2D(((0.,0.),(0.,0.040000000000000008),(0.11999999999999998,0.040000000000000008),(0.11999999999999998,0.020000000000000004),(0.020000000000000004,0.020000000000000004),(0.020000000000000004,0.)));
#8612=IFCAXIS2PLACEMENT3D(#8613,#8614,#8615);
#8613=IFCCARTESIANPOINT((0.10000000074505806,0.,1.015000000372529));
#8614=IFCDIRECTION((0.,0.,1.));
#8615=IFCDIRECTION((1.,0.,0.));
#8616=IFCDIRECTION((0.,0.,1.));
#8661=IFCRELCONTAINEDINSPATIALSTRUCTURE('32q9CHBrDDvQ33_p7WfHbP',$,$,$,(#20596,#9021,#9624,#9756,#25570,#8946,#25332,#25737,#8871,#25759,#13077,#19354,#25202,#25224,#11015,#25413,#25479,#23771,#8796,#8996,#25644,#25283,#25305,#25435,#25457,#12731,#25501,#25523,#8921,#10495,#25261,#25710,#12504,#9718,#10662,#20575,#20130,#25386,#25597,#20548,#25666,#25688,#10950,#23977,#13142,#8971,#9794,#8896,#20418,#25359,#8821,#12796,#17768,#10322,#15635),#39);
#8764=IFCCARTESIANPOINT((-4.4408920985006262E-16,0.,0.));
#8765=IFCDIRECTION((0.,0.,1.));
#8766=IFCDIRECTION((0.99999999999999989,2.1175823681357508E-22,0.));
#8767=IFCAXIS2PLACEMENT3D(#8764,#8765,#8766);
#8768=IFCLOCALPLACEMENT(#18383,#8767);
#8796=IFCWALL('0kVAnAuxv2f9VsiW9z5bJW',$,'Wall',$,$,#21503,#8802,$,$);
#8797=IFCMATERIALLAYERSETUSAGE(#82,.AXIS2.,.POSITIVE.,0.,$);
#8798=IFCRELASSOCIATESMATERIAL('3HRt9Nolz6BAxzK5i62hpl',$,$,$,(#8796),#8797);
#8802=IFCPRODUCTDEFINITIONSHAPE($,$,(#15077,#15074));
#8818=IFCPROPERTYSET('27FmZTKxH60Q4quQoCdYbo',$,'EPset_Parametric',$,(#8820));
#8819=IFCRELDEFINESBYPROPERTIES('3FcOdwnrrE39lD7GRY9ZJ1',$,$,$,(#8796),#8818);
#8820=IFCPROPERTYSINGLEVALUE('Engine',$,IFCLABEL('Bonsai.DumbLayer2'),$);
#8821=IFCWALL('00HgnROBL2jwMKMKS835s$',$,'Wall',$,$,#21528,#8827,$,$);
#8822=IFCMATERIALLAYERSETUSAGE(#82,.AXIS2.,.POSITIVE.,0.,$);
#8823=IFCRELASSOCIATESMATERIAL('166ggAA7b4teHN$F1McjK8',$,$,$,(#8821),#8822);
#8827=IFCPRODUCTDEFINITIONSHAPE($,$,(#19405,#19402));
#8843=IFCPROPERTYSET('3KiOtF59L8zgS$oBvPcrQ7',$,'EPset_Parametric',$,(#8845));
#8844=IFCRELDEFINESBYPROPERTIES('2kIhMKspL6$fLYyW$Whp0x',$,$,$,(#8821),#8843);
#8845=IFCPROPERTYSINGLEVALUE('Engine',$,IFCLABEL('Bonsai.DumbLayer2'),$);
#8871=IFCWALL('1GuDEuvcXDYBJ6oFfG0pkS',$,'Wall',$,$,#21538,#8877,$,$);
#8872=IFCMATERIALLAYERSETUSAGE(#82,.AXIS2.,.POSITIVE.,0.,$);
#8873=IFCRELASSOCIATESMATERIAL('1savyUXSXAWu3P8WIHTasZ',$,$,$,(#8871),#8872);
#8877=IFCPRODUCTDEFINITIONSHAPE($,$,(#19706,#19703));
#8893=IFCPROPERTYSET('2_vWt3q5f6ge3IZkSFQjag',$,'EPset_Parametric',$,(#8895));
#8894=IFCRELDEFINESBYPROPERTIES('2ZjnlNUej4hvsxwmj9LIhR',$,$,$,(#8871),#8893);
#8895=IFCPROPERTYSINGLEVALUE('Engine',$,IFCLABEL('Bonsai.DumbLayer2'),$);
#8896=IFCWALL('1jgayG2if8COu6jIRfzrzQ',$,'Wall',$,$,#21543,#8902,$,$);
#8897=IFCMATERIALLAYERSETUSAGE(#82,.AXIS2.,.POSITIVE.,0.,$);
#8898=IFCRELASSOCIATESMATERIAL('0vtDdvng94ZP5tcjLTvGzL',$,$,$,(#8896),#8897);
#8902=IFCPRODUCTDEFINITIONSHAPE($,$,(#15207,#15204));
#8918=IFCPROPERTYSET('1Xyk8VJKfE28aWFlrkG9mE',$,'EPset_Parametric',$,(#8920));
#8919=IFCRELDEFINESBYPROPERTIES('1PcGVh0$LFigz8O5gv1I14',$,$,$,(#8896),#8918);
#8920=IFCPROPERTYSINGLEVALUE('Engine',$,IFCLABEL('Bonsai.DumbLayer2'),$);
#8921=IFCWALL('0qlaHKfd92_fVWynR5MwAr',$,'Wall',$,$,#21508,#8927,$,$);
#8922=IFCMATERIALLAYERSETUSAGE(#82,.AXIS2.,.POSITIVE.,0.,$);
#8923=IFCRELASSOCIATESMATERIAL('2PKqZ1OKn4f8KqO1YhEUKh',$,$,$,(#8921),#8922);
#8927=IFCPRODUCTDEFINITIONSHAPE($,$,(#18655,#18652));
#8943=IFCPROPERTYSET('19KeozEi17cwknVaRFKJsX',$,'EPset_Parametric',$,(#8945));
#8944=IFCRELDEFINESBYPROPERTIES('1wUy5U6zH8jhuVkO1JPURW',$,$,$,(#8921),#8943);
#8945=IFCPROPERTYSINGLEVALUE('Engine',$,IFCLABEL('Bonsai.DumbLayer2'),$);
#8946=IFCWALL('3ZEexremv7aBi2TjM8DR5s',$,'Wall',$,$,#21513,#8952,$,$);
#8947=IFCMATERIALLAYERSETUSAGE(#82,.AXIS2.,.POSITIVE.,0.,$);
#8948=IFCRELASSOCIATESMATERIAL('32ZBE3j0vEbvJm2EziKU4i',$,$,$,(#8946),#8947);
#8952=IFCPRODUCTDEFINITIONSHAPE($,$,(#18615,#18612));
#8968=IFCPROPERTYSET('0LNWOEr2983QK95kOHkQVI',$,'EPset_Parametric',$,(#8970));
#8969=IFCRELDEFINESBYPROPERTIES('3HOWavYjz9nOTnyualeqOI',$,$,$,(#8946),#8968);
#8970=IFCPROPERTYSINGLEVALUE('Engine',$,IFCLABEL('Bonsai.DumbLayer2'),$);
#8971=IFCWALL('3LXXNLaBH3igAsNUFz$NGd',$,'Wall',$,$,#21488,#8977,$,$);
#8972=IFCMATERIALLAYERSETUSAGE(#82,.AXIS2.,.POSITIVE.,0.,$);
#8973=IFCRELASSOCIATESMATERIAL('0T_FNGuof0FvKB1QhPQ26d',$,$,$,(#8971),#8972);
#8977=IFCPRODUCTDEFINITIONSHAPE($,$,(#15350,#15347));
#8993=IFCPROPERTYSET('0o1CHAt391HwQhopo365WW',$,'EPset_Parametric',$,(#8995));
#8994=IFCRELDEFINESBYPROPERTIES('3HjD4MbT54Hwf7lJcCucls',$,$,$,(#8971),#8993);
#8995=IFCPROPERTYSINGLEVALUE('Engine',$,IFCLABEL('Bonsai.DumbLayer2'),$);
#8996=IFCWALL('0iXjpKTNX31umcbadoZqu3',$,'Wall',$,$,#21493,#9002,$,$);
#8997=IFCMATERIALLAYERSETUSAGE(#82,.AXIS2.,.POSITIVE.,0.,$);
#8998=IFCRELASSOCIATESMATERIAL('16SUCsRE52bA9Zub25ZIPC',$,$,$,(#8996),#8997);
#9002=IFCPRODUCTDEFINITIONSHAPE($,$,(#15064,#15061));
#9018=IFCPROPERTYSET('104SxzsK19jBfNOa2x2Sx$',$,'EPset_Parametric',$,(#9020));
#9019=IFCRELDEFINESBYPROPERTIES('3zZiwyX7H1fBq07xwkIVl7',$,$,$,(#8996),#9018);
#9020=IFCPROPERTYSINGLEVALUE('Engine',$,IFCLABEL('Bonsai.DumbLayer2'),$);
#9021=IFCWALL('3v9UFgvhP6C8w9oRb4BM$1',$,'Wall',$,$,#21498,#9027,$,$);
#9022=IFCMATERIALLAYERSETUSAGE(#82,.AXIS2.,.POSITIVE.,0.,$);
#9023=IFCRELASSOCIATESMATERIAL('3BBlg_Yxv1t8bCNIJRbN27',$,$,$,(#9021),#9022);
#9027=IFCPRODUCTDEFINITIONSHAPE($,$,(#15220,#15217));
#9043=IFCPROPERTYSET('0Tm6ISHW14kRaj_oxKG_1l',$,'EPset_Parametric',$,(#9045));
#9044=IFCRELDEFINESBYPROPERTIES('1MSN8AxmPAOgBMYv0MuSLp',$,$,$,(#9021),#9043);
#9045=IFCPROPERTYSINGLEVALUE('Engine',$,IFCLABEL('Bonsai.DumbLayer2'),$);
#9176=IFCRELCONNECTSPATHELEMENTS('0BHqruqxj3EBzl6GK4BXbn',$,$,$,$,#8821,#8796,(),(),.ATEND.,.ATSTART.);
#9624=IFCWALL('1CECqyAu1EIxwSWwT2si6D',$,'Wall',$,$,#21518,#9630,$,$);
#9625=IFCMATERIALLAYERSETUSAGE(#82,.AXIS2.,.POSITIVE.,0.,$);
#9626=IFCRELASSOCIATESMATERIAL('2VBkRNSOD5KQnwThCuwhtY',$,$,$,(#9624),#9625);
#9630=IFCPRODUCTDEFINITIONSHAPE($,$,(#15090,#15087));
#9646=IFCPROPERTYSET('30RZesNuD2Re7jyfJQvAhb',$,'EPset_Parametric',$,(#9648));
#9647=IFCRELDEFINESBYPROPERTIES('1GlzucdubBOvMRJAtDfFPR',$,$,$,(#9624),#9646);
#9648=IFCPROPERTYSINGLEVALUE('Engine',$,IFCLABEL('Bonsai.DumbLayer2'),$);
#9718=IFCWALL('0DLLcfwXPAwwtMt5G7mF8$',$,'Wall',$,$,#21553,#9724,$,$);
#9719=IFCMATERIALLAYERSETUSAGE(#82,.AXIS2.,.POSITIVE.,0.,$);
#9720=IFCRELASSOCIATESMATERIAL('38X6IjZ$DB$hyjgn5Wuqzz',$,$,$,(#9718),#9719);
#9724=IFCPRODUCTDEFINITIONSHAPE($,$,(#19693,#19690));
#9740=IFCPROPERTYSET('10HGMfVJbF8wTofveNion5',$,'EPset_Parametric',$,(#9742));
#9741=IFCRELDEFINESBYPROPERTIES('2Sk7VmL$XF6QwkIFGxxv26',$,$,$,(#9718),#9740);
#9742=IFCPROPERTYSINGLEVALUE('Engine',$,IFCLABEL('Bonsai.DumbLayer2'),$);
#9756=IFCWALL('1pvoiC1oLEbQrf9eeKF3_z',$,'Wall',$,$,#21533,#9762,$,$);
#9757=IFCMATERIALLAYERSETUSAGE(#82,.AXIS2.,.POSITIVE.,0.,$);
#9758=IFCRELASSOCIATESMATERIAL('3SEHB0Q8LEjhXZf24shfiS',$,$,$,(#9756),#9757);
#9762=IFCPRODUCTDEFINITIONSHAPE($,$,(#14999,#14996));
#9778=IFCPROPERTYSET('24SQfY4hfAYuJBPnpBEfMV',$,'EPset_Parametric',$,(#9780));
#9779=IFCRELDEFINESBYPROPERTIES('3OYRg35X18be30hBHrYzck',$,$,$,(#9756),#9778);
#9780=IFCPROPERTYSINGLEVALUE('Engine',$,IFCLABEL('Bonsai.DumbLayer2'),$);
#9794=IFCWALL('2U9MdcSkn9pPZLaRXpO5xE',$,'Wall',$,$,#21523,#9800,$,$);
#9795=IFCMATERIALLAYERSETUSAGE(#82,.AXIS2.,.POSITIVE.,0.,$);
#9796=IFCRELASSOCIATESMATERIAL('2dNcwfWbD8IACQeV0ktnMG',$,$,$,(#9794),#9795);
#9800=IFCPRODUCTDEFINITIONSHAPE($,$,(#15025,#15022));
#9816=IFCPROPERTYSET('3J9uJOzxbBofDPUqG$nheJ',$,'EPset_Parametric',$,(#9818));
#9817=IFCRELDEFINESBYPROPERTIES('2bxWXv4pj92eVt$eK8WEb6',$,$,$,(#9794),#9816);
#9818=IFCPROPERTYSINGLEVALUE('Engine',$,IFCLABEL('Bonsai.DumbLayer2'),$);
#9842=IFCRELCONNECTSPATHELEMENTS('1h6fzkdFr0qg7i$yd47Al4',$,$,$,$,#8971,#8946,(),(),.ATEND.,.ATSTART.);
#9879=IFCRELCONNECTSPATHELEMENTS('3KWC0mM0n8LuzgI2qTkd9b',$,$,$,$,#8996,#8971,(),(),.ATEND.,.ATSTART.);
#9916=IFCRELCONNECTSPATHELEMENTS('3b3L2Y9AnFmvdBJrAwA5FB',$,$,$,$,#9021,#8996,(),(),.ATEND.,.ATSTART.);
#9953=IFCRELCONNECTSPATHELEMENTS('2YL$wiabD5jAtMcsXw2mKn',$,$,$,$,#9021,#8796,(),(),.ATSTART.,.ATEND.);
#9990=IFCRELCONNECTSPATHELEMENTS('17igZ_Ls90COi1aKS5wxdI',$,$,$,$,#9756,#8796,(),(),.ATPATH.,.ATEND.);
#10133=IFCRELCONNECTSPATHELEMENTS('1A2HXIYrv11As01bOZgSBu',$,$,$,$,#8896,#8921,(),(),.ATSTART.,.ATEND.);
#10165=IFCRELCONNECTSPATHELEMENTS('2AJDo678nFMeZGgVTEfOkc',$,$,$,$,#9794,#8796,(),(),.ATPATH.,.ATEND.);
#10214=IFCDOORTYPE('137WJf60zDFh3_85pjzg1D',$,'BR 1-2F',$,$,(#10215),(#10217,#10225,#10303),$,$,.DOOR.,.SINGLE_SWING_LEFT.,$,$);
#10215=IFCPROPERTYSET('1sKdPaROr0pv$SVwLT84hh',$,'BBIM_Door',$,(#10216));
#10216=IFCPROPERTYSINGLEVALUE('Data',$,IFCTEXT('{"door_type": "SINGLE_SWING_LEFT", "overall_height": 2.0, "overall_width": 0.9093841314315796, "lining_properties": {"lining_depth": 0.05000000074505806, "lining_thickness": 0.05000000074505806, "lining_offset": 0.0, "lining_to_panel_offset_x": 0.02500000037252903, "lining_to_panel_offset_y": 0.02500000037252903, "transom_thickness": 0.0, "casing_thickness": 0.07500000298023224, "casing_depth": 0.004999999888241291, "threshold_thickness": 0.02500000037252903, "threshold_depth": 0.10000000149011612, "threshold_offset": 0.0}, "panel_properties": {"panel_depth": 0.03500000014901161, "panel_width_ratio": 1.0}}'),$);
#10217=IFCREPRESENTATIONMAP(#10218,#16617);
#10218=IFCAXIS2PLACEMENT3D(#10219,#10220,#10221);
#10219=IFCCARTESIANPOINT((0.,0.,0.));
#10220=IFCDIRECTION((0.,0.,1.));
#10221=IFCDIRECTION((1.,0.,0.));
#10225=IFCREPRESENTATIONMAP(#10226,#16690);
#10226=IFCAXIS2PLACEMENT3D(#10227,#10228,#10229);
#10227=IFCCARTESIANPOINT((0.,0.,0.));
#10228=IFCDIRECTION((0.,0.,1.));
#10229=IFCDIRECTION((1.,0.,0.));
#10303=IFCREPRESENTATIONMAP(#10304,#16704);
#10304=IFCAXIS2PLACEMENT3D(#10305,#10306,#10307);
#10305=IFCCARTESIANPOINT((0.,0.,0.));
#10306=IFCDIRECTION((0.,0.,1.));
#10307=IFCDIRECTION((1.,0.,0.));
#10322=IFCDOOR('0GDbL9Q9r3bPLAUTpbIEfp',$,'Door',$,$,#16729,#10331,$,2.,0.90938413143157959,$,.SINGLE_SWING_LEFT.,$);
#10323=IFCRELDEFINESBYTYPE('15Owz2PjH47Pwy$4tJ7EfC',$,$,$,(#10322),#10214);
#10324=IFCCARTESIANPOINT((0.,0.,0.));
#10325=IFCDIRECTION((1.,0.,0.));
#10326=IFCDIRECTION((0.,1.,0.));
#10327=IFCDIRECTION((0.,0.,1.));
#10328=IFCCARTESIANTRANSFORMATIONOPERATOR3D(#10325,#10326,#10324,1.,#10327);
#10329=IFCMAPPEDITEM(#10217,#10328);
#10330=IFCSHAPEREPRESENTATION(#18,'Profile','MappedRepresentation',(#10329));
#10331=IFCPRODUCTDEFINITIONSHAPE($,$,(#10330,#10338,#10345));
#10332=IFCCARTESIANPOINT((0.,0.,0.));
#10333=IFCDIRECTION((1.,0.,0.));
#10334=IFCDIRECTION((0.,1.,0.));
#10335=IFCDIRECTION((0.,0.,1.));
#10336=IFCCARTESIANTRANSFORMATIONOPERATOR3D(#10333,#10334,#10332,1.,#10335);
#10337=IFCMAPPEDITEM(#10225,#10336);
#10338=IFCSHAPEREPRESENTATION(#11,'Body','MappedRepresentation',(#10337));
#10339=IFCCARTESIANPOINT((0.,0.,0.));
#10340=IFCDIRECTION((1.,0.,0.));
#10341=IFCDIRECTION((0.,1.,0.));
#10342=IFCDIRECTION((0.,0.,1.));
#10343=IFCCARTESIANTRANSFORMATIONOPERATOR3D(#10340,#10341,#10339,1.,#10342);
#10344=IFCMAPPEDITEM(#10303,#10343);
#10345=IFCSHAPEREPRESENTATION(#24,'Body','MappedRepresentation',(#10344));
#10346=IFCOPENINGELEMENT('0hJbbaWV10lvGSuoEkGupq',$,'Opening',$,$,#18556,#10374,$,.OPENING.);
#10362=IFCCARTESIANPOINT((0.,0.,0.));
#10363=IFCDIRECTION((1.,0.,0.));
#10364=IFCDIRECTION((0.,0.,1.));
#10365=IFCAXIS2PLACEMENT3D(#10362,#10364,#10363);
#10366=IFCREPRESENTATIONMAP(#10365,#16714);
#10367=IFCCARTESIANPOINT((0.,0.,0.));
#10368=IFCDIRECTION((1.,0.,0.));
#10369=IFCDIRECTION((0.,1.,0.));
#10370=IFCDIRECTION((0.,0.,1.));
#10371=IFCCARTESIANTRANSFORMATIONOPERATOR3D(#10368,#10369,#10367,1.,#10370);
#10372=IFCMAPPEDITEM(#10366,#10371);
#10373=IFCSHAPEREPRESENTATION(#11,'Body','MappedRepresentation',(#10372));
#10374=IFCPRODUCTDEFINITIONSHAPE($,$,(#10373));
#10375=IFCRELVOIDSELEMENT('3gMsemsab7XBNmGQqS4zFc',$,$,$,#9718,#10346);
#10381=IFCRELFILLSELEMENT('3Pz$TwJ9LANw_4s2ZwPDqL',$,$,$,#10346,#10322);
#10387=IFCDOORTYPE('1iiuGl6yD1DQE2dq$DEd4p',$,'Master''s-1-2F',$,$,(#10388),(#10390,#10398,#10476),$,$,.DOOR.,.SINGLE_SWING_LEFT.,$,$);
#10388=IFCPROPERTYSET('1Q6F1buDz5uBvL2JOGnF4S',$,'BBIM_Door',$,(#10389));
#10389=IFCPROPERTYSINGLEVALUE('Data',$,IFCTEXT('{"door_type": "SINGLE_SWING_RIGHT", "overall_height": 2.0, "overall_width": 0.9014937877655029, "lining_properties": {"lining_depth": 0.05000000074505806, "lining_thickness": 0.05000000074505806, "lining_offset": 0.0, "lining_to_panel_offset_x": 0.02500000037252903, "lining_to_panel_offset_y": 0.02500000037252903, "transom_thickness": 0.0, "casing_thickness": 0.07500000298023224, "casing_depth": 0.004999999888241291, "threshold_thickness": 0.02500000037252903, "threshold_depth": 0.10000000149011612, "threshold_offset": 0.0}, "panel_properties": {"panel_depth": 0.03500000014901161, "panel_width_ratio": 1.0}}'),$);
#10390=IFCREPRESENTATIONMAP(#10391,#18242);
#10391=IFCAXIS2PLACEMENT3D(#10392,#10393,#10394);
#10392=IFCCARTESIANPOINT((0.,0.,0.));
#10393=IFCDIRECTION((0.,0.,1.));
#10394=IFCDIRECTION((1.,0.,0.));
#10398=IFCREPRESENTATIONMAP(#10399,#18315);
#10399=IFCAXIS2PLACEMENT3D(#10400,#10401,#10402);
#10400=IFCCARTESIANPOINT((0.,0.,0.));
#10401=IFCDIRECTION((0.,0.,1.));
#10402=IFCDIRECTION((1.,0.,0.));
#10476=IFCREPRESENTATIONMAP(#10477,#18329);
#10477=IFCAXIS2PLACEMENT3D(#10478,#10479,#10480);
#10478=IFCCARTESIANPOINT((0.,0.,0.));
#10479=IFCDIRECTION((0.,0.,1.));
#10480=IFCDIRECTION((1.,0.,0.));
#10495=IFCDOOR('32Uhvej6j7BveeqgY2BnwN',$,'Door',$,$,#18354,#10504,$,2.,0.90149378776550293,$,.SINGLE_SWING_RIGHT.,$);
#10496=IFCRELDEFINESBYTYPE('1ZPn2wD5L5DgO0w3_J1Lvg',$,$,$,(#10495),#10387);
#10497=IFCCARTESIANPOINT((0.,0.,0.));
#10498=IFCDIRECTION((1.,0.,0.));
#10499=IFCDIRECTION((0.,1.,0.));
#10500=IFCDIRECTION((0.,0.,1.));
#10501=IFCCARTESIANTRANSFORMATIONOPERATOR3D(#10498,#10499,#10497,1.,#10500);
#10502=IFCMAPPEDITEM(#10390,#10501);
#10503=IFCSHAPEREPRESENTATION(#18,'Profile','MappedRepresentation',(#10502));
#10504=IFCPRODUCTDEFINITIONSHAPE($,$,(#10503,#10511,#10518));
#10505=IFCCARTESIANPOINT((0.,0.,0.));
#10506=IFCDIRECTION((1.,0.,0.));
#10507=IFCDIRECTION((0.,1.,0.));
#10508=IFCDIRECTION((0.,0.,1.));
#10509=IFCCARTESIANTRANSFORMATIONOPERATOR3D(#10506,#10507,#10505,1.,#10508);
#10510=IFCMAPPEDITEM(#10398,#10509);
#10511=IFCSHAPEREPRESENTATION(#11,'Body','MappedRepresentation',(#10510));
#10512=IFCCARTESIANPOINT((0.,0.,0.));
#10513=IFCDIRECTION((1.,0.,0.));
#10514=IFCDIRECTION((0.,1.,0.));
#10515=IFCDIRECTION((0.,0.,1.));
#10516=IFCCARTESIANTRANSFORMATIONOPERATOR3D(#10513,#10514,#10512,1.,#10515);
#10517=IFCMAPPEDITEM(#10476,#10516);
#10518=IFCSHAPEREPRESENTATION(#24,'Body','MappedRepresentation',(#10517));
#10519=IFCOPENINGELEMENT('2v30eBlwfEMBQijpjcyyRp',$,'Opening',$,$,#18561,#10547,$,.OPENING.);
#10535=IFCCARTESIANPOINT((0.,0.,0.));
#10536=IFCDIRECTION((1.,0.,0.));
#10537=IFCDIRECTION((0.,0.,1.));
#10538=IFCAXIS2PLACEMENT3D(#10535,#10537,#10536);
#10539=IFCREPRESENTATIONMAP(#10538,#18339);
#10540=IFCCARTESIANPOINT((0.,0.,0.));
#10541=IFCDIRECTION((1.,0.,0.));
#10542=IFCDIRECTION((0.,1.,0.));
#10543=IFCDIRECTION((0.,0.,1.));
#10544=IFCCARTESIANTRANSFORMATIONOPERATOR3D(#10541,#10542,#10540,1.,#10543);
#10545=IFCMAPPEDITEM(#10539,#10544);
#10546=IFCSHAPEREPRESENTATION(#11,'Body','MappedRepresentation',(#10545));
#10547=IFCPRODUCTDEFINITIONSHAPE($,$,(#10546));
#10548=IFCRELVOIDSELEMENT('3RLz_AMFHFqAU0r9eYHu8r',$,$,$,#9718,#10519);
#10554=IFCRELFILLSELEMENT('03A6t13qDCn9Lpu6eXiuvJ',$,$,$,#10519,#10495);
#10560=IFCDOORTYPE('2GseIfNtjCzwWmreIv9EsH',$,'Bathroom-2F',$,$,(#10561),(#10563,#10571,#10640,#10652),$,$,.DOOR.,.SINGLE_SWING_LEFT.,$,$);
#10561=IFCPROPERTYSET('1spAng8PrA$vKutnjRg7ZX',$,'BBIM_Door',$,(#10562));
#10562=IFCPROPERTYSINGLEVALUE('Data',$,IFCTEXT('{"door_type": "SLIDING_TO_LEFT", "overall_height": 2.0, "overall_width": 0.7473700642585754, "lining_properties": {"lining_depth": 0.05000000074505806, "lining_thickness": 0.05000000074505806, "lining_offset": 0.0, "transom_thickness": 0.0, "casing_thickness": 0.07500000298023224, "casing_depth": 0.004999999888241291, "threshold_thickness": 0.02500000037252903, "threshold_depth": 0.10000000149011612, "threshold_offset": 0.0}, "panel_properties": {"panel_depth": 0.03500000014901161, "panel_width_ratio": 1.0}}'),$);
#10563=IFCREPRESENTATIONMAP(#10564,#16513);
#10564=IFCAXIS2PLACEMENT3D(#10565,#10566,#10567);
#10565=IFCCARTESIANPOINT((0.,0.,0.));
#10566=IFCDIRECTION((0.,0.,1.));
#10567=IFCDIRECTION((1.,0.,0.));
#10571=IFCREPRESENTATIONMAP(#10572,#16577);
#10572=IFCAXIS2PLACEMENT3D(#10573,#10574,#10575);
#10573=IFCCARTESIANPOINT((0.,0.,0.));
#10574=IFCDIRECTION((0.,0.,1.));
#10575=IFCDIRECTION((1.,0.,0.));
#10640=IFCREPRESENTATIONMAP(#10641,#16584);
#10641=IFCAXIS2PLACEMENT3D(#10642,#10643,#10644);
#10642=IFCCARTESIANPOINT((0.,0.,0.));
#10643=IFCDIRECTION((0.,0.,1.));
#10644=IFCDIRECTION((1.,0.,0.));
#10652=IFCREPRESENTATIONMAP(#10653,#16589);
#10653=IFCAXIS2PLACEMENT3D(#10654,#10655,#10656);
#10654=IFCCARTESIANPOINT((0.,0.,0.));
#10655=IFCDIRECTION((0.,0.,1.));
#10656=IFCDIRECTION((1.,0.,0.));
#10662=IFCDOOR('1EaLcMvKX6WQpDCDVLpy5y',$,'Door',$,$,#16614,#10671,$,2.,0.74737006425857544,$,.SLIDING_TO_LEFT.,$);
#10663=IFCRELDEFINESBYTYPE('3LITAglWvECRh5phojVEZC',$,$,$,(#10662),#10560);
#10664=IFCCARTESIANPOINT((0.,0.,0.));
#10665=IFCDIRECTION((1.,0.,0.));
#10666=IFCDIRECTION((0.,1.,0.));
#10667=IFCDIRECTION((0.,0.,1.));
#10668=IFCCARTESIANTRANSFORMATIONOPERATOR3D(#10665,#10666,#10664,1.,#10667);
#10669=IFCMAPPEDITEM(#10563,#10668);
#10670=IFCSHAPEREPRESENTATION(#18,'Profile','MappedRepresentation',(#10669));
#10671=IFCPRODUCTDEFINITIONSHAPE($,$,(#10670,#10678,#10685,#10692));
#10672=IFCCARTESIANPOINT((0.,0.,0.));
#10673=IFCDIRECTION((1.,0.,0.));
#10674=IFCDIRECTION((0.,1.,0.));
#10675=IFCDIRECTION((0.,0.,1.));
#10676=IFCCARTESIANTRANSFORMATIONOPERATOR3D(#10673,#10674,#10672,1.,#10675);
#10677=IFCMAPPEDITEM(#10571,#10676);
#10678=IFCSHAPEREPRESENTATION(#11,'Body','MappedRepresentation',(#10677));
#10679=IFCCARTESIANPOINT((0.,0.,0.));
#10680=IFCDIRECTION((1.,0.,0.));
#10681=IFCDIRECTION((0.,1.,0.));
#10682=IFCDIRECTION((0.,0.,1.));
#10683=IFCCARTESIANTRANSFORMATIONOPERATOR3D(#10680,#10681,#10679,1.,#10682);
#10684=IFCMAPPEDITEM(#10640,#10683);
#10685=IFCSHAPEREPRESENTATION(#24,'Body','MappedRepresentation',(#10684));
#10686=IFCCARTESIANPOINT((0.,0.,0.));
#10687=IFCDIRECTION((1.,0.,0.));
#10688=IFCDIRECTION((0.,1.,0.));
#10689=IFCDIRECTION((0.,0.,1.));
#10690=IFCCARTESIANTRANSFORMATIONOPERATOR3D(#10687,#10688,#10686,1.,#10689);
#10691=IFCMAPPEDITEM(#10652,#10690);
#10692=IFCSHAPEREPRESENTATION(#25,'Annotation','MappedRepresentation',(#10691));
#10693=IFCOPENINGELEMENT('1KN4FPYyb0kvK_8gtFEhwF',$,'Opening',$,$,#16609,#10721,$,.OPENING.);
#10709=IFCCARTESIANPOINT((0.,0.,0.));
#10710=IFCDIRECTION((1.,0.,0.));
#10711=IFCDIRECTION((0.,0.,1.));
#10712=IFCAXIS2PLACEMENT3D(#10709,#10711,#10710);
#10713=IFCREPRESENTATIONMAP(#10712,#16599);
#10714=IFCCARTESIANPOINT((0.,0.,0.));
#10715=IFCDIRECTION((1.,0.,0.));
#10716=IFCDIRECTION((0.,1.,0.));
#10717=IFCDIRECTION((0.,0.,1.));
#10718=IFCCARTESIANTRANSFORMATIONOPERATOR3D(#10715,#10716,#10714,1.,#10717);
#10719=IFCMAPPEDITEM(#10713,#10718);
#10720=IFCSHAPEREPRESENTATION(#11,'Body','MappedRepresentation',(#10719));
#10721=IFCPRODUCTDEFINITIONSHAPE($,$,(#10720));
#10722=IFCRELVOIDSELEMENT('35YJ7mPo54ePMMWWtuBHMW',$,$,$,#9756,#10693);
#10728=IFCRELFILLSELEMENT('0xItU2D$z0WOBdmC8smQ3X',$,$,$,#10693,#10662);
#10734=IFCDOORTYPE('1iVoIVI3j64ASqsqhG2Xd8',$,'BRD 2-1-2F',$,$,(#10735),(#10737,#10745,#10823),$,$,.DOOR.,.SINGLE_SWING_LEFT.,$,$);
#10735=IFCPROPERTYSET('2ev4Ap9q5B2hYMClX4bmPs',$,'BBIM_Door',$,(#10736));
#10736=IFCPROPERTYSINGLEVALUE('Data',$,IFCTEXT('{"door_type": "SINGLE_SWING_RIGHT", "overall_height": 2.0, "overall_width": 0.9019337892532349, "lining_properties": {"lining_depth": 0.05000000074505806, "lining_thickness": 0.05000000074505806, "lining_offset": 0.0, "lining_to_panel_offset_x": 0.02500000037252903, "lining_to_panel_offset_y": 0.02500000037252903, "transom_thickness": 0.0, "casing_thickness": 0.07500000298023224, "casing_depth": 0.004999999888241291, "threshold_thickness": 0.02500000037252903, "threshold_depth": 0.10000000149011612, "threshold_offset": 0.0}, "panel_properties": {"panel_depth": 0.03500000014901161, "panel_width_ratio": 1.0}}'),$);
#10737=IFCREPRESENTATIONMAP(#10738,#16398);
#10738=IFCAXIS2PLACEMENT3D(#10739,#10740,#10741);
#10739=IFCCARTESIANPOINT((0.,0.,0.));
#10740=IFCDIRECTION((0.,0.,1.));
#10741=IFCDIRECTION((1.,0.,0.));
#10745=IFCREPRESENTATIONMAP(#10746,#16471);
#10746=IFCAXIS2PLACEMENT3D(#10747,#10748,#10749);
#10747=IFCCARTESIANPOINT((0.,0.,0.));
#10748=IFCDIRECTION((0.,0.,1.));
#10749=IFCDIRECTION((1.,0.,0.));
#10823=IFCREPRESENTATIONMAP(#10824,#16485);
#10824=IFCAXIS2PLACEMENT3D(#10825,#10826,#10827);
#10825=IFCCARTESIANPOINT((0.,0.,0.));
#10826=IFCDIRECTION((0.,0.,1.));
#10827=IFCDIRECTION((1.,0.,0.));
#10842=IFCDOORTYPE('0WsTVloG98HOU_3b2aIN8d',$,'BR 2-2-2F',$,$,(#10843),(#10845,#10853,#10931),$,$,.DOOR.,.SINGLE_SWING_LEFT.,$,$);
#10843=IFCPROPERTYSET('2RrNwDxrLFXAcgs$6v2rUg',$,'BBIM_Door',$,(#10844));
#10844=IFCPROPERTYSINGLEVALUE('Data',$,IFCTEXT('{"door_type": "SINGLE_SWING_LEFT", "overall_height": 2.0, "overall_width": 0.8910356760025024, "lining_properties": {"lining_depth": 0.05000000074505806, "lining_thickness": 0.05000000074505806, "lining_offset": 0.0, "lining_to_panel_offset_x": 0.02500000037252903, "lining_to_panel_offset_y": 0.02500000037252903, "transom_thickness": 0.0, "casing_thickness": 0.07500000298023224, "casing_depth": 0.004999999888241291, "threshold_thickness": 0.02500000037252903, "threshold_depth": 0.10000000149011612, "threshold_offset": 0.0}, "panel_properties": {"panel_depth": 0.03500000014901161, "panel_width_ratio": 1.0}}'),$);
#10845=IFCREPRESENTATIONMAP(#10846,#15996);
#10846=IFCAXIS2PLACEMENT3D(#10847,#10848,#10849);
#10847=IFCCARTESIANPOINT((0.,0.,0.));
#10848=IFCDIRECTION((0.,0.,1.));
#10849=IFCDIRECTION((1.,0.,0.));
#10853=IFCREPRESENTATIONMAP(#10854,#16069);
#10854=IFCAXIS2PLACEMENT3D(#10855,#10856,#10857);
#10855=IFCCARTESIANPOINT((0.,0.,0.));
#10856=IFCDIRECTION((0.,0.,1.));
#10857=IFCDIRECTION((1.,0.,0.));
#10931=IFCREPRESENTATIONMAP(#10932,#16083);
#10932=IFCAXIS2PLACEMENT3D(#10933,#10934,#10935);
#10933=IFCCARTESIANPOINT((0.,0.,0.));
#10934=IFCDIRECTION((0.,0.,1.));
#10935=IFCDIRECTION((1.,0.,0.));
#10950=IFCDOOR('3kwRkJTATFDg0bnj2NwCkT',$,'Door',$,$,#16510,#10959,$,2.,0.90193378925323486,$,.SINGLE_SWING_RIGHT.,$);
#10951=IFCRELDEFINESBYTYPE('12Dk4j9Eb3O9Pqrn9kuhqU',$,$,$,(#10950),#10734);
#10952=IFCCARTESIANPOINT((0.,0.,0.));
#10953=IFCDIRECTION((1.,0.,0.));
#10954=IFCDIRECTION((0.,1.,0.));
#10955=IFCDIRECTION((0.,0.,1.));
#10956=IFCCARTESIANTRANSFORMATIONOPERATOR3D(#10953,#10954,#10952,1.,#10955);
#10957=IFCMAPPEDITEM(#10737,#10956);
#10958=IFCSHAPEREPRESENTATION(#18,'Profile','MappedRepresentation',(#10957));
#10959=IFCPRODUCTDEFINITIONSHAPE($,$,(#10958,#10966,#10973));
#10960=IFCCARTESIANPOINT((0.,0.,0.));
#10961=IFCDIRECTION((1.,0.,0.));
#10962=IFCDIRECTION((0.,1.,0.));
#10963=IFCDIRECTION((0.,0.,1.));
#10964=IFCCARTESIANTRANSFORMATIONOPERATOR3D(#10961,#10962,#10960,1.,#10963);
#10965=IFCMAPPEDITEM(#10745,#10964);
#10966=IFCSHAPEREPRESENTATION(#11,'Body','MappedRepresentation',(#10965));
#10967=IFCCARTESIANPOINT((0.,0.,0.));
#10968=IFCDIRECTION((1.,0.,0.));
#10969=IFCDIRECTION((0.,1.,0.));
#10970=IFCDIRECTION((0.,0.,1.));
#10971=IFCCARTESIANTRANSFORMATIONOPERATOR3D(#10968,#10969,#10967,1.,#10970);
#10972=IFCMAPPEDITEM(#10823,#10971);
#10973=IFCSHAPEREPRESENTATION(#24,'Body','MappedRepresentation',(#10972));
#10974=IFCOPENINGELEMENT('0G32zrVOf08O_bAjn0zL_w',$,'Opening',$,$,#16505,#11002,$,.OPENING.);
#10990=IFCCARTESIANPOINT((0.,0.,0.));
#10991=IFCDIRECTION((1.,0.,0.));
#10992=IFCDIRECTION((0.,0.,1.));
#10993=IFCAXIS2PLACEMENT3D(#10990,#10992,#10991);
#10994=IFCREPRESENTATIONMAP(#10993,#16495);
#10995=IFCCARTESIANPOINT((0.,0.,0.));
#10996=IFCDIRECTION((1.,0.,0.));
#10997=IFCDIRECTION((0.,1.,0.));
#10998=IFCDIRECTION((0.,0.,1.));
#10999=IFCCARTESIANTRANSFORMATIONOPERATOR3D(#10996,#10997,#10995,1.,#10998);
#11000=IFCMAPPEDITEM(#10994,#10999);
#11001=IFCSHAPEREPRESENTATION(#11,'Body','MappedRepresentation',(#11000));
#11002=IFCPRODUCTDEFINITIONSHAPE($,$,(#11001));
#11003=IFCRELVOIDSELEMENT('2fqqcUX0j9nfbkthlIMDSF',$,$,$,#9794,#10974);
#11009=IFCRELFILLSELEMENT('1J0pJvEe13OesyRjjCbYu2',$,$,$,#10974,#10950);
#11015=IFCDOOR('1KAZHq_AXE69bnbDyHYMD2',$,'Door',$,$,#16108,#11024,$,2.,0.89103567600250244,$,.SINGLE_SWING_LEFT.,$);
#11016=IFCRELDEFINESBYTYPE('2tgBgEjtHDjQ5uWzcEHT96',$,$,$,(#11015),#10842);
#11017=IFCCARTESIANPOINT((0.,0.,0.));
#11018=IFCDIRECTION((1.,0.,0.));
#11019=IFCDIRECTION((0.,1.,0.));
#11020=IFCDIRECTION((0.,0.,1.));
#11021=IFCCARTESIANTRANSFORMATIONOPERATOR3D(#11018,#11019,#11017,1.,#11020);
#11022=IFCMAPPEDITEM(#10845,#11021);
#11023=IFCSHAPEREPRESENTATION(#18,'Profile','MappedRepresentation',(#11022));
#11024=IFCPRODUCTDEFINITIONSHAPE($,$,(#11023,#11031,#11038));
#11025=IFCCARTESIANPOINT((0.,0.,0.));
#11026=IFCDIRECTION((1.,0.,0.));
#11027=IFCDIRECTION((0.,1.,0.));
#11028=IFCDIRECTION((0.,0.,1.));
#11029=IFCCARTESIANTRANSFORMATIONOPERATOR3D(#11026,#11027,#11025,1.,#11028);
#11030=IFCMAPPEDITEM(#10853,#11029);
#11031=IFCSHAPEREPRESENTATION(#11,'Body','MappedRepresentation',(#11030));
#11032=IFCCARTESIANPOINT((0.,0.,0.));
#11033=IFCDIRECTION((1.,0.,0.));
#11034=IFCDIRECTION((0.,1.,0.));
#11035=IFCDIRECTION((0.,0.,1.));
#11036=IFCCARTESIANTRANSFORMATIONOPERATOR3D(#11033,#11034,#11032,1.,#11035);
#11037=IFCMAPPEDITEM(#10931,#11036);
#11038=IFCSHAPEREPRESENTATION(#24,'Body','MappedRepresentation',(#11037));
#11039=IFCOPENINGELEMENT('32wl4CDwX3ZOQPiDtPZiJX',$,'Opening',$,$,#16103,#11067,$,.OPENING.);
#11055=IFCCARTESIANPOINT((0.,0.,0.));
#11056=IFCDIRECTION((1.,0.,0.));
#11057=IFCDIRECTION((0.,0.,1.));
#11058=IFCAXIS2PLACEMENT3D(#11055,#11057,#11056);
#11059=IFCREPRESENTATIONMAP(#11058,#16093);
#11060=IFCCARTESIANPOINT((0.,0.,0.));
#11061=IFCDIRECTION((1.,0.,0.));
#11062=IFCDIRECTION((0.,1.,0.));
#11063=IFCDIRECTION((0.,0.,1.));
#11064=IFCCARTESIANTRANSFORMATIONOPERATOR3D(#11061,#11062,#11060,1.,#11063);
#11065=IFCMAPPEDITEM(#11059,#11064);
#11066=IFCSHAPEREPRESENTATION(#11,'Body','MappedRepresentation',(#11065));
#11067=IFCPRODUCTDEFINITIONSHAPE($,$,(#11066));
#11068=IFCRELVOIDSELEMENT('2_QnublD10RAdK6liyDkwv',$,$,$,#8971,#11039);
#11074=IFCRELFILLSELEMENT('3gPuybdt1BWx7FCIuwjcVz',$,$,$,#11039,#11015);
#11083=IFCCARTESIANPOINTLIST2D(((0.,0.),(0.,2.),(0.72609853744506836,2.),(0.72609853744506836,0.),(0.6760985367000103,0.),(0.6760985367000103,1.9499999992549419),(0.05000000074505806,1.9499999992549419),(0.05000000074505806,0.)));
#11084=IFCINDEXEDPOLYCURVE(#11083,(IFCLINEINDEX((1,2,3,4,5,6,7,8,1))),$);
#11085=IFCARBITRARYCLOSEDPROFILEDEF(.AREA.,$,#11084);
#11086=IFCCARTESIANPOINT((0.,0.,0.));
#11087=IFCDIRECTION((0.,-1.,0.));
#11088=IFCDIRECTION((1.,0.,0.));
#11089=IFCAXIS2PLACEMENT3D(#11086,#11087,#11088);
#11090=IFCDIRECTION((0.,0.,-1.));
#11091=IFCEXTRUDEDAREASOLID(#11085,#11089,#11090,0.05000000074505806);
#11092=IFCCARTESIANPOINTLIST2D(((0.,0.),(0.62609853595495224,0.),(0.62609853595495224,0.10000000149011612),(0.,0.10000000149011612)));
#11093=IFCINDEXEDPOLYCURVE(#11092,(IFCLINEINDEX((1,2,3,4,1))),$);
#11094=IFCARBITRARYCLOSEDPROFILEDEF(.AREA.,$,#11093);
#11095=IFCCARTESIANPOINT((0.05000000074505806,0.,0.));
#11096=IFCDIRECTION((0.,0.,1.));
#11097=IFCDIRECTION((1.,0.,0.));
#11098=IFCAXIS2PLACEMENT3D(#11095,#11096,#11097);
#11099=IFCDIRECTION((0.,0.,1.));
#11100=IFCEXTRUDEDAREASOLID(#11094,#11098,#11099,0.02500000037252903);
#11101=IFCCARTESIANPOINTLIST2D(((0.,0.),(0.,2.0250000022351742),(0.77609854191541672,2.0250000022351742),(0.77609854191541672,0.),(0.70109853893518448,0.),(0.70109853893518448,1.9499999992549419),(0.075000002980232239,1.9499999992549419),(0.075000002980232239,0.)));
#11102=IFCINDEXEDPOLYCURVE(#11101,(IFCLINEINDEX((1,2,3,4,5,6,7,8,1))),$);
#11103=IFCARBITRARYCLOSEDPROFILEDEF(.AREA.,$,#11102);
#11104=IFCCARTESIANPOINT((-0.025000002235174179,-0.004999999888241291,0.));
#11105=IFCDIRECTION((0.,-1.,0.));
#11106=IFCDIRECTION((1.,0.,0.));
#11107=IFCAXIS2PLACEMENT3D(#11104,#11105,#11106);
#11108=IFCDIRECTION((0.,0.,-1.));
#11109=IFCEXTRUDEDAREASOLID(#11103,#11107,#11108,0.004999999888241291);
#11110=IFCCARTESIANPOINTLIST2D(((0.,0.),(0.,2.0250000022351742),(0.77609854191541672,2.0250000022351742),(0.77609854191541672,0.),(0.70109853893518448,0.),(0.70109853893518448,1.9499999992549419),(0.075000002980232239,1.9499999992549419),(0.075000002980232239,0.)));
#11111=IFCINDEXEDPOLYCURVE(#11110,(IFCLINEINDEX((1,2,3,4,5,6,7,8,1))),$);
#11112=IFCARBITRARYCLOSEDPROFILEDEF(.AREA.,$,#11111);
#11113=IFCCARTESIANPOINT((-0.025000002235174179,0.05000000074505806,0.));
#11114=IFCDIRECTION((0.,-1.,0.));
#11115=IFCDIRECTION((1.,0.,0.));
#11116=IFCAXIS2PLACEMENT3D(#11113,#11114,#11115);
#11117=IFCDIRECTION((0.,0.,-1.));
#11118=IFCEXTRUDEDAREASOLID(#11112,#11116,#11117,0.004999999888241291);
#11119=IFCCARTESIANPOINTLIST2D(((0.,0.),(0.62609853595495224,0.),(0.62609853595495224,0.035000000149011612),(0.,0.035000000149011612)));
#11120=IFCINDEXEDPOLYCURVE(#11119,(IFCLINEINDEX((1,2,3,4,1))),$);
#11121=IFCARBITRARYCLOSEDPROFILEDEF(.AREA.,$,#11120);
#11122=IFCCARTESIANPOINT((0.05000000074505806,-0.035000000149011612,0.02500000037252903));
#11123=IFCDIRECTION((0.,0.,1.));
#11124=IFCDIRECTION((1.,0.,0.));
#11125=IFCAXIS2PLACEMENT3D(#11122,#11123,#11124);
#11126=IFCDIRECTION((0.,0.,1.));
#11127=IFCEXTRUDEDAREASOLID(#11121,#11125,#11126,1.9249999988824129);
#11128=IFCCARTESIANPOINTLIST2D(((0.,0.),(0.,-0.040000000000000001),(0.12,-0.040000000000000001),(0.12,-0.02),(0.02,-0.02),(0.02,0.)));
#11129=IFCINDEXEDPOLYCURVE(#11128,(IFCLINEINDEX((1,2,3,4,5,6,1))),$);
#11130=IFCARBITRARYCLOSEDPROFILEDEF(.AREA.,$,#11129);
#11131=IFCCARTESIANPOINT((0.10000000074505806,-0.035000000149011612,1.015000000372529));
#11132=IFCDIRECTION((0.,0.,1.));
#11133=IFCDIRECTION((1.,0.,0.));
#11134=IFCAXIS2PLACEMENT3D(#11131,#11132,#11133);
#11135=IFCDIRECTION((0.,0.,1.));
#11136=IFCEXTRUDEDAREASOLID(#11130,#11134,#11135,0.02);
#11137=IFCEXTRUDEDAREASOLID(#11138,#11141,#11145,0.02);
#11138=IFCARBITRARYCLOSEDPROFILEDEF(.AREA.,$,#11139);
#11139=IFCINDEXEDPOLYCURVE(#11140,(IFCLINEINDEX((1,2,3,4,5,6,1))),$);
#11140=IFCCARTESIANPOINTLIST2D(((0.,0.),(0.,0.040000000000000008),(0.11999999999999998,0.040000000000000008),(0.11999999999999998,0.020000000000000004),(0.020000000000000004,0.020000000000000004),(0.020000000000000004,0.)));
#11141=IFCAXIS2PLACEMENT3D(#11142,#11143,#11144);
#11142=IFCCARTESIANPOINT((0.10000000074505806,0.,1.015000000372529));
#11143=IFCDIRECTION((0.,0.,1.));
#11144=IFCDIRECTION((1.,0.,0.));
#11145=IFCDIRECTION((0.,0.,1.));
#11147=IFCSHAPEREPRESENTATION(#11,'Body','SweptSolid',(#11109,#11223,#11118,#16531,#16549,#11100,#11091,#11214,#11241,#16522,#11232,#16540));
#11148=IFCSHAPEASPECT((#11147),'Lining',$,.T.,#10671);
#11149=IFCSHAPEREPRESENTATION(#11,'Body','SweptSolid',(#11259,#16567,#11136,#11250,#16558,#11137,#11127,#11260,#16568));
#11150=IFCSHAPEASPECT((#11149),'Framing',$,.T.,#10671);
#11206=IFCCARTESIANPOINTLIST2D(((0.,0.),(0.,2.),(0.72609853744506836,2.),(0.72609853744506836,0.),(0.6760985367000103,0.),(0.6760985367000103,1.9499999992549419),(0.05000000074505806,1.9499999992549419),(0.05000000074505806,0.)));
#11207=IFCINDEXEDPOLYCURVE(#11206,(IFCLINEINDEX((1,2,3,4,5,6,7,8,1))),$);
#11208=IFCARBITRARYCLOSEDPROFILEDEF(.AREA.,$,#11207);
#11209=IFCCARTESIANPOINT((0.,0.,0.));
#11210=IFCDIRECTION((0.,-1.,0.));
#11211=IFCDIRECTION((1.,0.,0.));
#11212=IFCAXIS2PLACEMENT3D(#11209,#11210,#11211);
#11213=IFCDIRECTION((0.,0.,-1.));
#11214=IFCEXTRUDEDAREASOLID(#11208,#11212,#11213,0.05000000074505806);
#11215=IFCCARTESIANPOINTLIST2D(((0.,0.),(0.62609853595495224,0.),(0.62609853595495224,0.10000000149011612),(0.,0.10000000149011612)));
#11216=IFCINDEXEDPOLYCURVE(#11215,(IFCLINEINDEX((1,2,3,4,1))),$);
#11217=IFCARBITRARYCLOSEDPROFILEDEF(.AREA.,$,#11216);
#11218=IFCCARTESIANPOINT((0.05000000074505806,0.,0.));
#11219=IFCDIRECTION((0.,0.,1.));
#11220=IFCDIRECTION((1.,0.,0.));
#11221=IFCAXIS2PLACEMENT3D(#11218,#11219,#11220);
#11222=IFCDIRECTION((0.,0.,1.));
#11223=IFCEXTRUDEDAREASOLID(#11217,#11221,#11222,0.02500000037252903);
#11224=IFCCARTESIANPOINTLIST2D(((0.,0.),(0.,2.0250000022351742),(0.77609854191541672,2.0250000022351742),(0.77609854191541672,0.),(0.70109853893518448,0.),(0.70109853893518448,1.9499999992549419),(0.075000002980232239,1.9499999992549419),(0.075000002980232239,0.)));
#11225=IFCINDEXEDPOLYCURVE(#11224,(IFCLINEINDEX((1,2,3,4,5,6,7,8,1))),$);
#11226=IFCARBITRARYCLOSEDPROFILEDEF(.AREA.,$,#11225);
#11227=IFCCARTESIANPOINT((-0.025000002235174179,-0.004999999888241291,0.));
#11228=IFCDIRECTION((0.,-1.,0.));
#11229=IFCDIRECTION((1.,0.,0.));
#11230=IFCAXIS2PLACEMENT3D(#11227,#11228,#11229);
#11231=IFCDIRECTION((0.,0.,-1.));
#11232=IFCEXTRUDEDAREASOLID(#11226,#11230,#11231,0.004999999888241291);
#11233=IFCCARTESIANPOINTLIST2D(((0.,0.),(0.,2.0250000022351742),(0.77609854191541672,2.0250000022351742),(0.77609854191541672,0.),(0.70109853893518448,0.),(0.70109853893518448,1.9499999992549419),(0.075000002980232239,1.9499999992549419),(0.075000002980232239,0.)));
#11234=IFCINDEXEDPOLYCURVE(#11233,(IFCLINEINDEX((1,2,3,4,5,6,7,8,1))),$);
#11235=IFCARBITRARYCLOSEDPROFILEDEF(.AREA.,$,#11234);
#11236=IFCCARTESIANPOINT((-0.025000002235174179,0.05000000074505806,0.));
#11237=IFCDIRECTION((0.,-1.,0.));
#11238=IFCDIRECTION((1.,0.,0.));
#11239=IFCAXIS2PLACEMENT3D(#11236,#11237,#11238);
#11240=IFCDIRECTION((0.,0.,-1.));
#11241=IFCEXTRUDEDAREASOLID(#11235,#11239,#11240,0.004999999888241291);
#11242=IFCCARTESIANPOINTLIST2D(((0.,0.),(0.62609853595495224,0.),(0.62609853595495224,0.035000000149011612),(0.,0.035000000149011612)));
#11243=IFCINDEXEDPOLYCURVE(#11242,(IFCLINEINDEX((1,2,3,4,1))),$);
#11244=IFCARBITRARYCLOSEDPROFILEDEF(.AREA.,$,#11243);
#11245=IFCCARTESIANPOINT((0.05000000074505806,-0.035000000149011612,0.02500000037252903));
#11246=IFCDIRECTION((0.,0.,1.));
#11247=IFCDIRECTION((1.,0.,0.));
#11248=IFCAXIS2PLACEMENT3D(#11245,#11246,#11247);
#11249=IFCDIRECTION((0.,0.,1.));
#11250=IFCEXTRUDEDAREASOLID(#11244,#11248,#11249,1.9249999988824129);
#11251=IFCCARTESIANPOINTLIST2D(((0.,0.),(0.,-0.040000000000000001),(0.12,-0.040000000000000001),(0.12,-0.02),(0.02,-0.02),(0.02,0.)));
#11252=IFCINDEXEDPOLYCURVE(#11251,(IFCLINEINDEX((1,2,3,4,5,6,1))),$);
#11253=IFCARBITRARYCLOSEDPROFILEDEF(.AREA.,$,#11252);
#11254=IFCCARTESIANPOINT((0.10000000074505806,-0.035000000149011612,1.015000000372529));
#11255=IFCDIRECTION((0.,0.,1.));
#11256=IFCDIRECTION((1.,0.,0.));
#11257=IFCAXIS2PLACEMENT3D(#11254,#11255,#11256);
#11258=IFCDIRECTION((0.,0.,1.));
#11259=IFCEXTRUDEDAREASOLID(#11253,#11257,#11258,0.02);
#11260=IFCEXTRUDEDAREASOLID(#11261,#11264,#11268,0.02);
#11261=IFCARBITRARYCLOSEDPROFILEDEF(.AREA.,$,#11262);
#11262=IFCINDEXEDPOLYCURVE(#11263,(IFCLINEINDEX((1,2,3,4,5,6,1))),$);
#11263=IFCCARTESIANPOINTLIST2D(((0.,0.),(0.,0.040000000000000008),(0.11999999999999998,0.040000000000000008),(0.11999999999999998,0.020000000000000004),(0.020000000000000004,0.020000000000000004),(0.020000000000000004,0.)));
#11264=IFCAXIS2PLACEMENT3D(#11265,#11266,#11267);
#11265=IFCCARTESIANPOINT((0.10000000074505806,0.,1.015000000372529));
#11266=IFCDIRECTION((0.,0.,1.));
#11267=IFCDIRECTION((1.,0.,0.));
#11268=IFCDIRECTION((0.,0.,1.));
#11310=IFCCARTESIANPOINTLIST2D(((0.,0.),(0.,2.),(0.90938436985015869,2.),(0.90938436985015869,0.),(0.88438436947762966,0.),(0.88438436947762966,1.974999999627471),(0.02500000037252903,1.974999999627471),(0.02500000037252903,0.)));
#11311=IFCINDEXEDPOLYCURVE(#11310,(IFCLINEINDEX((1,2,3,4,5,6,7,8,1))),$);
#11312=IFCARBITRARYCLOSEDPROFILEDEF(.AREA.,$,#11311);
#11313=IFCCARTESIANPOINT((0.,0.02500000037252903,0.));
#11314=IFCDIRECTION((0.,-1.,0.));
#11315=IFCDIRECTION((1.,0.,0.));
#11316=IFCAXIS2PLACEMENT3D(#11313,#11314,#11315);
#11317=IFCDIRECTION((0.,0.,-1.));
#11318=IFCEXTRUDEDAREASOLID(#11312,#11316,#11317,0.02500000037252903);
#11319=IFCCARTESIANPOINTLIST2D(((0.,0.),(0.,2.),(0.90938436985015869,2.),(0.90938436985015869,0.),(0.85938436910510063,0.),(0.85938436910510063,1.9499999992549419),(0.05000000074505806,1.9499999992549419),(0.05000000074505806,0.)));
#11320=IFCINDEXEDPOLYCURVE(#11319,(IFCLINEINDEX((1,2,3,4,5,6,7,8,1))),$);
#11321=IFCARBITRARYCLOSEDPROFILEDEF(.AREA.,$,#11320);
#11322=IFCCARTESIANPOINT((0.,0.,0.));
#11323=IFCDIRECTION((0.,-1.,0.));
#11324=IFCDIRECTION((1.,0.,0.));
#11325=IFCAXIS2PLACEMENT3D(#11322,#11323,#11324);
#11326=IFCDIRECTION((0.,0.,-1.));
#11327=IFCEXTRUDEDAREASOLID(#11321,#11325,#11326,0.02500000037252903);
#11328=IFCCARTESIANPOINTLIST2D(((0.,0.),(0.80938436836004257,0.),(0.80938436836004257,0.10000000149011612),(0.,0.10000000149011612)));
#11329=IFCINDEXEDPOLYCURVE(#11328,(IFCLINEINDEX((1,2,3,4,1))),$);
#11330=IFCARBITRARYCLOSEDPROFILEDEF(.AREA.,$,#11329);
#11331=IFCCARTESIANPOINT((0.05000000074505806,0.,0.));
#11332=IFCDIRECTION((0.,0.,1.));
#11333=IFCDIRECTION((1.,0.,0.));
#11334=IFCAXIS2PLACEMENT3D(#11331,#11332,#11333);
#11335=IFCDIRECTION((0.,0.,1.));
#11336=IFCEXTRUDEDAREASOLID(#11330,#11334,#11335,0.02500000037252903);
#11337=IFCCARTESIANPOINTLIST2D(((0.,0.),(0.,2.0250000022351742),(0.95938437432050705,2.0250000022351742),(0.95938437432050705,0.),(0.88438437134027481,0.),(0.88438437134027481,1.9499999992549419),(0.075000002980232239,1.9499999992549419),(0.075000002980232239,0.)));
#11338=IFCINDEXEDPOLYCURVE(#11337,(IFCLINEINDEX((1,2,3,4,5,6,7,8,1))),$);
#11339=IFCARBITRARYCLOSEDPROFILEDEF(.AREA.,$,#11338);
#11340=IFCCARTESIANPOINT((-0.025000002235174179,-0.004999999888241291,0.));
#11341=IFCDIRECTION((0.,-1.,0.));
#11342=IFCDIRECTION((1.,0.,0.));
#11343=IFCAXIS2PLACEMENT3D(#11340,#11341,#11342);
#11344=IFCDIRECTION((0.,0.,-1.));
#11345=IFCEXTRUDEDAREASOLID(#11339,#11343,#11344,0.004999999888241291);
#11346=IFCCARTESIANPOINTLIST2D(((0.,0.),(0.,2.0250000022351742),(0.95938437432050705,2.0250000022351742),(0.95938437432050705,0.),(0.90938437171280384,0.),(0.90938437171280384,1.974999999627471),(0.050000002607703209,1.974999999627471),(0.050000002607703209,0.)));
#11347=IFCINDEXEDPOLYCURVE(#11346,(IFCLINEINDEX((1,2,3,4,5,6,7,8,1))),$);
#11348=IFCARBITRARYCLOSEDPROFILEDEF(.AREA.,$,#11347);
#11349=IFCCARTESIANPOINT((-0.025000002235174179,0.05000000074505806,0.));
#11350=IFCDIRECTION((0.,-1.,0.));
#11351=IFCDIRECTION((1.,0.,0.));
#11352=IFCAXIS2PLACEMENT3D(#11349,#11350,#11351);
#11353=IFCDIRECTION((0.,0.,-1.));
#11354=IFCEXTRUDEDAREASOLID(#11348,#11352,#11353,0.004999999888241291);
#11355=IFCCARTESIANPOINTLIST2D(((0.,0.),(0.85938436910510063,0.),(0.85938436910510063,0.035000000149011612),(0.,0.035000000149011612)));
#11356=IFCINDEXEDPOLYCURVE(#11355,(IFCLINEINDEX((1,2,3,4,1))),$);
#11357=IFCARBITRARYCLOSEDPROFILEDEF(.AREA.,$,#11356);
#11358=IFCCARTESIANPOINT((0.02500000037252903,0.02500000037252903,0.02500000037252903));
#11359=IFCDIRECTION((0.,0.,1.));
#11360=IFCDIRECTION((1.,0.,0.));
#11361=IFCAXIS2PLACEMENT3D(#11358,#11359,#11360);
#11362=IFCDIRECTION((0.,0.,1.));
#11363=IFCEXTRUDEDAREASOLID(#11357,#11361,#11362,1.9499999992549419);
#11364=IFCCARTESIANPOINTLIST2D(((0.,0.),(0.,-0.040000000000000001),(0.12,-0.040000000000000001),(0.12,-0.02),(0.02,-0.02),(0.02,0.)));
#11365=IFCINDEXEDPOLYCURVE(#11364,(IFCLINEINDEX((1,2,3,4,5,6,1))),$);
#11366=IFCARBITRARYCLOSEDPROFILEDEF(.AREA.,$,#11365);
#11367=IFCCARTESIANPOINT((0.075000000372529033,0.02500000037252903,1.015000000372529));
#11368=IFCDIRECTION((0.,0.,1.));
#11369=IFCDIRECTION((1.,0.,0.));
#11370=IFCAXIS2PLACEMENT3D(#11367,#11368,#11369);
#11371=IFCDIRECTION((0.,0.,1.));
#11372=IFCEXTRUDEDAREASOLID(#11366,#11370,#11371,0.02);
#11373=IFCEXTRUDEDAREASOLID(#11374,#11377,#11381,0.02);
#11374=IFCARBITRARYCLOSEDPROFILEDEF(.AREA.,$,#11375);
#11375=IFCINDEXEDPOLYCURVE(#11376,(IFCLINEINDEX((1,2,3,4,5,6,1))),$);
#11376=IFCCARTESIANPOINTLIST2D(((0.,0.),(0.,0.040000000000000008),(0.11999999999999998,0.040000000000000008),(0.11999999999999998,0.020000000000000004),(0.020000000000000004,0.020000000000000004),(0.020000000000000004,0.)));
#11377=IFCAXIS2PLACEMENT3D(#11378,#11379,#11380);
#11378=IFCCARTESIANPOINT((0.075000000372529033,0.060000000521540642,1.015000000372529));
#11379=IFCDIRECTION((0.,0.,1.));
#11380=IFCDIRECTION((1.,0.,0.));
#11381=IFCDIRECTION((0.,0.,1.));
#11383=IFCSHAPEREPRESENTATION(#11,'Body','SweptSolid',(#11318,#16653,#11327,#16635,#11354,#16662,#11345,#16626,#11336,#16644));
#11384=IFCSHAPEASPECT((#11383),'Lining',$,.T.,#10331);
#11385=IFCSHAPEREPRESENTATION(#11,'Body','SweptSolid',(#16671,#16680,#11373,#11363,#11372,#16681));
#11386=IFCSHAPEASPECT((#11385),'Framing',$,.T.,#10331);
#11429=IFCCARTESIANPOINTLIST2D(((0.,0.),(0.,2.),(0.90608632564544678,2.),(0.90608632564544678,0.),(0.88108632527291775,0.),(0.88108632527291775,1.974999999627471),(0.02500000037252903,1.974999999627471),(0.02500000037252903,0.)));
#11430=IFCINDEXEDPOLYCURVE(#11429,(IFCLINEINDEX((1,2,3,4,5,6,7,8,1))),$);
#11431=IFCARBITRARYCLOSEDPROFILEDEF(.AREA.,$,#11430);
#11432=IFCCARTESIANPOINT((0.,0.02500000037252903,0.));
#11433=IFCDIRECTION((0.,-1.,0.));
#11434=IFCDIRECTION((1.,0.,0.));
#11435=IFCAXIS2PLACEMENT3D(#11432,#11433,#11434);
#11436=IFCDIRECTION((0.,0.,-1.));
#11437=IFCEXTRUDEDAREASOLID(#11431,#11435,#11436,0.02500000037252903);
#11438=IFCCARTESIANPOINTLIST2D(((0.,0.),(0.,2.),(0.90608632564544678,2.),(0.90608632564544678,0.),(0.85608632490038872,0.),(0.85608632490038872,1.9499999992549419),(0.05000000074505806,1.9499999992549419),(0.05000000074505806,0.)));
#11439=IFCINDEXEDPOLYCURVE(#11438,(IFCLINEINDEX((1,2,3,4,5,6,7,8,1))),$);
#11440=IFCARBITRARYCLOSEDPROFILEDEF(.AREA.,$,#11439);
#11441=IFCCARTESIANPOINT((0.,0.,0.));
#11442=IFCDIRECTION((0.,-1.,0.));
#11443=IFCDIRECTION((1.,0.,0.));
#11444=IFCAXIS2PLACEMENT3D(#11441,#11442,#11443);
#11445=IFCDIRECTION((0.,0.,-1.));
#11446=IFCEXTRUDEDAREASOLID(#11440,#11444,#11445,0.02500000037252903);
#11447=IFCCARTESIANPOINTLIST2D(((0.,0.),(0.80608632415533066,0.),(0.80608632415533066,0.10000000149011612),(0.,0.10000000149011612)));
#11448=IFCINDEXEDPOLYCURVE(#11447,(IFCLINEINDEX((1,2,3,4,1))),$);
#11449=IFCARBITRARYCLOSEDPROFILEDEF(.AREA.,$,#11448);
#11450=IFCCARTESIANPOINT((0.05000000074505806,0.,0.));
#11451=IFCDIRECTION((0.,0.,1.));
#11452=IFCDIRECTION((1.,0.,0.));
#11453=IFCAXIS2PLACEMENT3D(#11450,#11451,#11452);
#11454=IFCDIRECTION((0.,0.,1.));
#11455=IFCEXTRUDEDAREASOLID(#11449,#11453,#11454,0.02500000037252903);
#11456=IFCCARTESIANPOINTLIST2D(((0.,0.),(0.,2.0250000022351742),(0.95608633011579514,2.0250000022351742),(0.95608633011579514,0.),(0.8810863271355629,0.),(0.8810863271355629,1.9499999992549419),(0.075000002980232239,1.9499999992549419),(0.075000002980232239,0.)));
#11457=IFCINDEXEDPOLYCURVE(#11456,(IFCLINEINDEX((1,2,3,4,5,6,7,8,1))),$);
#11458=IFCARBITRARYCLOSEDPROFILEDEF(.AREA.,$,#11457);
#11459=IFCCARTESIANPOINT((-0.025000002235174179,-0.004999999888241291,0.));
#11460=IFCDIRECTION((0.,-1.,0.));
#11461=IFCDIRECTION((1.,0.,0.));
#11462=IFCAXIS2PLACEMENT3D(#11459,#11460,#11461);
#11463=IFCDIRECTION((0.,0.,-1.));
#11464=IFCEXTRUDEDAREASOLID(#11458,#11462,#11463,0.004999999888241291);
#11465=IFCCARTESIANPOINTLIST2D(((0.,0.),(0.,2.0250000022351742),(0.95608633011579514,2.0250000022351742),(0.95608633011579514,0.),(0.90608632750809193,0.),(0.90608632750809193,1.974999999627471),(0.050000002607703209,1.974999999627471),(0.050000002607703209,0.)));
#11466=IFCINDEXEDPOLYCURVE(#11465,(IFCLINEINDEX((1,2,3,4,5,6,7,8,1))),$);
#11467=IFCARBITRARYCLOSEDPROFILEDEF(.AREA.,$,#11466);
#11468=IFCCARTESIANPOINT((-0.025000002235174179,0.05000000074505806,0.));
#11469=IFCDIRECTION((0.,-1.,0.));
#11470=IFCDIRECTION((1.,0.,0.));
#11471=IFCAXIS2PLACEMENT3D(#11468,#11469,#11470);
#11472=IFCDIRECTION((0.,0.,-1.));
#11473=IFCEXTRUDEDAREASOLID(#11467,#11471,#11472,0.004999999888241291);
#11474=IFCCARTESIANPOINTLIST2D(((0.,0.),(0.85608632490038872,0.),(0.85608632490038872,0.035000000149011612),(0.,0.035000000149011612)));
#11475=IFCINDEXEDPOLYCURVE(#11474,(IFCLINEINDEX((1,2,3,4,1))),$);
#11476=IFCARBITRARYCLOSEDPROFILEDEF(.AREA.,$,#11475);
#11477=IFCCARTESIANPOINT((0.02500000037252903,0.02500000037252903,0.02500000037252903));
#11478=IFCDIRECTION((0.,0.,1.));
#11479=IFCDIRECTION((1.,0.,0.));
#11480=IFCAXIS2PLACEMENT3D(#11477,#11478,#11479);
#11481=IFCDIRECTION((0.,0.,1.));
#11482=IFCEXTRUDEDAREASOLID(#11476,#11480,#11481,1.9499999992549419);
#11483=IFCCARTESIANPOINTLIST2D(((0.,0.),(0.,-0.040000000000000001),(0.12,-0.040000000000000001),(0.12,-0.02),(0.02,-0.02),(0.02,0.)));
#11484=IFCINDEXEDPOLYCURVE(#11483,(IFCLINEINDEX((1,2,3,4,5,6,1))),$);
#11485=IFCARBITRARYCLOSEDPROFILEDEF(.AREA.,$,#11484);
#11486=IFCCARTESIANPOINT((0.075000000372529033,0.02500000037252903,1.015000000372529));
#11487=IFCDIRECTION((0.,0.,1.));
#11488=IFCDIRECTION((1.,0.,0.));
#11489=IFCAXIS2PLACEMENT3D(#11486,#11487,#11488);
#11490=IFCDIRECTION((0.,0.,1.));
#11491=IFCEXTRUDEDAREASOLID(#11485,#11489,#11490,0.02);
#11492=IFCEXTRUDEDAREASOLID(#11493,#11496,#11500,0.02);
#11493=IFCARBITRARYCLOSEDPROFILEDEF(.AREA.,$,#11494);
#11494=IFCINDEXEDPOLYCURVE(#11495,(IFCLINEINDEX((1,2,3,4,5,6,1))),$);
#11495=IFCCARTESIANPOINTLIST2D(((0.,0.),(0.,0.040000000000000008),(0.11999999999999998,0.040000000000000008),(0.11999999999999998,0.020000000000000004),(0.020000000000000004,0.020000000000000004),(0.020000000000000004,0.)));
#11496=IFCAXIS2PLACEMENT3D(#11497,#11498,#11499);
#11497=IFCCARTESIANPOINT((0.075000000372529033,0.060000000521540642,1.015000000372529));
#11498=IFCDIRECTION((0.,0.,1.));
#11499=IFCDIRECTION((1.,0.,0.));
#11500=IFCDIRECTION((0.,0.,1.));
#11502=IFCSHAPEREPRESENTATION(#11,'Body','SweptSolid',(#16768,#18287,#18154,#18145,#18278,#18136,#11455,#18269,#18260,#11446,#18163,#18172,#18251,#11437,#16759,#16750,#11473,#16741,#11464,#16777));
#11503=IFCSHAPEASPECT((#11502),'Lining',$,.T.,#10504);
#11504=IFCSHAPEREPRESENTATION(#11,'Body','SweptSolid',(#16796,#18306,#11492,#18190,#11482,#18296,#18191,#18181,#16786,#16795,#18305,#11491));
#11505=IFCSHAPEASPECT((#11504),'Framing',$,.T.,#10504);
#11548=IFCCARTESIANPOINTLIST2D(((0.,0.),(0.,2.),(0.88598740100860596,2.),(0.88598740100860596,0.),(0.86098740063607693,0.),(0.86098740063607693,1.974999999627471),(0.02500000037252903,1.974999999627471),(0.02500000037252903,0.)));
#11549=IFCINDEXEDPOLYCURVE(#11548,(IFCLINEINDEX((1,2,3,4,5,6,7,8,1))),$);
#11550=IFCARBITRARYCLOSEDPROFILEDEF(.AREA.,$,#11549);
#11551=IFCCARTESIANPOINT((0.,0.02500000037252903,0.));
#11552=IFCDIRECTION((0.,-1.,0.));
#11553=IFCDIRECTION((1.,0.,0.));
#11554=IFCAXIS2PLACEMENT3D(#11551,#11552,#11553);
#11555=IFCDIRECTION((0.,0.,-1.));
#11556=IFCEXTRUDEDAREASOLID(#11550,#11554,#11555,0.02500000037252903);
#11557=IFCCARTESIANPOINTLIST2D(((0.,0.),(0.,2.),(0.88598740100860596,2.),(0.88598740100860596,0.),(0.8359874002635479,0.),(0.8359874002635479,1.9499999992549419),(0.05000000074505806,1.9499999992549419),(0.05000000074505806,0.)));
#11558=IFCINDEXEDPOLYCURVE(#11557,(IFCLINEINDEX((1,2,3,4,5,6,7,8,1))),$);
#11559=IFCARBITRARYCLOSEDPROFILEDEF(.AREA.,$,#11558);
#11560=IFCCARTESIANPOINT((0.,0.,0.));
#11561=IFCDIRECTION((0.,-1.,0.));
#11562=IFCDIRECTION((1.,0.,0.));
#11563=IFCAXIS2PLACEMENT3D(#11560,#11561,#11562);
#11564=IFCDIRECTION((0.,0.,-1.));
#11565=IFCEXTRUDEDAREASOLID(#11559,#11563,#11564,0.02500000037252903);
#11566=IFCCARTESIANPOINTLIST2D(((0.,0.),(0.78598739951848984,0.),(0.78598739951848984,0.10000000149011612),(0.,0.10000000149011612)));
#11567=IFCINDEXEDPOLYCURVE(#11566,(IFCLINEINDEX((1,2,3,4,1))),$);
#11568=IFCARBITRARYCLOSEDPROFILEDEF(.AREA.,$,#11567);
#11569=IFCCARTESIANPOINT((0.05000000074505806,0.,0.));
#11570=IFCDIRECTION((0.,0.,1.));
#11571=IFCDIRECTION((1.,0.,0.));
#11572=IFCAXIS2PLACEMENT3D(#11569,#11570,#11571);
#11573=IFCDIRECTION((0.,0.,1.));
#11574=IFCEXTRUDEDAREASOLID(#11568,#11572,#11573,0.02500000037252903);
#11575=IFCCARTESIANPOINTLIST2D(((0.,0.),(0.,2.0250000022351742),(0.93598740547895432,2.0250000022351742),(0.93598740547895432,0.),(0.86098740249872208,0.),(0.86098740249872208,1.9499999992549419),(0.075000002980232239,1.9499999992549419),(0.075000002980232239,0.)));
#11576=IFCINDEXEDPOLYCURVE(#11575,(IFCLINEINDEX((1,2,3,4,5,6,7,8,1))),$);
#11577=IFCARBITRARYCLOSEDPROFILEDEF(.AREA.,$,#11576);
#11578=IFCCARTESIANPOINT((-0.025000002235174179,-0.004999999888241291,0.));
#11579=IFCDIRECTION((0.,-1.,0.));
#11580=IFCDIRECTION((1.,0.,0.));
#11581=IFCAXIS2PLACEMENT3D(#11578,#11579,#11580);
#11582=IFCDIRECTION((0.,0.,-1.));
#11583=IFCEXTRUDEDAREASOLID(#11577,#11581,#11582,0.004999999888241291);
#11584=IFCCARTESIANPOINTLIST2D(((0.,0.),(0.,2.0250000022351742),(0.93598740547895432,2.0250000022351742),(0.93598740547895432,0.),(0.88598740287125111,0.),(0.88598740287125111,1.974999999627471),(0.050000002607703209,1.974999999627471),(0.050000002607703209,0.)));
#11585=IFCINDEXEDPOLYCURVE(#11584,(IFCLINEINDEX((1,2,3,4,5,6,7,8,1))),$);
#11586=IFCARBITRARYCLOSEDPROFILEDEF(.AREA.,$,#11585);
#11587=IFCCARTESIANPOINT((-0.025000002235174179,0.05000000074505806,0.));
#11588=IFCDIRECTION((0.,-1.,0.));
#11589=IFCDIRECTION((1.,0.,0.));
#11590=IFCAXIS2PLACEMENT3D(#11587,#11588,#11589);
#11591=IFCDIRECTION((0.,0.,-1.));
#11592=IFCEXTRUDEDAREASOLID(#11586,#11590,#11591,0.004999999888241291);
#11593=IFCCARTESIANPOINTLIST2D(((0.,0.),(0.8359874002635479,0.),(0.8359874002635479,0.035000000149011612),(0.,0.035000000149011612)));
#11594=IFCINDEXEDPOLYCURVE(#11593,(IFCLINEINDEX((1,2,3,4,1))),$);
#11595=IFCARBITRARYCLOSEDPROFILEDEF(.AREA.,$,#11594);
#11596=IFCCARTESIANPOINT((0.02500000037252903,0.02500000037252903,0.02500000037252903));
#11597=IFCDIRECTION((0.,0.,1.));
#11598=IFCDIRECTION((1.,0.,0.));
#11599=IFCAXIS2PLACEMENT3D(#11596,#11597,#11598);
#11600=IFCDIRECTION((0.,0.,1.));
#11601=IFCEXTRUDEDAREASOLID(#11595,#11599,#11600,1.9499999992549419);
#11602=IFCCARTESIANPOINTLIST2D(((0.,0.),(0.,-0.040000000000000001),(-0.11999999999999988,-0.040000000000000001),(-0.11999999999999988,-0.02),(-0.020000000000000018,-0.02),(-0.020000000000000018,0.)));
#11603=IFCINDEXEDPOLYCURVE(#11602,(IFCLINEINDEX((1,2,3,4,5,6,1))),$);
#11604=IFCARBITRARYCLOSEDPROFILEDEF(.AREA.,$,#11603);
#11605=IFCCARTESIANPOINT((0.81098740063607688,0.02500000037252903,1.015000000372529));
#11606=IFCDIRECTION((0.,0.,1.));
#11607=IFCDIRECTION((1.,0.,0.));
#11608=IFCAXIS2PLACEMENT3D(#11605,#11606,#11607);
#11609=IFCDIRECTION((0.,0.,1.));
#11610=IFCEXTRUDEDAREASOLID(#11604,#11608,#11609,0.02);
#11611=IFCEXTRUDEDAREASOLID(#11612,#11615,#11619,0.02);
#11612=IFCARBITRARYCLOSEDPROFILEDEF(.AREA.,$,#11613);
#11613=IFCINDEXEDPOLYCURVE(#11614,(IFCLINEINDEX((1,2,3,4,5,6,1))),$);
#11614=IFCCARTESIANPOINTLIST2D(((0.,0.),(0.,0.040000000000000008),(-0.11999999999999988,0.040000000000000008),(-0.11999999999999988,0.020000000000000004),(-0.020000000000000018,0.020000000000000004),(-0.020000000000000018,0.)));
#11615=IFCAXIS2PLACEMENT3D(#11616,#11617,#11618);
#11616=IFCCARTESIANPOINT((0.81098740063607688,0.060000000521540642,1.015000000372529));
#11617=IFCDIRECTION((0.,0.,1.));
#11618=IFCDIRECTION((1.,0.,0.));
#11619=IFCDIRECTION((0.,0.,1.));
#11621=IFCSHAPEREPRESENTATION(#11,'Body','SweptSolid',(#16416,#16301,#16443,#16407,#16292,#16434,#11574,#16425,#16328,#11565,#11592,#11583,#16319,#11556,#16310));
#11622=IFCSHAPEASPECT((#11621),'Lining',$,.T.,#10959);
#11623=IFCSHAPEREPRESENTATION(#11,'Body','SweptSolid',(#16462,#16452,#16346,#11610,#11601,#11611,#16461,#16347,#16337));
#11624=IFCSHAPEASPECT((#11623),'Framing',$,.T.,#10959);
#11667=IFCCARTESIANPOINTLIST2D(((0.,0.),(0.,2.),(0.81806361675262451,2.),(0.81806361675262451,0.),(0.79306361638009548,0.),(0.79306361638009548,1.974999999627471),(0.02500000037252903,1.974999999627471),(0.02500000037252903,0.)));
#11668=IFCINDEXEDPOLYCURVE(#11667,(IFCLINEINDEX((1,2,3,4,5,6,7,8,1))),$);
#11669=IFCARBITRARYCLOSEDPROFILEDEF(.AREA.,$,#11668);
#11670=IFCCARTESIANPOINT((0.,0.02500000037252903,0.));
#11671=IFCDIRECTION((0.,-1.,0.));
#11672=IFCDIRECTION((1.,0.,0.));
#11673=IFCAXIS2PLACEMENT3D(#11670,#11671,#11672);
#11674=IFCDIRECTION((0.,0.,-1.));
#11675=IFCEXTRUDEDAREASOLID(#11669,#11673,#11674,0.02500000037252903);
#11676=IFCCARTESIANPOINTLIST2D(((0.,0.),(0.,2.),(0.81806361675262451,2.),(0.81806361675262451,0.),(0.76806361600756645,0.),(0.76806361600756645,1.9499999992549419),(0.05000000074505806,1.9499999992549419),(0.05000000074505806,0.)));
#11677=IFCINDEXEDPOLYCURVE(#11676,(IFCLINEINDEX((1,2,3,4,5,6,7,8,1))),$);
#11678=IFCARBITRARYCLOSEDPROFILEDEF(.AREA.,$,#11677);
#11679=IFCCARTESIANPOINT((0.,0.,0.));
#11680=IFCDIRECTION((0.,-1.,0.));
#11681=IFCDIRECTION((1.,0.,0.));
#11682=IFCAXIS2PLACEMENT3D(#11679,#11680,#11681);
#11683=IFCDIRECTION((0.,0.,-1.));
#11684=IFCEXTRUDEDAREASOLID(#11678,#11682,#11683,0.02500000037252903);
#11685=IFCCARTESIANPOINTLIST2D(((0.,0.),(0.71806361526250839,0.),(0.71806361526250839,0.10000000149011612),(0.,0.10000000149011612)));
#11686=IFCINDEXEDPOLYCURVE(#11685,(IFCLINEINDEX((1,2,3,4,1))),$);
#11687=IFCARBITRARYCLOSEDPROFILEDEF(.AREA.,$,#11686);
#11688=IFCCARTESIANPOINT((0.05000000074505806,0.,0.));
#11689=IFCDIRECTION((0.,0.,1.));
#11690=IFCDIRECTION((1.,0.,0.));
#11691=IFCAXIS2PLACEMENT3D(#11688,#11689,#11690);
#11692=IFCDIRECTION((0.,0.,1.));
#11693=IFCEXTRUDEDAREASOLID(#11687,#11691,#11692,0.02500000037252903);
#11694=IFCCARTESIANPOINTLIST2D(((0.,0.),(0.,2.0250000022351742),(0.86806362122297287,2.0250000022351742),(0.86806362122297287,0.),(0.79306361824274063,0.),(0.79306361824274063,1.9499999992549419),(0.075000002980232239,1.9499999992549419),(0.075000002980232239,0.)));
#11695=IFCINDEXEDPOLYCURVE(#11694,(IFCLINEINDEX((1,2,3,4,5,6,7,8,1))),$);
#11696=IFCARBITRARYCLOSEDPROFILEDEF(.AREA.,$,#11695);
#11697=IFCCARTESIANPOINT((-0.025000002235174179,-0.004999999888241291,0.));
#11698=IFCDIRECTION((0.,-1.,0.));
#11699=IFCDIRECTION((1.,0.,0.));
#11700=IFCAXIS2PLACEMENT3D(#11697,#11698,#11699);
#11701=IFCDIRECTION((0.,0.,-1.));
#11702=IFCEXTRUDEDAREASOLID(#11696,#11700,#11701,0.004999999888241291);
#11703=IFCCARTESIANPOINTLIST2D(((0.,0.),(0.,2.0250000022351742),(0.86806362122297287,2.0250000022351742),(0.86806362122297287,0.),(0.81806361861526966,0.),(0.81806361861526966,1.974999999627471),(0.050000002607703209,1.974999999627471),(0.050000002607703209,0.)));
#11704=IFCINDEXEDPOLYCURVE(#11703,(IFCLINEINDEX((1,2,3,4,5,6,7,8,1))),$);
#11705=IFCARBITRARYCLOSEDPROFILEDEF(.AREA.,$,#11704);
#11706=IFCCARTESIANPOINT((-0.025000002235174179,0.05000000074505806,0.));
#11707=IFCDIRECTION((0.,-1.,0.));
#11708=IFCDIRECTION((1.,0.,0.));
#11709=IFCAXIS2PLACEMENT3D(#11706,#11707,#11708);
#11710=IFCDIRECTION((0.,0.,-1.));
#11711=IFCEXTRUDEDAREASOLID(#11705,#11709,#11710,0.004999999888241291);
#11712=IFCCARTESIANPOINTLIST2D(((0.,0.),(0.76806361600756645,0.),(0.76806361600756645,0.035000000149011612),(0.,0.035000000149011612)));
#11713=IFCINDEXEDPOLYCURVE(#11712,(IFCLINEINDEX((1,2,3,4,1))),$);
#11714=IFCARBITRARYCLOSEDPROFILEDEF(.AREA.,$,#11713);
#11715=IFCCARTESIANPOINT((0.02500000037252903,0.02500000037252903,0.02500000037252903));
#11716=IFCDIRECTION((0.,0.,1.));
#11717=IFCDIRECTION((1.,0.,0.));
#11718=IFCAXIS2PLACEMENT3D(#11715,#11716,#11717);
#11719=IFCDIRECTION((0.,0.,1.));
#11720=IFCEXTRUDEDAREASOLID(#11714,#11718,#11719,1.9499999992549419);
#11721=IFCCARTESIANPOINTLIST2D(((0.,0.),(0.,-0.040000000000000001),(0.12,-0.040000000000000001),(0.12,-0.02),(0.02,-0.02),(0.02,0.)));
#11722=IFCINDEXEDPOLYCURVE(#11721,(IFCLINEINDEX((1,2,3,4,5,6,1))),$);
#11723=IFCARBITRARYCLOSEDPROFILEDEF(.AREA.,$,#11722);
#11724=IFCCARTESIANPOINT((0.075000000372529033,0.02500000037252903,1.015000000372529));
#11725=IFCDIRECTION((0.,0.,1.));
#11726=IFCDIRECTION((1.,0.,0.));
#11727=IFCAXIS2PLACEMENT3D(#11724,#11725,#11726);
#11728=IFCDIRECTION((0.,0.,1.));
#11729=IFCEXTRUDEDAREASOLID(#11723,#11727,#11728,0.02);
#11730=IFCEXTRUDEDAREASOLID(#11731,#11734,#11738,0.02);
#11731=IFCARBITRARYCLOSEDPROFILEDEF(.AREA.,$,#11732);
#11732=IFCINDEXEDPOLYCURVE(#11733,(IFCLINEINDEX((1,2,3,4,5,6,1))),$);
#11733=IFCCARTESIANPOINTLIST2D(((0.,0.),(0.,0.040000000000000008),(0.11999999999999998,0.040000000000000008),(0.11999999999999998,0.020000000000000004),(0.020000000000000004,0.020000000000000004),(0.020000000000000004,0.)));
#11734=IFCAXIS2PLACEMENT3D(#11735,#11736,#11737);
#11735=IFCCARTESIANPOINT((0.075000000372529033,0.060000000521540642,1.015000000372529));
#11736=IFCDIRECTION((0.,0.,1.));
#11737=IFCDIRECTION((1.,0.,0.));
#11738=IFCDIRECTION((0.,0.,1.));
#11740=IFCSHAPEREPRESENTATION(#11,'Body','SweptSolid',(#11794,#11693,#11812,#11684,#11675,#16032,#16023,#11711,#16014,#11936,#16005,#11927,#11830,#11918,#11821,#11702,#11909,#11945,#11803,#16041));
#11741=IFCSHAPEASPECT((#11740),'Lining',$,.T.,#11024);
#11742=IFCSHAPEREPRESENTATION(#11,'Body','SweptSolid',(#16059,#16050,#11963,#11964,#11848,#11954,#11849,#11729,#11730,#11839,#11720,#16060));
#11743=IFCSHAPEASPECT((#11742),'Framing',$,.T.,#11024);
#11786=IFCCARTESIANPOINTLIST2D(((0.,0.),(0.,2.),(0.92620551586151123,2.),(0.92620551586151123,0.),(0.9012055154889822,0.),(0.9012055154889822,1.974999999627471),(0.02500000037252903,1.974999999627471),(0.02500000037252903,0.)));
#11787=IFCINDEXEDPOLYCURVE(#11786,(IFCLINEINDEX((1,2,3,4,5,6,7,8,1))),$);
#11788=IFCARBITRARYCLOSEDPROFILEDEF(.AREA.,$,#11787);
#11789=IFCCARTESIANPOINT((0.,0.02500000037252903,0.));
#11790=IFCDIRECTION((0.,-1.,0.));
#11791=IFCDIRECTION((1.,0.,0.));
#11792=IFCAXIS2PLACEMENT3D(#11789,#11790,#11791);
#11793=IFCDIRECTION((0.,0.,-1.));
#11794=IFCEXTRUDEDAREASOLID(#11788,#11792,#11793,0.02500000037252903);
#11795=IFCCARTESIANPOINTLIST2D(((0.,0.),(0.,2.),(0.92620551586151123,2.),(0.92620551586151123,0.),(0.87620551511645317,0.),(0.87620551511645317,1.9499999992549419),(0.05000000074505806,1.9499999992549419),(0.05000000074505806,0.)));
#11796=IFCINDEXEDPOLYCURVE(#11795,(IFCLINEINDEX((1,2,3,4,5,6,7,8,1))),$);
#11797=IFCARBITRARYCLOSEDPROFILEDEF(.AREA.,$,#11796);
#11798=IFCCARTESIANPOINT((0.,0.,0.));
#11799=IFCDIRECTION((0.,-1.,0.));
#11800=IFCDIRECTION((1.,0.,0.));
#11801=IFCAXIS2PLACEMENT3D(#11798,#11799,#11800);
#11802=IFCDIRECTION((0.,0.,-1.));
#11803=IFCEXTRUDEDAREASOLID(#11797,#11801,#11802,0.02500000037252903);
#11804=IFCCARTESIANPOINTLIST2D(((0.,0.),(0.82620551437139511,0.),(0.82620551437139511,0.10000000149011612),(0.,0.10000000149011612)));
#11805=IFCINDEXEDPOLYCURVE(#11804,(IFCLINEINDEX((1,2,3,4,1))),$);
#11806=IFCARBITRARYCLOSEDPROFILEDEF(.AREA.,$,#11805);
#11807=IFCCARTESIANPOINT((0.05000000074505806,0.,0.));
#11808=IFCDIRECTION((0.,0.,1.));
#11809=IFCDIRECTION((1.,0.,0.));
#11810=IFCAXIS2PLACEMENT3D(#11807,#11808,#11809);
#11811=IFCDIRECTION((0.,0.,1.));
#11812=IFCEXTRUDEDAREASOLID(#11806,#11810,#11811,0.02500000037252903);
#11813=IFCCARTESIANPOINTLIST2D(((0.,0.),(0.,2.0250000022351742),(0.97620552033185959,2.0250000022351742),(0.97620552033185959,0.),(0.90120551735162735,0.),(0.90120551735162735,1.9499999992549419),(0.075000002980232239,1.9499999992549419),(0.075000002980232239,0.)));
#11814=IFCINDEXEDPOLYCURVE(#11813,(IFCLINEINDEX((1,2,3,4,5,6,7,8,1))),$);
#11815=IFCARBITRARYCLOSEDPROFILEDEF(.AREA.,$,#11814);
#11816=IFCCARTESIANPOINT((-0.025000002235174179,-0.004999999888241291,0.));
#11817=IFCDIRECTION((0.,-1.,0.));
#11818=IFCDIRECTION((1.,0.,0.));
#11819=IFCAXIS2PLACEMENT3D(#11816,#11817,#11818);
#11820=IFCDIRECTION((0.,0.,-1.));
#11821=IFCEXTRUDEDAREASOLID(#11815,#11819,#11820,0.004999999888241291);
#11822=IFCCARTESIANPOINTLIST2D(((0.,0.),(0.,2.0250000022351742),(0.97620552033185959,2.0250000022351742),(0.97620552033185959,0.),(0.92620551772415638,0.),(0.92620551772415638,1.974999999627471),(0.050000002607703209,1.974999999627471),(0.050000002607703209,0.)));
#11823=IFCINDEXEDPOLYCURVE(#11822,(IFCLINEINDEX((1,2,3,4,5,6,7,8,1))),$);
#11824=IFCARBITRARYCLOSEDPROFILEDEF(.AREA.,$,#11823);
#11825=IFCCARTESIANPOINT((-0.025000002235174179,0.05000000074505806,0.));
#11826=IFCDIRECTION((0.,-1.,0.));
#11827=IFCDIRECTION((1.,0.,0.));
#11828=IFCAXIS2PLACEMENT3D(#11825,#11826,#11827);
#11829=IFCDIRECTION((0.,0.,-1.));
#11830=IFCEXTRUDEDAREASOLID(#11824,#11828,#11829,0.004999999888241291);
#11831=IFCCARTESIANPOINTLIST2D(((0.,0.),(0.87620551511645317,0.),(0.87620551511645317,0.035000000149011612),(0.,0.035000000149011612)));
#11832=IFCINDEXEDPOLYCURVE(#11831,(IFCLINEINDEX((1,2,3,4,1))),$);
#11833=IFCARBITRARYCLOSEDPROFILEDEF(.AREA.,$,#11832);
#11834=IFCCARTESIANPOINT((0.02500000037252903,0.02500000037252903,0.02500000037252903));
#11835=IFCDIRECTION((0.,0.,1.));
#11836=IFCDIRECTION((1.,0.,0.));
#11837=IFCAXIS2PLACEMENT3D(#11834,#11835,#11836);
#11838=IFCDIRECTION((0.,0.,1.));
#11839=IFCEXTRUDEDAREASOLID(#11833,#11837,#11838,1.9499999992549419);
#11840=IFCCARTESIANPOINTLIST2D(((0.,0.),(0.,-0.040000000000000001),(-0.11999999999999988,-0.040000000000000001),(-0.11999999999999988,-0.02),(-0.020000000000000018,-0.02),(-0.020000000000000018,0.)));
#11841=IFCINDEXEDPOLYCURVE(#11840,(IFCLINEINDEX((1,2,3,4,5,6,1))),$);
#11842=IFCARBITRARYCLOSEDPROFILEDEF(.AREA.,$,#11841);
#11843=IFCCARTESIANPOINT((0.85120551548898216,0.02500000037252903,1.015000000372529));
#11844=IFCDIRECTION((0.,0.,1.));
#11845=IFCDIRECTION((1.,0.,0.));
#11846=IFCAXIS2PLACEMENT3D(#11843,#11844,#11845);
#11847=IFCDIRECTION((0.,0.,1.));
#11848=IFCEXTRUDEDAREASOLID(#11842,#11846,#11847,0.02);
#11849=IFCEXTRUDEDAREASOLID(#11850,#11853,#11857,0.02);
#11850=IFCARBITRARYCLOSEDPROFILEDEF(.AREA.,$,#11851);
#11851=IFCINDEXEDPOLYCURVE(#11852,(IFCLINEINDEX((1,2,3,4,5,6,1))),$);
#11852=IFCCARTESIANPOINTLIST2D(((0.,0.),(0.,0.040000000000000008),(-0.11999999999999988,0.040000000000000008),(-0.11999999999999988,0.020000000000000004),(-0.020000000000000018,0.020000000000000004),(-0.020000000000000018,0.)));
#11853=IFCAXIS2PLACEMENT3D(#11854,#11855,#11856);
#11854=IFCCARTESIANPOINT((0.85120551548898216,0.060000000521540642,1.015000000372529));
#11855=IFCDIRECTION((0.,0.,1.));
#11856=IFCDIRECTION((1.,0.,0.));
#11857=IFCDIRECTION((0.,0.,1.));
#11901=IFCCARTESIANPOINTLIST2D(((0.,0.),(0.,2.),(0.95482158660888672,2.),(0.95482158660888672,0.),(0.92982158623635769,0.),(0.92982158623635769,1.974999999627471),(0.02500000037252903,1.974999999627471),(0.02500000037252903,0.)));
#11902=IFCINDEXEDPOLYCURVE(#11901,(IFCLINEINDEX((1,2,3,4,5,6,7,8,1))),$);
#11903=IFCARBITRARYCLOSEDPROFILEDEF(.AREA.,$,#11902);
#11904=IFCCARTESIANPOINT((0.,0.02500000037252903,0.));
#11905=IFCDIRECTION((0.,-1.,0.));
#11906=IFCDIRECTION((1.,0.,0.));
#11907=IFCAXIS2PLACEMENT3D(#11904,#11905,#11906);
#11908=IFCDIRECTION((0.,0.,-1.));
#11909=IFCEXTRUDEDAREASOLID(#11903,#11907,#11908,0.02500000037252903);
#11910=IFCCARTESIANPOINTLIST2D(((0.,0.),(0.,2.),(0.95482158660888672,2.),(0.95482158660888672,0.),(0.90482158586382866,0.),(0.90482158586382866,1.9499999992549419),(0.05000000074505806,1.9499999992549419),(0.05000000074505806,0.)));
#11911=IFCINDEXEDPOLYCURVE(#11910,(IFCLINEINDEX((1,2,3,4,5,6,7,8,1))),$);
#11912=IFCARBITRARYCLOSEDPROFILEDEF(.AREA.,$,#11911);
#11913=IFCCARTESIANPOINT((0.,0.,0.));
#11914=IFCDIRECTION((0.,-1.,0.));
#11915=IFCDIRECTION((1.,0.,0.));
#11916=IFCAXIS2PLACEMENT3D(#11913,#11914,#11915);
#11917=IFCDIRECTION((0.,0.,-1.));
#11918=IFCEXTRUDEDAREASOLID(#11912,#11916,#11917,0.02500000037252903);
#11919=IFCCARTESIANPOINTLIST2D(((0.,0.),(0.8548215851187706,0.),(0.8548215851187706,0.10000000149011612),(0.,0.10000000149011612)));
#11920=IFCINDEXEDPOLYCURVE(#11919,(IFCLINEINDEX((1,2,3,4,1))),$);
#11921=IFCARBITRARYCLOSEDPROFILEDEF(.AREA.,$,#11920);
#11922=IFCCARTESIANPOINT((0.05000000074505806,0.,0.));
#11923=IFCDIRECTION((0.,0.,1.));
#11924=IFCDIRECTION((1.,0.,0.));
#11925=IFCAXIS2PLACEMENT3D(#11922,#11923,#11924);
#11926=IFCDIRECTION((0.,0.,1.));
#11927=IFCEXTRUDEDAREASOLID(#11921,#11925,#11926,0.02500000037252903);
#11928=IFCCARTESIANPOINTLIST2D(((0.,0.),(0.,2.0250000022351742),(1.0048215910792351,2.0250000022351742),(1.0048215910792351,0.),(0.92982158809900284,0.),(0.92982158809900284,1.9499999992549419),(0.075000002980232239,1.9499999992549419),(0.075000002980232239,0.)));
#11929=IFCINDEXEDPOLYCURVE(#11928,(IFCLINEINDEX((1,2,3,4,5,6,7,8,1))),$);
#11930=IFCARBITRARYCLOSEDPROFILEDEF(.AREA.,$,#11929);
#11931=IFCCARTESIANPOINT((-0.025000002235174179,-0.004999999888241291,0.));
#11932=IFCDIRECTION((0.,-1.,0.));
#11933=IFCDIRECTION((1.,0.,0.));
#11934=IFCAXIS2PLACEMENT3D(#11931,#11932,#11933);
#11935=IFCDIRECTION((0.,0.,-1.));
#11936=IFCEXTRUDEDAREASOLID(#11930,#11934,#11935,0.004999999888241291);
#11937=IFCCARTESIANPOINTLIST2D(((0.,0.),(0.,2.0250000022351742),(1.0048215910792351,2.0250000022351742),(1.0048215910792351,0.),(0.95482158847153187,0.),(0.95482158847153187,1.974999999627471),(0.050000002607703209,1.974999999627471),(0.050000002607703209,0.)));
#11938=IFCINDEXEDPOLYCURVE(#11937,(IFCLINEINDEX((1,2,3,4,5,6,7,8,1))),$);
#11939=IFCARBITRARYCLOSEDPROFILEDEF(.AREA.,$,#11938);
#11940=IFCCARTESIANPOINT((-0.025000002235174179,0.05000000074505806,0.));
#11941=IFCDIRECTION((0.,-1.,0.));
#11942=IFCDIRECTION((1.,0.,0.));
#11943=IFCAXIS2PLACEMENT3D(#11940,#11941,#11942);
#11944=IFCDIRECTION((0.,0.,-1.));
#11945=IFCEXTRUDEDAREASOLID(#11939,#11943,#11944,0.004999999888241291);
#11946=IFCCARTESIANPOINTLIST2D(((0.,0.),(0.90482158586382866,0.),(0.90482158586382866,0.035000000149011612),(0.,0.035000000149011612)));
#11947=IFCINDEXEDPOLYCURVE(#11946,(IFCLINEINDEX((1,2,3,4,1))),$);
#11948=IFCARBITRARYCLOSEDPROFILEDEF(.AREA.,$,#11947);
#11949=IFCCARTESIANPOINT((0.02500000037252903,0.02500000037252903,0.02500000037252903));
#11950=IFCDIRECTION((0.,0.,1.));
#11951=IFCDIRECTION((1.,0.,0.));
#11952=IFCAXIS2PLACEMENT3D(#11949,#11950,#11951);
#11953=IFCDIRECTION((0.,0.,1.));
#11954=IFCEXTRUDEDAREASOLID(#11948,#11952,#11953,1.9499999992549419);
#11955=IFCCARTESIANPOINTLIST2D(((0.,0.),(0.,-0.040000000000000001),(-0.11999999999999988,-0.040000000000000001),(-0.11999999999999988,-0.02),(-0.020000000000000018,-0.02),(-0.020000000000000018,0.)));
#11956=IFCINDEXEDPOLYCURVE(#11955,(IFCLINEINDEX((1,2,3,4,5,6,1))),$);
#11957=IFCARBITRARYCLOSEDPROFILEDEF(.AREA.,$,#11956);
#11958=IFCCARTESIANPOINT((0.87982158623635764,0.02500000037252903,1.015000000372529));
#11959=IFCDIRECTION((0.,0.,1.));
#11960=IFCDIRECTION((1.,0.,0.));
#11961=IFCAXIS2PLACEMENT3D(#11958,#11959,#11960);
#11962=IFCDIRECTION((0.,0.,1.));
#11963=IFCEXTRUDEDAREASOLID(#11957,#11961,#11962,0.02);
#11964=IFCEXTRUDEDAREASOLID(#11965,#11968,#11972,0.02);
#11965=IFCARBITRARYCLOSEDPROFILEDEF(.AREA.,$,#11966);
#11966=IFCINDEXEDPOLYCURVE(#11967,(IFCLINEINDEX((1,2,3,4,5,6,1))),$);
#11967=IFCCARTESIANPOINTLIST2D(((0.,0.),(0.,0.040000000000000008),(-0.11999999999999988,0.040000000000000008),(-0.11999999999999988,0.020000000000000004),(-0.020000000000000018,0.020000000000000004),(-0.020000000000000018,0.)));
#11968=IFCAXIS2PLACEMENT3D(#11969,#11970,#11971);
#11969=IFCCARTESIANPOINT((0.87982158623635764,0.060000000521540642,1.015000000372529));
#11970=IFCDIRECTION((0.,0.,1.));
#11971=IFCDIRECTION((1.,0.,0.));
#11972=IFCDIRECTION((0.,0.,1.));
#12028=IFCRELCONNECTSPATHELEMENTS('3jKqQjet5EhOBINYGhTHgO',$,$,$,$,#9624,#9718,(),(),.ATPATH.,.ATSTART.);
#12060=IFCRELCONNECTSPATHELEMENTS('1mnzjGJE193Pvhxv53RCWF',$,$,$,$,#9794,#9718,(),(),.ATPATH.,.ATSTART.);
#12322=IFCRELCONNECTSPATHELEMENTS('3EOys0RgT3Lwe7vWLjOeZL',$,$,$,$,#9756,#9718,(),(),.ATPATH.,.ATSTART.);
#12369=IFCWINDOWTYPE('1CW9BOkU58puqNS$1ka9LC',$,'BR 2-2F',$,$,(#12370),(#12372,#12380,#12466),$,$,.WINDOW.,.SINGLE_PANEL.,$,$);
#12370=IFCPROPERTYSET('1xLgwcKrH0awOGBMM54f2R',$,'BBIM_Window',$,(#12371));
#12371=IFCPROPERTYSINGLEVALUE('Data',$,IFCTEXT('{"window_type": "DOUBLE_PANEL_VERTICAL", "overall_height": 0.8999999761581421, "overall_width": 1.2149475812911987, "lining_properties": {"lining_depth": 0.05000000074505806, "lining_thickness": 0.05000000074505806, "lining_offset": 0.05000000074505806, "lining_to_panel_offset_x": 0.02500000037252903, "lining_to_panel_offset_y": 0.02500000037252903, "mullion_thickness": 0.0, "first_mullion_offset": 0.6176031827926636}, "panel_properties": {"frame_depth": [0.03500000014901161, 0.03500000014901161, 0.03500000014901161], "frame_thickness": [0.03500000014901161, 0.03500000014901161, 0.03500000014901161]}}'),$);
#12372=IFCREPRESENTATIONMAP(#12373,#16141);
#12373=IFCAXIS2PLACEMENT3D(#12374,#12375,#12376);
#12374=IFCCARTESIANPOINT((0.,0.,0.));
#12375=IFCDIRECTION((0.,0.,1.));
#12376=IFCDIRECTION((1.,0.,0.));
#12380=IFCREPRESENTATIONMAP(#12381,#16222);
#12381=IFCAXIS2PLACEMENT3D(#12382,#12383,#12384);
#12382=IFCCARTESIANPOINT((0.,0.,0.));
#12383=IFCDIRECTION((0.,0.,1.));
#12384=IFCDIRECTION((1.,0.,0.));
#12466=IFCREPRESENTATIONMAP(#12467,#16255);
#12467=IFCAXIS2PLACEMENT3D(#12468,#12469,#12470);
#12468=IFCCARTESIANPOINT((0.,0.,0.));
#12469=IFCDIRECTION((0.,0.,1.));
#12470=IFCDIRECTION((1.,0.,0.));
#12504=IFCWINDOW('1qIp7PzzPE9u0isA7yes9H',$,'Window',$,$,#16280,#12513,$,0.89999997615814209,1.2149475812911987,$,.DOUBLE_PANEL_VERTICAL.,$);
#12505=IFCRELDEFINESBYTYPE('0$qs34rszDkvZRsI8ShQ$y',$,$,$,(#12504),#12369);
#12506=IFCCARTESIANPOINT((0.,0.,0.));
#12507=IFCDIRECTION((1.,0.,0.));
#12508=IFCDIRECTION((0.,1.,0.));
#12509=IFCDIRECTION((0.,0.,1.));
#12510=IFCCARTESIANTRANSFORMATIONOPERATOR3D(#12507,#12508,#12506,1.,#12509);
#12511=IFCMAPPEDITEM(#12372,#12510);
#12512=IFCSHAPEREPRESENTATION(#18,'Profile','MappedRepresentation',(#12511));
#12513=IFCPRODUCTDEFINITIONSHAPE($,$,(#12512,#12520,#12527));
#12514=IFCCARTESIANPOINT((0.,0.,0.));
#12515=IFCDIRECTION((1.,0.,0.));
#12516=IFCDIRECTION((0.,1.,0.));
#12517=IFCDIRECTION((0.,0.,1.));
#12518=IFCCARTESIANTRANSFORMATIONOPERATOR3D(#12515,#12516,#12514,1.,#12517);
#12519=IFCMAPPEDITEM(#12380,#12518);
#12520=IFCSHAPEREPRESENTATION(#11,'Body','MappedRepresentation',(#12519));
#12521=IFCCARTESIANPOINT((0.,0.,0.));
#12522=IFCDIRECTION((1.,0.,0.));
#12523=IFCDIRECTION((0.,1.,0.));
#12524=IFCDIRECTION((0.,0.,1.));
#12525=IFCCARTESIANTRANSFORMATIONOPERATOR3D(#12522,#12523,#12521,1.,#12524);
#12526=IFCMAPPEDITEM(#12466,#12525);
#12527=IFCSHAPEREPRESENTATION(#24,'Body','MappedRepresentation',(#12526));
#12528=IFCOPENINGELEMENT('0YRg4depP5bRS4xOMGnJvh',$,'Opening',$,$,#16275,#12556,$,.OPENING.);
#12544=IFCCARTESIANPOINT((0.,0.,0.));
#12545=IFCDIRECTION((1.,0.,0.));
#12546=IFCDIRECTION((0.,0.,1.));
#12547=IFCAXIS2PLACEMENT3D(#12544,#12546,#12545);
#12548=IFCREPRESENTATIONMAP(#12547,#16265);
#12549=IFCCARTESIANPOINT((0.,0.,0.));
#12550=IFCDIRECTION((1.,0.,0.));
#12551=IFCDIRECTION((0.,1.,0.));
#12552=IFCDIRECTION((0.,0.,1.));
#12553=IFCCARTESIANTRANSFORMATIONOPERATOR3D(#12550,#12551,#12549,1.,#12552);
#12554=IFCMAPPEDITEM(#12548,#12553);
#12555=IFCSHAPEREPRESENTATION(#11,'Body','MappedRepresentation',(#12554));
#12556=IFCPRODUCTDEFINITIONSHAPE($,$,(#12555));
#12557=IFCRELVOIDSELEMENT('3mepjfNLPCT99CpCeKbMTM',$,$,$,#9021,#12528);
#12563=IFCRELFILLSELEMENT('29hA6nhELEEwkNaK6HzRGf',$,$,$,#12528,#12504);
#12569=IFCWINDOWTYPE('3j1c7Wxi18Ix75K7hvL8o3',$,'Master''s-1-2F',$,$,(#12570),(#12572,#12580,#12628),$,$,.WINDOW.,.SINGLE_PANEL.,$,$);
#12570=IFCPROPERTYSET('2cVVBHjKXD9Rek032PNqNc',$,'BBIM_Window',$,(#12571));
#12571=IFCPROPERTYSINGLEVALUE('Data',$,IFCTEXT('{"window_type": "SINGLE_PANEL", "overall_height": 0.8999999761581421, "overall_width": 0.8010396361351013, "lining_properties": {"lining_depth": 0.05000000074505806, "lining_thickness": 0.05000000074505806, "lining_offset": 0.05000000074505806, "lining_to_panel_offset_x": 0.02500000037252903, "lining_to_panel_offset_y": 0.02500000037252903}, "panel_properties": {"frame_depth": [0.03500000014901161, 0.03500000014901161, 0.03500000014901161], "frame_thickness": [0.03500000014901161, 0.03500000014901161, 0.03500000014901161]}}'),$);
#12572=IFCREPRESENTATIONMAP(#12573,#16877);
#12573=IFCAXIS2PLACEMENT3D(#12574,#12575,#12576);
#12574=IFCCARTESIANPOINT((0.,0.,0.));
#12575=IFCDIRECTION((0.,0.,1.));
#12576=IFCDIRECTION((1.,0.,0.));
#12580=IFCREPRESENTATIONMAP(#12581,#16920);
#12581=IFCAXIS2PLACEMENT3D(#12582,#12583,#12584);
#12582=IFCCARTESIANPOINT((0.,0.,0.));
#12583=IFCDIRECTION((0.,0.,1.));
#12584=IFCDIRECTION((1.,0.,0.));
#12628=IFCREPRESENTATIONMAP(#12629,#16937);
#12629=IFCAXIS2PLACEMENT3D(#12630,#12631,#12632);
#12630=IFCCARTESIANPOINT((0.,0.,0.));
#12631=IFCDIRECTION((0.,0.,1.));
#12632=IFCDIRECTION((1.,0.,0.));
#12650=IFCWINDOWTYPE('3noJ93dfHCPglvhDXddC1h',$,'Master''s-2-2F',$,$,(#12651),(#12653,#12661,#12709),$,$,.WINDOW.,.SINGLE_PANEL.,$,$);
#12651=IFCPROPERTYSET('00f4Pc8Rz2iANGBJu7hmB6',$,'BBIM_Window',$,(#12652));
#12652=IFCPROPERTYSINGLEVALUE('Data',$,IFCTEXT('{"window_type": "SINGLE_PANEL", "overall_height": 0.8999999761581421, "overall_width": 0.8142964839935303, "lining_properties": {"lining_depth": 0.05000000074505806, "lining_thickness": 0.05000000074505806, "lining_offset": 0.05000000074505806, "lining_to_panel_offset_x": 0.02500000037252903, "lining_to_panel_offset_y": 0.02500000037252903}, "panel_properties": {"frame_depth": [0.03500000014901161, 0.03500000014901161, 0.03500000014901161], "frame_thickness": [0.03500000014901161, 0.03500000014901161, 0.03500000014901161]}}'),$);
#12653=IFCREPRESENTATIONMAP(#12654,#16995);
#12654=IFCAXIS2PLACEMENT3D(#12655,#12656,#12657);
#12655=IFCCARTESIANPOINT((0.,0.,0.));
#12656=IFCDIRECTION((0.,0.,1.));
#12657=IFCDIRECTION((1.,0.,0.));
#12661=IFCREPRESENTATIONMAP(#12662,#17038);
#12662=IFCAXIS2PLACEMENT3D(#12663,#12664,#12665);
#12663=IFCCARTESIANPOINT((0.,0.,0.));
#12664=IFCDIRECTION((0.,0.,1.));
#12665=IFCDIRECTION((1.,0.,0.));
#12709=IFCREPRESENTATIONMAP(#12710,#17055);
#12710=IFCAXIS2PLACEMENT3D(#12711,#12712,#12713);
#12711=IFCCARTESIANPOINT((0.,0.,0.));
#12712=IFCDIRECTION((0.,0.,1.));
#12713=IFCDIRECTION((1.,0.,0.));
#12731=IFCWINDOW('19rQfTIe97QBJpB10yukC6',$,'Window',$,$,#17080,#12740,$,0.89999997615814209,0.81429648399353027,$,.SINGLE_PANEL.,$);
#12732=IFCRELDEFINESBYTYPE('0GNUcr2kz4PQz4j3wCH5w$',$,$,$,(#12731),#12650);
#12733=IFCCARTESIANPOINT((0.,0.,0.));
#12734=IFCDIRECTION((1.,0.,0.));
#12735=IFCDIRECTION((0.,1.,0.));
#12736=IFCDIRECTION((0.,0.,1.));
#12737=IFCCARTESIANTRANSFORMATIONOPERATOR3D(#12734,#12735,#12733,1.,#12736);
#12738=IFCMAPPEDITEM(#12653,#12737);
#12739=IFCSHAPEREPRESENTATION(#18,'Profile','MappedRepresentation',(#12738));
#12740=IFCPRODUCTDEFINITIONSHAPE($,$,(#12739,#12747,#12754));
#12741=IFCCARTESIANPOINT((0.,0.,0.));
#12742=IFCDIRECTION((1.,0.,0.));
#12743=IFCDIRECTION((0.,1.,0.));
#12744=IFCDIRECTION((0.,0.,1.));
#12745=IFCCARTESIANTRANSFORMATIONOPERATOR3D(#12742,#12743,#12741,1.,#12744);
#12746=IFCMAPPEDITEM(#12661,#12745);
#12747=IFCSHAPEREPRESENTATION(#11,'Body','MappedRepresentation',(#12746));
#12748=IFCCARTESIANPOINT((0.,0.,0.));
#12749=IFCDIRECTION((1.,0.,0.));
#12750=IFCDIRECTION((0.,1.,0.));
#12751=IFCDIRECTION((0.,0.,1.));
#12752=IFCCARTESIANTRANSFORMATIONOPERATOR3D(#12749,#12750,#12748,1.,#12751);
#12753=IFCMAPPEDITEM(#12709,#12752);
#12754=IFCSHAPEREPRESENTATION(#24,'Body','MappedRepresentation',(#12753));
#12755=IFCOPENINGELEMENT('3zIOc8PVj0gg9b2derO0sB',$,'Opening',$,$,#17075,#12783,$,.OPENING.);
#12771=IFCCARTESIANPOINT((0.,0.,0.));
#12772=IFCDIRECTION((1.,0.,0.));
#12773=IFCDIRECTION((0.,0.,1.));
#12774=IFCAXIS2PLACEMENT3D(#12771,#12773,#12772);
#12775=IFCREPRESENTATIONMAP(#12774,#17065);
#12776=IFCCARTESIANPOINT((0.,0.,0.));
#12777=IFCDIRECTION((1.,0.,0.));
#12778=IFCDIRECTION((0.,1.,0.));
#12779=IFCDIRECTION((0.,0.,1.));
#12780=IFCCARTESIANTRANSFORMATIONOPERATOR3D(#12777,#12778,#12776,1.,#12779);
#12781=IFCMAPPEDITEM(#12775,#12780);
#12782=IFCSHAPEREPRESENTATION(#11,'Body','MappedRepresentation',(#12781));
#12783=IFCPRODUCTDEFINITIONSHAPE($,$,(#12782));
#12784=IFCRELVOIDSELEMENT('0gXQWIZ2L6Q8v4SX1Ul4_6',$,$,$,#8896,#12755);
#12790=IFCRELFILLSELEMENT('0jraQJYgzAdR$7gBEHnLcf',$,$,$,#12755,#12731);
#12796=IFCWINDOW('1ktti39pTChRGbwUEZCh9H',$,'Window',$,$,#16962,#12805,$,0.89999997615814209,0.80103963613510132,$,.SINGLE_PANEL.,$);
#12797=IFCRELDEFINESBYTYPE('2iODZBlmrBrwTqoYtNBngw',$,$,$,(#12796),#12569);
#12798=IFCCARTESIANPOINT((0.,0.,0.));
#12799=IFCDIRECTION((1.,0.,0.));
#12800=IFCDIRECTION((0.,1.,0.));
#12801=IFCDIRECTION((0.,0.,1.));
#12802=IFCCARTESIANTRANSFORMATIONOPERATOR3D(#12799,#12800,#12798,1.,#12801);
#12803=IFCMAPPEDITEM(#12572,#12802);
#12804=IFCSHAPEREPRESENTATION(#18,'Profile','MappedRepresentation',(#12803));
#12805=IFCPRODUCTDEFINITIONSHAPE($,$,(#12804,#12812,#12819));
#12806=IFCCARTESIANPOINT((0.,0.,0.));
#12807=IFCDIRECTION((1.,0.,0.));
#12808=IFCDIRECTION((0.,1.,0.));
#12809=IFCDIRECTION((0.,0.,1.));
#12810=IFCCARTESIANTRANSFORMATIONOPERATOR3D(#12807,#12808,#12806,1.,#12809);
#12811=IFCMAPPEDITEM(#12580,#12810);
#12812=IFCSHAPEREPRESENTATION(#11,'Body','MappedRepresentation',(#12811));
#12813=IFCCARTESIANPOINT((0.,0.,0.));
#12814=IFCDIRECTION((1.,0.,0.));
#12815=IFCDIRECTION((0.,1.,0.));
#12816=IFCDIRECTION((0.,0.,1.));
#12817=IFCCARTESIANTRANSFORMATIONOPERATOR3D(#12814,#12815,#12813,1.,#12816);
#12818=IFCMAPPEDITEM(#12628,#12817);
#12819=IFCSHAPEREPRESENTATION(#24,'Body','MappedRepresentation',(#12818));
#12820=IFCOPENINGELEMENT('0uX99_VG58QBf6qam3muyp',$,'Opening',$,$,#16957,#12848,$,.OPENING.);
#12836=IFCCARTESIANPOINT((0.,0.,0.));
#12837=IFCDIRECTION((1.,0.,0.));
#12838=IFCDIRECTION((0.,0.,1.));
#12839=IFCAXIS2PLACEMENT3D(#12836,#12838,#12837);
#12840=IFCREPRESENTATIONMAP(#12839,#16947);
#12841=IFCCARTESIANPOINT((0.,0.,0.));
#12842=IFCDIRECTION((1.,0.,0.));
#12843=IFCDIRECTION((0.,1.,0.));
#12844=IFCDIRECTION((0.,0.,1.));
#12845=IFCCARTESIANTRANSFORMATIONOPERATOR3D(#12842,#12843,#12841,1.,#12844);
#12846=IFCMAPPEDITEM(#12840,#12845);
#12847=IFCSHAPEREPRESENTATION(#11,'Body','MappedRepresentation',(#12846));
#12848=IFCPRODUCTDEFINITIONSHAPE($,$,(#12847));
#12849=IFCRELVOIDSELEMENT('0V9SQDU8j8v8zqDYhfWQv_',$,$,$,#8896,#12820);
#12855=IFCRELFILLSELEMENT('3FfwUaI25B0fmy14_N$VPE',$,$,$,#12820,#12796);
#12861=IFCWINDOWTYPE('2g42oQiPr7KBUE5j1WyuLt',$,'BR 1- 1-2F',$,$,(#12862),(#12864,#12872,#12958),$,$,.WINDOW.,.SINGLE_PANEL.,$,$);
#12862=IFCPROPERTYSET('1MT87GMmb7nu7KVe_9weQX',$,'BBIM_Window',$,(#12863));
#12863=IFCPROPERTYSINGLEVALUE('Data',$,IFCTEXT('{"window_type": "DOUBLE_PANEL_VERTICAL", "overall_height": 0.8999999761581421, "overall_width": 1.2150700092315674, "lining_properties": {"lining_depth": 0.05000000074505806, "lining_thickness": 0.05000000074505806, "lining_offset": 0.05000000074505806, "lining_to_panel_offset_x": 0.02500000037252903, "lining_to_panel_offset_y": 0.02500000037252903, "mullion_thickness": 0.0, "first_mullion_offset": 0.627548336982727}, "panel_properties": {"frame_depth": [0.03500000014901161, 0.03500000014901161, 0.03500000014901161], "frame_thickness": [0.03500000014901161, 0.03500000014901161, 0.03500000014901161]}}'),$);
#12864=IFCREPRESENTATIONMAP(#12865,#17231);
#12865=IFCAXIS2PLACEMENT3D(#12866,#12867,#12868);
#12866=IFCCARTESIANPOINT((0.,0.,0.));
#12867=IFCDIRECTION((0.,0.,1.));
#12868=IFCDIRECTION((1.,0.,0.));
#12872=IFCREPRESENTATIONMAP(#12873,#17312);
#12873=IFCAXIS2PLACEMENT3D(#12874,#12875,#12876);
#12874=IFCCARTESIANPOINT((0.,0.,0.));
#12875=IFCDIRECTION((0.,0.,1.));
#12876=IFCDIRECTION((1.,0.,0.));
#12958=IFCREPRESENTATIONMAP(#12959,#17351);
#12959=IFCAXIS2PLACEMENT3D(#12960,#12961,#12962);
#12960=IFCCARTESIANPOINT((0.,0.,0.));
#12961=IFCDIRECTION((0.,0.,1.));
#12962=IFCDIRECTION((1.,0.,0.));
#12996=IFCWINDOWTYPE('2GAiFHMEX2_hy4Z4SeOyYC',$,'BR 1-2-2F',$,$,(#12997),(#12999,#13007,#13055),$,$,.WINDOW.,.SINGLE_PANEL.,$,$);
#12997=IFCPROPERTYSET('1QPY0r2gD6T8s0cXFnl3VC',$,'BBIM_Window',$,(#12998));
#12998=IFCPROPERTYSINGLEVALUE('Data',$,IFCTEXT('{"window_type": "SINGLE_PANEL", "overall_height": 0.8999999761581421, "overall_width": 0.8027000427246094, "lining_properties": {"lining_depth": 0.05000000074505806, "lining_thickness": 0.05000000074505806, "lining_offset": 0.05000000074505806, "lining_to_panel_offset_x": 0.02500000037252903, "lining_to_panel_offset_y": 0.02500000037252903}, "panel_properties": {"frame_depth": [0.03500000014901161, 0.03500000014901161, 0.03500000014901161], "frame_thickness": [0.03500000014901161, 0.03500000014901161, 0.03500000014901161]}}'),$);
#12999=IFCREPRESENTATIONMAP(#13000,#17113);
#13000=IFCAXIS2PLACEMENT3D(#13001,#13002,#13003);
#13001=IFCCARTESIANPOINT((0.,0.,0.));
#13002=IFCDIRECTION((0.,0.,1.));
#13003=IFCDIRECTION((1.,0.,0.));
#13007=IFCREPRESENTATIONMAP(#13008,#17156);
#13008=IFCAXIS2PLACEMENT3D(#13009,#13010,#13011);
#13009=IFCCARTESIANPOINT((0.,0.,0.));
#13010=IFCDIRECTION((0.,0.,1.));
#13011=IFCDIRECTION((1.,0.,0.));
#13055=IFCREPRESENTATIONMAP(#13056,#17173);
#13056=IFCAXIS2PLACEMENT3D(#13057,#13058,#13059);
#13057=IFCCARTESIANPOINT((0.,0.,0.));
#13058=IFCDIRECTION((0.,0.,1.));
#13059=IFCDIRECTION((1.,0.,0.));
#13077=IFCWINDOW('0F9Z1Ly5P2UBB2H8HJuadu',$,'Window',$,$,#17376,#13086,$,0.89999997615814209,1.2150700092315674,$,.DOUBLE_PANEL_VERTICAL.,$);
#13078=IFCRELDEFINESBYTYPE('0Z9gk$OzjDPRN_oqEhBV6A',$,$,$,(#13077),#12861);
#13079=IFCCARTESIANPOINT((0.,0.,0.));
#13080=IFCDIRECTION((1.,0.,0.));
#13081=IFCDIRECTION((0.,1.,0.));
#13082=IFCDIRECTION((0.,0.,1.));
#13083=IFCCARTESIANTRANSFORMATIONOPERATOR3D(#13080,#13081,#13079,1.,#13082);
#13084=IFCMAPPEDITEM(#12864,#13083);
#13085=IFCSHAPEREPRESENTATION(#18,'Profile','MappedRepresentation',(#13084));
#13086=IFCPRODUCTDEFINITIONSHAPE($,$,(#13085,#13093,#13100));
#13087=IFCCARTESIANPOINT((0.,0.,0.));
#13088=IFCDIRECTION((1.,0.,0.));
#13089=IFCDIRECTION((0.,1.,0.));
#13090=IFCDIRECTION((0.,0.,1.));
#13091=IFCCARTESIANTRANSFORMATIONOPERATOR3D(#13088,#13089,#13087,1.,#13090);
#13092=IFCMAPPEDITEM(#12872,#13091);
#13093=IFCSHAPEREPRESENTATION(#11,'Body','MappedRepresentation',(#13092));
#13094=IFCCARTESIANPOINT((0.,0.,0.));
#13095=IFCDIRECTION((1.,0.,0.));
#13096=IFCDIRECTION((0.,1.,0.));
#13097=IFCDIRECTION((0.,0.,1.));
#13098=IFCCARTESIANTRANSFORMATIONOPERATOR3D(#13095,#13096,#13094,1.,#13097);
#13099=IFCMAPPEDITEM(#12958,#13098);
#13100=IFCSHAPEREPRESENTATION(#24,'Body','MappedRepresentation',(#13099));
#13101=IFCOPENINGELEMENT('1JHAW1RZv2zw28CGA9auN3',$,'Opening',$,$,#17371,#13129,$,.OPENING.);
#13117=IFCCARTESIANPOINT((0.,0.,0.));
#13118=IFCDIRECTION((1.,0.,0.));
#13119=IFCDIRECTION((0.,0.,1.));
#13120=IFCAXIS2PLACEMENT3D(#13117,#13119,#13118);
#13121=IFCREPRESENTATIONMAP(#13120,#17361);
#13122=IFCCARTESIANPOINT((0.,0.,0.));
#13123=IFCDIRECTION((1.,0.,0.));
#13124=IFCDIRECTION((0.,1.,0.));
#13125=IFCDIRECTION((0.,0.,1.));
#13126=IFCCARTESIANTRANSFORMATIONOPERATOR3D(#13123,#13124,#13122,1.,#13125);
#13127=IFCMAPPEDITEM(#13121,#13126);
#13128=IFCSHAPEREPRESENTATION(#11,'Body','MappedRepresentation',(#13127));
#13129=IFCPRODUCTDEFINITIONSHAPE($,$,(#13128));
#13130=IFCRELVOIDSELEMENT('0$Sr_RIoD87g4gJSmFA7HP',$,$,$,#8871,#13101);
#13136=IFCRELFILLSELEMENT('3HYh90DlzEyf298FMGY2cZ',$,$,$,#13101,#13077);
#13142=IFCWINDOW('0P1NFu7Pr2c9DnH9ljjf6t',$,'Window',$,$,#17198,#13151,$,0.89999997615814209,0.80270004272460938,$,.SINGLE_PANEL.,$);
#13143=IFCRELDEFINESBYTYPE('2g5R0k9XfDo9WA1Hq2_D83',$,$,$,(#13142),#12996);
#13144=IFCCARTESIANPOINT((0.,0.,0.));
#13145=IFCDIRECTION((1.,0.,0.));
#13146=IFCDIRECTION((0.,1.,0.));
#13147=IFCDIRECTION((0.,0.,1.));
#13148=IFCCARTESIANTRANSFORMATIONOPERATOR3D(#13145,#13146,#13144,1.,#13147);
#13149=IFCMAPPEDITEM(#12999,#13148);
#13150=IFCSHAPEREPRESENTATION(#18,'Profile','MappedRepresentation',(#13149));
#13151=IFCPRODUCTDEFINITIONSHAPE($,$,(#13150,#13158,#13165));
#13152=IFCCARTESIANPOINT((0.,0.,0.));
#13153=IFCDIRECTION((1.,0.,0.));
#13154=IFCDIRECTION((0.,1.,0.));
#13155=IFCDIRECTION((0.,0.,1.));
#13156=IFCCARTESIANTRANSFORMATIONOPERATOR3D(#13153,#13154,#13152,1.,#13155);
#13157=IFCMAPPEDITEM(#13007,#13156);
#13158=IFCSHAPEREPRESENTATION(#11,'Body','MappedRepresentation',(#13157));
#13159=IFCCARTESIANPOINT((0.,0.,0.));
#13160=IFCDIRECTION((1.,0.,0.));
#13161=IFCDIRECTION((0.,1.,0.));
#13162=IFCDIRECTION((0.,0.,1.));
#13163=IFCCARTESIANTRANSFORMATIONOPERATOR3D(#13160,#13161,#13159,1.,#13162);
#13164=IFCMAPPEDITEM(#13055,#13163);
#13165=IFCSHAPEREPRESENTATION(#24,'Body','MappedRepresentation',(#13164));
#13166=IFCOPENINGELEMENT('3Ix7EB0HH8Sv5WdaPI3Wgc',$,'Opening',$,$,#17193,#13194,$,.OPENING.);
#13182=IFCCARTESIANPOINT((0.,0.,0.));
#13183=IFCDIRECTION((1.,0.,0.));
#13184=IFCDIRECTION((0.,0.,1.));
#13185=IFCAXIS2PLACEMENT3D(#13182,#13184,#13183);
#13186=IFCREPRESENTATIONMAP(#13185,#17183);
#13187=IFCCARTESIANPOINT((0.,0.,0.));
#13188=IFCDIRECTION((1.,0.,0.));
#13189=IFCDIRECTION((0.,1.,0.));
#13190=IFCDIRECTION((0.,0.,1.));
#13191=IFCCARTESIANTRANSFORMATIONOPERATOR3D(#13188,#13189,#13187,1.,#13190);
#13192=IFCMAPPEDITEM(#13186,#13191);
#13193=IFCSHAPEREPRESENTATION(#11,'Body','MappedRepresentation',(#13192));
#13194=IFCPRODUCTDEFINITIONSHAPE($,$,(#13193));
#13195=IFCRELVOIDSELEMENT('3N3crkEbnBa8A59fPGS4nc',$,$,$,#8896,#13166);
#13201=IFCRELFILLSELEMENT('0zVEiKoZ1AsuoNvcsXxzfl',$,$,$,#13166,#13142);
#13225=IFCCARTESIANPOINTLIST2D(((0.,0.),(0.84256625175476074,0.),(0.84256625175476074,0.89999997615814209),(0.,0.89999997615814209)));
#13226=IFCINDEXEDPOLYCURVE(#13225,(IFCLINEINDEX((1,2,3,4,1))),$);
#13227=IFCCARTESIANPOINTLIST2D(((0.02500000037252903,0.02500000037252903),(0.81756625138223171,0.02500000037252903),(0.81756625138223171,0.87499997578561306),(0.02500000037252903,0.87499997578561306)));
#13228=IFCINDEXEDPOLYCURVE(#13227,(IFCLINEINDEX((1,2,3,4,1))),$);
#13229=IFCARBITRARYPROFILEDEFWITHVOIDS(.AREA.,$,#13226,(#13228));
#13230=IFCCARTESIANPOINT((0.,0.090000001713633537,0.));
#13231=IFCDIRECTION((0.,-1.,0.));
#13232=IFCDIRECTION((1.,0.,0.));
#13233=IFCAXIS2PLACEMENT3D(#13230,#13231,#13232);
#13234=IFCDIRECTION((0.,0.,-1.));
#13235=IFCEXTRUDEDAREASOLID(#13229,#13233,#13234,0.0099999997764825821);
#13236=IFCCARTESIANPOINTLIST2D(((0.,0.),(0.84256625175476074,0.),(0.84256625175476074,0.89999997615814209),(0.,0.89999997615814209)));
#13237=IFCINDEXEDPOLYCURVE(#13236,(IFCLINEINDEX((1,2,3,4,1))),$);
#13238=IFCCARTESIANPOINTLIST2D(((0.05000000074505806,0.05000000074505806),(0.79256625100970268,0.05000000074505806),(0.79256625100970268,0.84999997541308403),(0.05000000074505806,0.84999997541308403)));
#13239=IFCINDEXEDPOLYCURVE(#13238,(IFCLINEINDEX((1,2,3,4,1))),$);
#13240=IFCARBITRARYPROFILEDEFWITHVOIDS(.AREA.,$,#13237,(#13239));
#13241=IFCCARTESIANPOINT((0.,0.05000000074505806,0.));
#13242=IFCDIRECTION((0.,-1.,0.));
#13243=IFCDIRECTION((1.,0.,0.));
#13244=IFCAXIS2PLACEMENT3D(#13241,#13242,#13243);
#13245=IFCDIRECTION((0.,0.,-1.));
#13246=IFCEXTRUDEDAREASOLID(#13240,#13244,#13245,0.040000000968575478);
#13247=IFCCARTESIANPOINTLIST2D(((0.,0.),(0.79256625100970268,0.),(0.79256625100970268,0.84999997541308403),(0.,0.84999997541308403)));
#13248=IFCINDEXEDPOLYCURVE(#13247,(IFCLINEINDEX((1,2,3,4,1))),$);
#13249=IFCCARTESIANPOINTLIST2D(((0.035000000149011612,0.035000000149011612),(0.75756625086069107,0.035000000149011612),(0.75756625086069107,0.81499997526407242),(0.035000000149011612,0.81499997526407242)));
#13250=IFCINDEXEDPOLYCURVE(#13249,(IFCLINEINDEX((1,2,3,4,1))),$);
#13251=IFCARBITRARYPROFILEDEFWITHVOIDS(.AREA.,$,#13248,(#13250));
#13252=IFCCARTESIANPOINT((0.02500000037252903,0.090000001713633537,0.02500000037252903));
#13253=IFCDIRECTION((0.,-1.,0.));
#13254=IFCDIRECTION((1.,0.,0.));
#13255=IFCAXIS2PLACEMENT3D(#13252,#13253,#13254);
#13256=IFCDIRECTION((0.,0.,-1.));
#13257=IFCEXTRUDEDAREASOLID(#13251,#13255,#13256,0.035000000149011612);
#13258=IFCINDEXEDPOLYCURVE(#13259,(IFCLINEINDEX((1,2,3,4,1))),$);
#13259=IFCCARTESIANPOINTLIST2D(((0.035000000149011612,0.035000000149011612),(0.75756625086069107,0.035000000149011612),(0.75756625086069107,0.81499997526407242),(0.035000000149011612,0.81499997526407242)));
#13260=IFCARBITRARYCLOSEDPROFILEDEF(.AREA.,$,#13258);
#13261=IFCCARTESIANPOINT((0.02500000037252903,0.10250000178813934,0.02500000037252903));
#13262=IFCDIRECTION((0.,-1.,0.));
#13263=IFCDIRECTION((1.,0.,0.));
#13264=IFCAXIS2PLACEMENT3D(#13261,#13262,#13263);
#13265=IFCDIRECTION((0.,0.,-1.));
#13266=IFCEXTRUDEDAREASOLID(#13260,#13264,#13265,0.01);
#13268=IFCSHAPEREPRESENTATION(#11,'Body','SweptSolid',(#13235,#13246,#17135,#13473,#13329,#17124,#13462,#13340));
#13269=IFCSHAPEASPECT((#13268),'Lining',$,.T.,#13151);
#13270=IFCSHAPEREPRESENTATION(#11,'Body','SweptSolid',(#13484,#13257,#13351,#17146));
#13271=IFCSHAPEASPECT((#13270),'Framing',$,.T.,#13151);
#13272=IFCSHAPEREPRESENTATION(#11,'Body','SweptSolid',(#17155,#13360,#13493,#13266));
#13273=IFCSHAPEASPECT((#13272),'Glazing',$,.T.,#13151);
#13319=IFCCARTESIANPOINTLIST2D(((0.,0.),(0.84256625175476074,0.),(0.84256625175476074,0.89999997615814209),(0.,0.89999997615814209)));
#13320=IFCINDEXEDPOLYCURVE(#13319,(IFCLINEINDEX((1,2,3,4,1))),$);
#13321=IFCCARTESIANPOINTLIST2D(((0.02500000037252903,0.02500000037252903),(0.81756625138223171,0.02500000037252903),(0.81756625138223171,0.87499997578561306),(0.02500000037252903,0.87499997578561306)));
#13322=IFCINDEXEDPOLYCURVE(#13321,(IFCLINEINDEX((1,2,3,4,1))),$);
#13323=IFCARBITRARYPROFILEDEFWITHVOIDS(.AREA.,$,#13320,(#13322));
#13324=IFCCARTESIANPOINT((0.,0.090000001713633537,0.));
#13325=IFCDIRECTION((0.,-1.,0.));
#13326=IFCDIRECTION((1.,0.,0.));
#13327=IFCAXIS2PLACEMENT3D(#13324,#13325,#13326);
#13328=IFCDIRECTION((0.,0.,-1.));
#13329=IFCEXTRUDEDAREASOLID(#13323,#13327,#13328,0.0099999997764825821);
#13330=IFCCARTESIANPOINTLIST2D(((0.,0.),(0.84256625175476074,0.),(0.84256625175476074,0.89999997615814209),(0.,0.89999997615814209)));
#13331=IFCINDEXEDPOLYCURVE(#13330,(IFCLINEINDEX((1,2,3,4,1))),$);
#13332=IFCCARTESIANPOINTLIST2D(((0.05000000074505806,0.05000000074505806),(0.79256625100970268,0.05000000074505806),(0.79256625100970268,0.84999997541308403),(0.05000000074505806,0.84999997541308403)));
#13333=IFCINDEXEDPOLYCURVE(#13332,(IFCLINEINDEX((1,2,3,4,1))),$);
#13334=IFCARBITRARYPROFILEDEFWITHVOIDS(.AREA.,$,#13331,(#13333));
#13335=IFCCARTESIANPOINT((0.,0.05000000074505806,0.));
#13336=IFCDIRECTION((0.,-1.,0.));
#13337=IFCDIRECTION((1.,0.,0.));
#13338=IFCAXIS2PLACEMENT3D(#13335,#13336,#13337);
#13339=IFCDIRECTION((0.,0.,-1.));
#13340=IFCEXTRUDEDAREASOLID(#13334,#13338,#13339,0.040000000968575478);
#13341=IFCCARTESIANPOINTLIST2D(((0.,0.),(0.79256625100970268,0.),(0.79256625100970268,0.84999997541308403),(0.,0.84999997541308403)));
#13342=IFCINDEXEDPOLYCURVE(#13341,(IFCLINEINDEX((1,2,3,4,1))),$);
#13343=IFCCARTESIANPOINTLIST2D(((0.035000000149011612,0.035000000149011612),(0.75756625086069107,0.035000000149011612),(0.75756625086069107,0.81499997526407242),(0.035000000149011612,0.81499997526407242)));
#13344=IFCINDEXEDPOLYCURVE(#13343,(IFCLINEINDEX((1,2,3,4,1))),$);
#13345=IFCARBITRARYPROFILEDEFWITHVOIDS(.AREA.,$,#13342,(#13344));
#13346=IFCCARTESIANPOINT((0.02500000037252903,0.090000001713633537,0.02500000037252903));
#13347=IFCDIRECTION((0.,-1.,0.));
#13348=IFCDIRECTION((1.,0.,0.));
#13349=IFCAXIS2PLACEMENT3D(#13346,#13347,#13348);
#13350=IFCDIRECTION((0.,0.,-1.));
#13351=IFCEXTRUDEDAREASOLID(#13345,#13349,#13350,0.035000000149011612);
#13352=IFCINDEXEDPOLYCURVE(#13353,(IFCLINEINDEX((1,2,3,4,1))),$);
#13353=IFCCARTESIANPOINTLIST2D(((0.035000000149011612,0.035000000149011612),(0.75756625086069107,0.035000000149011612),(0.75756625086069107,0.81499997526407242),(0.035000000149011612,0.81499997526407242)));
#13354=IFCARBITRARYCLOSEDPROFILEDEF(.AREA.,$,#13352);
#13355=IFCCARTESIANPOINT((0.02500000037252903,0.10250000178813934,0.02500000037252903));
#13356=IFCDIRECTION((0.,-1.,0.));
#13357=IFCDIRECTION((1.,0.,0.));
#13358=IFCAXIS2PLACEMENT3D(#13355,#13356,#13357);
#13359=IFCDIRECTION((0.,0.,-1.));
#13360=IFCEXTRUDEDAREASOLID(#13354,#13358,#13359,0.01);
#13452=IFCCARTESIANPOINTLIST2D(((0.,0.),(0.84256625175476074,0.),(0.84256625175476074,0.89999997615814209),(0.,0.89999997615814209)));
#13453=IFCINDEXEDPOLYCURVE(#13452,(IFCLINEINDEX((1,2,3,4,1))),$);
#13454=IFCCARTESIANPOINTLIST2D(((0.02500000037252903,0.02500000037252903),(0.81756625138223171,0.02500000037252903),(0.81756625138223171,0.87499997578561306),(0.02500000037252903,0.87499997578561306)));
#13455=IFCINDEXEDPOLYCURVE(#13454,(IFCLINEINDEX((1,2,3,4,1))),$);
#13456=IFCARBITRARYPROFILEDEFWITHVOIDS(.AREA.,$,#13453,(#13455));
#13457=IFCCARTESIANPOINT((0.,0.090000001713633537,0.));
#13458=IFCDIRECTION((0.,-1.,0.));
#13459=IFCDIRECTION((1.,0.,0.));
#13460=IFCAXIS2PLACEMENT3D(#13457,#13458,#13459);
#13461=IFCDIRECTION((0.,0.,-1.));
#13462=IFCEXTRUDEDAREASOLID(#13456,#13460,#13461,0.0099999997764825821);
#13463=IFCCARTESIANPOINTLIST2D(((0.,0.),(0.84256625175476074,0.),(0.84256625175476074,0.89999997615814209),(0.,0.89999997615814209)));
#13464=IFCINDEXEDPOLYCURVE(#13463,(IFCLINEINDEX((1,2,3,4,1))),$);
#13465=IFCCARTESIANPOINTLIST2D(((0.05000000074505806,0.05000000074505806),(0.79256625100970268,0.05000000074505806),(0.79256625100970268,0.84999997541308403),(0.05000000074505806,0.84999997541308403)));
#13466=IFCINDEXEDPOLYCURVE(#13465,(IFCLINEINDEX((1,2,3,4,1))),$);
#13467=IFCARBITRARYPROFILEDEFWITHVOIDS(.AREA.,$,#13464,(#13466));
#13468=IFCCARTESIANPOINT((0.,0.05000000074505806,0.));
#13469=IFCDIRECTION((0.,-1.,0.));
#13470=IFCDIRECTION((1.,0.,0.));
#13471=IFCAXIS2PLACEMENT3D(#13468,#13469,#13470);
#13472=IFCDIRECTION((0.,0.,-1.));
#13473=IFCEXTRUDEDAREASOLID(#13467,#13471,#13472,0.040000000968575478);
#13474=IFCCARTESIANPOINTLIST2D(((0.,0.),(0.79256625100970268,0.),(0.79256625100970268,0.84999997541308403),(0.,0.84999997541308403)));
#13475=IFCINDEXEDPOLYCURVE(#13474,(IFCLINEINDEX((1,2,3,4,1))),$);
#13476=IFCCARTESIANPOINTLIST2D(((0.035000000149011612,0.035000000149011612),(0.75756625086069107,0.035000000149011612),(0.75756625086069107,0.81499997526407242),(0.035000000149011612,0.81499997526407242)));
#13477=IFCINDEXEDPOLYCURVE(#13476,(IFCLINEINDEX((1,2,3,4,1))),$);
#13478=IFCARBITRARYPROFILEDEFWITHVOIDS(.AREA.,$,#13475,(#13477));
#13479=IFCCARTESIANPOINT((0.02500000037252903,0.090000001713633537,0.02500000037252903));
#13480=IFCDIRECTION((0.,-1.,0.));
#13481=IFCDIRECTION((1.,0.,0.));
#13482=IFCAXIS2PLACEMENT3D(#13479,#13480,#13481);
#13483=IFCDIRECTION((0.,0.,-1.));
#13484=IFCEXTRUDEDAREASOLID(#13478,#13482,#13483,0.035000000149011612);
#13485=IFCINDEXEDPOLYCURVE(#13486,(IFCLINEINDEX((1,2,3,4,1))),$);
#13486=IFCCARTESIANPOINTLIST2D(((0.035000000149011612,0.035000000149011612),(0.75756625086069107,0.035000000149011612),(0.75756625086069107,0.81499997526407242),(0.035000000149011612,0.81499997526407242)));
#13487=IFCARBITRARYCLOSEDPROFILEDEF(.AREA.,$,#13485);
#13488=IFCCARTESIANPOINT((0.02500000037252903,0.10250000178813934,0.02500000037252903));
#13489=IFCDIRECTION((0.,-1.,0.));
#13490=IFCDIRECTION((1.,0.,0.));
#13491=IFCAXIS2PLACEMENT3D(#13488,#13489,#13490);
#13492=IFCDIRECTION((0.,0.,-1.));
#13493=IFCEXTRUDEDAREASOLID(#13487,#13491,#13492,0.01);
#13570=IFCCARTESIANPOINTLIST2D(((0.,0.),(0.84874105453491211,0.),(0.84874105453491211,0.89999997615814209),(0.,0.89999997615814209)));
#13571=IFCINDEXEDPOLYCURVE(#13570,(IFCLINEINDEX((1,2,3,4,1))),$);
#13572=IFCCARTESIANPOINTLIST2D(((0.02500000037252903,0.02500000037252903),(0.82374105416238308,0.02500000037252903),(0.82374105416238308,0.87499997578561306),(0.02500000037252903,0.87499997578561306)));
#13573=IFCINDEXEDPOLYCURVE(#13572,(IFCLINEINDEX((1,2,3,4,1))),$);
#13574=IFCARBITRARYPROFILEDEFWITHVOIDS(.AREA.,$,#13571,(#13573));
#13575=IFCCARTESIANPOINT((0.,0.090000001713633537,0.));
#13576=IFCDIRECTION((0.,-1.,0.));
#13577=IFCDIRECTION((1.,0.,0.));
#13578=IFCAXIS2PLACEMENT3D(#13575,#13576,#13577);
#13579=IFCDIRECTION((0.,0.,-1.));
#13580=IFCEXTRUDEDAREASOLID(#13574,#13578,#13579,0.0099999997764825821);
#13581=IFCCARTESIANPOINTLIST2D(((0.,0.),(0.84874105453491211,0.),(0.84874105453491211,0.89999997615814209),(0.,0.89999997615814209)));
#13582=IFCINDEXEDPOLYCURVE(#13581,(IFCLINEINDEX((1,2,3,4,1))),$);
#13583=IFCCARTESIANPOINTLIST2D(((0.05000000074505806,0.05000000074505806),(0.79874105378985405,0.05000000074505806),(0.79874105378985405,0.84999997541308403),(0.05000000074505806,0.84999997541308403)));
#13584=IFCINDEXEDPOLYCURVE(#13583,(IFCLINEINDEX((1,2,3,4,1))),$);
#13585=IFCARBITRARYPROFILEDEFWITHVOIDS(.AREA.,$,#13582,(#13584));
#13586=IFCCARTESIANPOINT((0.,0.05000000074505806,0.));
#13587=IFCDIRECTION((0.,-1.,0.));
#13588=IFCDIRECTION((1.,0.,0.));
#13589=IFCAXIS2PLACEMENT3D(#13586,#13587,#13588);
#13590=IFCDIRECTION((0.,0.,-1.));
#13591=IFCEXTRUDEDAREASOLID(#13585,#13589,#13590,0.040000000968575478);
#13592=IFCCARTESIANPOINTLIST2D(((0.,0.),(0.79874105378985405,0.),(0.79874105378985405,0.84999997541308403),(0.,0.84999997541308403)));
#13593=IFCINDEXEDPOLYCURVE(#13592,(IFCLINEINDEX((1,2,3,4,1))),$);
#13594=IFCCARTESIANPOINTLIST2D(((0.035000000149011612,0.035000000149011612),(0.76374105364084244,0.035000000149011612),(0.76374105364084244,0.81499997526407242),(0.035000000149011612,0.81499997526407242)));
#13595=IFCINDEXEDPOLYCURVE(#13594,(IFCLINEINDEX((1,2,3,4,1))),$);
#13596=IFCARBITRARYPROFILEDEFWITHVOIDS(.AREA.,$,#13593,(#13595));
#13597=IFCCARTESIANPOINT((0.02500000037252903,0.090000001713633537,0.02500000037252903));
#13598=IFCDIRECTION((0.,-1.,0.));
#13599=IFCDIRECTION((1.,0.,0.));
#13600=IFCAXIS2PLACEMENT3D(#13597,#13598,#13599);
#13601=IFCDIRECTION((0.,0.,-1.));
#13602=IFCEXTRUDEDAREASOLID(#13596,#13600,#13601,0.035000000149011612);
#13603=IFCINDEXEDPOLYCURVE(#13604,(IFCLINEINDEX((1,2,3,4,1))),$);
#13604=IFCCARTESIANPOINTLIST2D(((0.035000000149011612,0.035000000149011612),(0.76374105364084244,0.035000000149011612),(0.76374105364084244,0.81499997526407242),(0.035000000149011612,0.81499997526407242)));
#13605=IFCARBITRARYCLOSEDPROFILEDEF(.AREA.,$,#13603);
#13606=IFCCARTESIANPOINT((0.02500000037252903,0.10250000178813934,0.02500000037252903));
#13607=IFCDIRECTION((0.,-1.,0.));
#13608=IFCDIRECTION((1.,0.,0.));
#13609=IFCAXIS2PLACEMENT3D(#13606,#13607,#13608);
#13610=IFCDIRECTION((0.,0.,-1.));
#13611=IFCEXTRUDEDAREASOLID(#13605,#13609,#13610,0.01);
#13613=IFCSHAPEREPRESENTATION(#11,'Body','SweptSolid',(#13591,#13580,#17017,#17006));
#13614=IFCSHAPEASPECT((#13613),'Lining',$,.T.,#12740);
#13615=IFCSHAPEREPRESENTATION(#11,'Body','SweptSolid',(#17028,#13602));
#13616=IFCSHAPEASPECT((#13615),'Framing',$,.T.,#12740);
#13617=IFCSHAPEREPRESENTATION(#11,'Body','SweptSolid',(#17037,#13611));
#13618=IFCSHAPEASPECT((#13617),'Glazing',$,.T.,#12740);
#13694=IFCCARTESIANPOINTLIST2D(((0.,0.),(0.85615086555480957,0.),(0.85615086555480957,0.89999997615814209),(0.,0.89999997615814209)));
#13695=IFCINDEXEDPOLYCURVE(#13694,(IFCLINEINDEX((1,2,3,4,1))),$);
#13696=IFCCARTESIANPOINTLIST2D(((0.02500000037252903,0.02500000037252903),(0.83115086518228054,0.02500000037252903),(0.83115086518228054,0.87499997578561306),(0.02500000037252903,0.87499997578561306)));
#13697=IFCINDEXEDPOLYCURVE(#13696,(IFCLINEINDEX((1,2,3,4,1))),$);
#13698=IFCARBITRARYPROFILEDEFWITHVOIDS(.AREA.,$,#13695,(#13697));
#13699=IFCCARTESIANPOINT((0.,0.090000001713633537,0.));
#13700=IFCDIRECTION((0.,-1.,0.));
#13701=IFCDIRECTION((1.,0.,0.));
#13702=IFCAXIS2PLACEMENT3D(#13699,#13700,#13701);
#13703=IFCDIRECTION((0.,0.,-1.));
#13704=IFCEXTRUDEDAREASOLID(#13698,#13702,#13703,0.0099999997764825821);
#13705=IFCCARTESIANPOINTLIST2D(((0.,0.),(0.85615086555480957,0.),(0.85615086555480957,0.89999997615814209),(0.,0.89999997615814209)));
#13706=IFCINDEXEDPOLYCURVE(#13705,(IFCLINEINDEX((1,2,3,4,1))),$);
#13707=IFCCARTESIANPOINTLIST2D(((0.05000000074505806,0.05000000074505806),(0.80615086480975151,0.05000000074505806),(0.80615086480975151,0.84999997541308403),(0.05000000074505806,0.84999997541308403)));
#13708=IFCINDEXEDPOLYCURVE(#13707,(IFCLINEINDEX((1,2,3,4,1))),$);
#13709=IFCARBITRARYPROFILEDEFWITHVOIDS(.AREA.,$,#13706,(#13708));
#13710=IFCCARTESIANPOINT((0.,0.05000000074505806,0.));
#13711=IFCDIRECTION((0.,-1.,0.));
#13712=IFCDIRECTION((1.,0.,0.));
#13713=IFCAXIS2PLACEMENT3D(#13710,#13711,#13712);
#13714=IFCDIRECTION((0.,0.,-1.));
#13715=IFCEXTRUDEDAREASOLID(#13709,#13713,#13714,0.040000000968575478);
#13716=IFCCARTESIANPOINTLIST2D(((0.,0.),(0.80615086480975151,0.),(0.80615086480975151,0.84999997541308403),(0.,0.84999997541308403)));
#13717=IFCINDEXEDPOLYCURVE(#13716,(IFCLINEINDEX((1,2,3,4,1))),$);
#13718=IFCCARTESIANPOINTLIST2D(((0.035000000149011612,0.035000000149011612),(0.7711508646607399,0.035000000149011612),(0.7711508646607399,0.81499997526407242),(0.035000000149011612,0.81499997526407242)));
#13719=IFCINDEXEDPOLYCURVE(#13718,(IFCLINEINDEX((1,2,3,4,1))),$);
#13720=IFCARBITRARYPROFILEDEFWITHVOIDS(.AREA.,$,#13717,(#13719));
#13721=IFCCARTESIANPOINT((0.02500000037252903,0.090000001713633537,0.02500000037252903));
#13722=IFCDIRECTION((0.,-1.,0.));
#13723=IFCDIRECTION((1.,0.,0.));
#13724=IFCAXIS2PLACEMENT3D(#13721,#13722,#13723);
#13725=IFCDIRECTION((0.,0.,-1.));
#13726=IFCEXTRUDEDAREASOLID(#13720,#13724,#13725,0.035000000149011612);
#13727=IFCINDEXEDPOLYCURVE(#13728,(IFCLINEINDEX((1,2,3,4,1))),$);
#13728=IFCCARTESIANPOINTLIST2D(((0.035000000149011612,0.035000000149011612),(0.7711508646607399,0.035000000149011612),(0.7711508646607399,0.81499997526407242),(0.035000000149011612,0.81499997526407242)));
#13729=IFCARBITRARYCLOSEDPROFILEDEF(.AREA.,$,#13727);
#13730=IFCCARTESIANPOINT((0.02500000037252903,0.10250000178813934,0.02500000037252903));
#13731=IFCDIRECTION((0.,-1.,0.));
#13732=IFCDIRECTION((1.,0.,0.));
#13733=IFCAXIS2PLACEMENT3D(#13730,#13731,#13732);
#13734=IFCDIRECTION((0.,0.,-1.));
#13735=IFCEXTRUDEDAREASOLID(#13729,#13733,#13734,0.01);
#13737=IFCSHAPEREPRESENTATION(#11,'Body','SweptSolid',(#13704,#16888,#16899,#13715));
#13738=IFCSHAPEASPECT((#13737),'Lining',$,.T.,#12805);
#13739=IFCSHAPEREPRESENTATION(#11,'Body','SweptSolid',(#13726,#16910));
#13740=IFCSHAPEASPECT((#13739),'Framing',$,.T.,#12805);
#13741=IFCSHAPEREPRESENTATION(#11,'Body','SweptSolid',(#16919,#13735));
#13742=IFCSHAPEASPECT((#13741),'Glazing',$,.T.,#12805);
#13803=IFCCARTESIANPOINTLIST2D(((0.,0.),(0.61760318279266357,0.),(0.61760318279266357,0.89999997615814209),(0.,0.89999997615814209)));
#13804=IFCINDEXEDPOLYCURVE(#13803,(IFCLINEINDEX((1,2,3,4,1))),$);
#13805=IFCCARTESIANPOINTLIST2D(((0.02500000037252903,0.02500000037252903),(0.6426031831651926,0.02500000037252903),(0.6426031831651926,0.87499997578561306),(0.02500000037252903,0.87499997578561306)));
#13806=IFCINDEXEDPOLYCURVE(#13805,(IFCLINEINDEX((1,2,3,4,1))),$);
#13807=IFCARBITRARYPROFILEDEFWITHVOIDS(.AREA.,$,#13804,(#13806));
#13808=IFCCARTESIANPOINT((0.,0.090000001713633537,0.));
#13809=IFCDIRECTION((0.,-1.,0.));
#13810=IFCDIRECTION((1.,0.,0.));
#13811=IFCAXIS2PLACEMENT3D(#13808,#13809,#13810);
#13812=IFCDIRECTION((0.,0.,-1.));
#13813=IFCEXTRUDEDAREASOLID(#13807,#13811,#13812,0.0099999997764825821);
#13814=IFCCARTESIANPOINTLIST2D(((0.61760318279266357,0.),(0.,0.),(0.,0.89999997615814209),(0.61760318279266357,0.89999997615814209),(0.61760318279266357,0.84999997541308403),(0.05000000074505806,0.84999997541308403),(0.05000000074505806,0.05000000074505806),(0.61760318279266357,0.05000000074505806)));
#13815=IFCINDEXEDPOLYCURVE(#13814,(IFCLINEINDEX((1,2,3,4,5,6,7,8,1))),$);
#13816=IFCARBITRARYCLOSEDPROFILEDEF(.AREA.,$,#13815);
#13817=IFCCARTESIANPOINT((0.,0.05000000074505806,0.));
#13818=IFCDIRECTION((0.,-1.,0.));
#13819=IFCDIRECTION((1.,0.,0.));
#13820=IFCAXIS2PLACEMENT3D(#13817,#13818,#13819);
#13821=IFCDIRECTION((0.,0.,-1.));
#13822=IFCEXTRUDEDAREASOLID(#13816,#13820,#13821,0.040000000968575478);
#13823=IFCCARTESIANPOINTLIST2D(((0.,0.),(0.61760318279266357,0.),(0.61760318279266357,0.84999997541308403),(0.,0.84999997541308403)));
#13824=IFCINDEXEDPOLYCURVE(#13823,(IFCLINEINDEX((1,2,3,4,1))),$);
#13825=IFCCARTESIANPOINTLIST2D(((0.035000000149011612,0.035000000149011612),(0.58260318264365196,0.035000000149011612),(0.58260318264365196,0.81499997526407242),(0.035000000149011612,0.81499997526407242)));
#13826=IFCINDEXEDPOLYCURVE(#13825,(IFCLINEINDEX((1,2,3,4,1))),$);
#13827=IFCARBITRARYPROFILEDEFWITHVOIDS(.AREA.,$,#13824,(#13826));
#13828=IFCCARTESIANPOINT((0.02500000037252903,0.090000001713633537,0.02500000037252903));
#13829=IFCDIRECTION((0.,-1.,0.));
#13830=IFCDIRECTION((1.,0.,0.));
#13831=IFCAXIS2PLACEMENT3D(#13828,#13829,#13830);
#13832=IFCDIRECTION((0.,0.,-1.));
#13833=IFCEXTRUDEDAREASOLID(#13827,#13831,#13832,0.035000000149011612);
#13834=IFCINDEXEDPOLYCURVE(#13835,(IFCLINEINDEX((1,2,3,4,1))),$);
#13835=IFCCARTESIANPOINTLIST2D(((0.035000000149011612,0.035000000149011612),(0.58260318264365196,0.035000000149011612),(0.58260318264365196,0.81499997526407242),(0.035000000149011612,0.81499997526407242)));
#13836=IFCARBITRARYCLOSEDPROFILEDEF(.AREA.,$,#13834);
#13837=IFCCARTESIANPOINT((0.02500000037252903,0.10250000178813934,0.02500000037252903));
#13838=IFCDIRECTION((0.,-1.,0.));
#13839=IFCDIRECTION((1.,0.,0.));
#13840=IFCAXIS2PLACEMENT3D(#13837,#13838,#13839);
#13841=IFCDIRECTION((0.,0.,-1.));
#13842=IFCEXTRUDEDAREASOLID(#13836,#13840,#13841,0.01);
#13843=IFCCARTESIANPOINTLIST2D(((0.,0.),(0.63178896903991699,0.),(0.63178896903991699,0.89999997615814209),(0.,0.89999997615814209)));
#13844=IFCINDEXEDPOLYCURVE(#13843,(IFCLINEINDEX((1,2,3,4,1))),$);
#13845=IFCCARTESIANPOINTLIST2D(((-0.02500000037252903,0.02500000037252903),(0.60678896866738796,0.02500000037252903),(0.60678896866738796,0.87499997578561306),(-0.02500000037252903,0.87499997578561306)));
#13846=IFCINDEXEDPOLYCURVE(#13845,(IFCLINEINDEX((1,2,3,4,1))),$);
#13847=IFCARBITRARYPROFILEDEFWITHVOIDS(.AREA.,$,#13844,(#13846));
#13848=IFCCARTESIANPOINT((0.61760318279266357,0.090000001713633537,0.));
#13849=IFCDIRECTION((0.,-1.,0.));
#13850=IFCDIRECTION((1.,0.,0.));
#13851=IFCAXIS2PLACEMENT3D(#13848,#13849,#13850);
#13852=IFCDIRECTION((0.,0.,-1.));
#13853=IFCEXTRUDEDAREASOLID(#13847,#13851,#13852,0.0099999997764825821);
#13854=IFCCARTESIANPOINTLIST2D(((0.,0.89999997615814209),(0.63178896903991699,0.89999997615814209),(0.63178896903991699,0.),(0.,0.),(0.,0.05000000074505806),(0.58178896829485893,0.05000000074505806),(0.58178896829485893,0.84999997541308403),(0.,0.84999997541308403)));
#13855=IFCINDEXEDPOLYCURVE(#13854,(IFCLINEINDEX((1,2,3,4,5,6,7,8,1))),$);
#13856=IFCARBITRARYCLOSEDPROFILEDEF(.AREA.,$,#13855);
#13857=IFCCARTESIANPOINT((0.61760318279266357,0.05000000074505806,0.));
#13858=IFCDIRECTION((0.,-1.,0.));
#13859=IFCDIRECTION((1.,0.,0.));
#13860=IFCAXIS2PLACEMENT3D(#13857,#13858,#13859);
#13861=IFCDIRECTION((0.,0.,-1.));
#13862=IFCEXTRUDEDAREASOLID(#13856,#13860,#13861,0.040000000968575478);
#13863=IFCCARTESIANPOINTLIST2D(((0.,0.),(0.63178896903991699,0.),(0.63178896903991699,0.84999997541308403),(0.,0.84999997541308403)));
#13864=IFCINDEXEDPOLYCURVE(#13863,(IFCLINEINDEX((1,2,3,4,1))),$);
#13865=IFCCARTESIANPOINTLIST2D(((0.035000000149011612,0.035000000149011612),(0.59678896889090538,0.035000000149011612),(0.59678896889090538,0.81499997526407242),(0.035000000149011612,0.81499997526407242)));
#13866=IFCINDEXEDPOLYCURVE(#13865,(IFCLINEINDEX((1,2,3,4,1))),$);
#13867=IFCARBITRARYPROFILEDEFWITHVOIDS(.AREA.,$,#13864,(#13866));
#13868=IFCCARTESIANPOINT((0.59260318242013454,0.090000001713633537,0.02500000037252903));
#13869=IFCDIRECTION((0.,-1.,0.));
#13870=IFCDIRECTION((1.,0.,0.));
#13871=IFCAXIS2PLACEMENT3D(#13868,#13869,#13870);
#13872=IFCDIRECTION((0.,0.,-1.));
#13873=IFCEXTRUDEDAREASOLID(#13867,#13871,#13872,0.035000000149011612);
#13874=IFCINDEXEDPOLYCURVE(#13875,(IFCLINEINDEX((1,2,3,4,1))),$);
#13875=IFCCARTESIANPOINTLIST2D(((0.035000000149011612,0.035000000149011612),(0.59678896889090538,0.035000000149011612),(0.59678896889090538,0.81499997526407242),(0.035000000149011612,0.81499997526407242)));
#13876=IFCARBITRARYCLOSEDPROFILEDEF(.AREA.,$,#13874);
#13877=IFCCARTESIANPOINT((0.59260318242013454,0.10250000178813934,0.02500000037252903));
#13878=IFCDIRECTION((0.,-1.,0.));
#13879=IFCDIRECTION((1.,0.,0.));
#13880=IFCAXIS2PLACEMENT3D(#13877,#13878,#13879);
#13881=IFCDIRECTION((0.,0.,-1.));
#13882=IFCEXTRUDEDAREASOLID(#13876,#13880,#13881,0.01);
#13884=IFCSHAPEREPRESENTATION(#11,'Body','SweptSolid',(#16161,#16192,#13822,#16152,#13862,#13813,#13853,#16201));
#13885=IFCSHAPEASPECT((#13884),'Lining',$,.T.,#12513);
#13886=IFCSHAPEREPRESENTATION(#11,'Body','SweptSolid',(#16172,#13873,#13833,#16212));
#13887=IFCSHAPEASPECT((#13886),'Framing',$,.T.,#12513);
#13888=IFCSHAPEREPRESENTATION(#11,'Body','SweptSolid',(#16221,#13882,#13842,#16181));
#13889=IFCSHAPEASPECT((#13888),'Glazing',$,.T.,#12513);
#13968=IFCBUILDINGSTOREY('0Ku6yehajBc8l1AtugDSwi',$,'Roof',$,$,#21593,$,$,$,$);
#13974=IFCRELAGGREGATES('0r$pXZ4Y54NhkynuWeBWAi',$,$,$,#39,(#13968));
#14043=IFCRELCONNECTSPATHELEMENTS('2mGNXHsMP398Mdh$NZ1ArN',$,$,$,$,#8896,#8871,(),(),.ATEND.,.ATSTART.);
#14961=IFCCARTESIANPOINTLIST2D(((0.,0.),(0.10000000029762857,0.10000000149011612),(3.0000010680154556,0.10000000149011612),(3.0000010843075233,0.)));
#14962=IFCINDEXEDPOLYCURVE(#14961,(IFCLINEINDEX((1,2,3,4,1))),$);
#14963=IFCARBITRARYCLOSEDPROFILEDEF(.AREA.,$,#14962);
#14964=IFCCARTESIANPOINT((0.,0.,0.));
#14965=IFCDIRECTION((0.,0.,1.));
#14966=IFCDIRECTION((1.,0.,0.));
#14967=IFCAXIS2PLACEMENT3D(#14964,#14965,#14966);
#14968=IFCDIRECTION((0.,0.,1.));
#14969=IFCEXTRUDEDAREASOLID(#14963,#14967,#14968,3.);
#14970=IFCSHAPEREPRESENTATION(#11,'Body','SweptSolid',(#14969));
#14971=IFCCARTESIANPOINTLIST2D(((0.,0.),(3.1000010857976408,0.)));
#14972=IFCINDEXEDPOLYCURVE(#14971,$,$);
#14973=IFCSHAPEREPRESENTATION(#23,'Axis','Curve2D',(#14972));
#14987=IFCCARTESIANPOINTLIST2D(((0.,0.),(0.00035822115690863771,0.10000000149011612),(3.7457878426815787,0.10000000149011612),(3.7454296215246701,0.)));
#14988=IFCINDEXEDPOLYCURVE(#14987,(IFCLINEINDEX((1,2,3,4,1))),$);
#14989=IFCARBITRARYCLOSEDPROFILEDEF(.AREA.,$,#14988);
#14990=IFCCARTESIANPOINT((0.,0.,0.));
#14991=IFCDIRECTION((0.,0.,1.));
#14992=IFCDIRECTION((1.,0.,0.));
#14993=IFCAXIS2PLACEMENT3D(#14990,#14991,#14992);
#14994=IFCDIRECTION((0.,0.,1.));
#14995=IFCEXTRUDEDAREASOLID(#14989,#14993,#14994,3.);
#14996=IFCSHAPEREPRESENTATION(#11,'Body','SweptSolid',(#14995));
#14997=IFCCARTESIANPOINTLIST2D(((0.,0.),(3.8454302646247047,0.)));
#14998=IFCINDEXEDPOLYCURVE(#14997,$,$);
#14999=IFCSHAPEREPRESENTATION(#23,'Axis','Curve2D',(#14998));
#15000=IFCCARTESIANPOINTLIST2D(((0.,0.),(0.099999993940326173,0.10000000149011612),(3.1000006899307353,0.10000000149011612),(3.0000005648601178,0.)));
#15001=IFCINDEXEDPOLYCURVE(#15000,(IFCLINEINDEX((1,2,3,4,1))),$);
#15002=IFCARBITRARYCLOSEDPROFILEDEF(.AREA.,$,#15001);
#15003=IFCCARTESIANPOINT((0.,0.,0.));
#15004=IFCDIRECTION((0.,0.,1.));
#15005=IFCDIRECTION((1.,0.,0.));
#15006=IFCAXIS2PLACEMENT3D(#15003,#15004,#15005);
#15007=IFCDIRECTION((0.,0.,1.));
#15008=IFCEXTRUDEDAREASOLID(#15002,#15006,#15007,3.);
#15009=IFCSHAPEREPRESENTATION(#11,'Body','SweptSolid',(#15008));
#15010=IFCCARTESIANPOINTLIST2D(((0.,0.),(3.0000005648601178,0.)));
#15011=IFCINDEXEDPOLYCURVE(#15010,$,$);
#15012=IFCSHAPEREPRESENTATION(#23,'Axis','Curve2D',(#15011));
#15013=IFCCARTESIANPOINTLIST2D(((0.,0.),(1.9470718661076087E-08,0.10000000149011612),(3.7454056101020639,0.10000000149011612),(3.745405590631345,0.)));
#15014=IFCINDEXEDPOLYCURVE(#15013,(IFCLINEINDEX((1,2,3,4,1))),$);
#15015=IFCARBITRARYCLOSEDPROFILEDEF(.AREA.,$,#15014);
#15016=IFCCARTESIANPOINT((0.,0.,0.));
#15017=IFCDIRECTION((0.,0.,1.));
#15018=IFCDIRECTION((1.,0.,0.));
#15019=IFCAXIS2PLACEMENT3D(#15016,#15017,#15018);
#15020=IFCDIRECTION((0.,0.,1.));
#15021=IFCEXTRUDEDAREASOLID(#15015,#15019,#15020,3.);
#15022=IFCSHAPEREPRESENTATION(#11,'Body','SweptSolid',(#15021));
#15023=IFCCARTESIANPOINTLIST2D(((0.,0.),(3.8454055921214629,0.)));
#15024=IFCINDEXEDPOLYCURVE(#15023,$,$);
#15025=IFCSHAPEREPRESENTATION(#23,'Axis','Curve2D',(#15024));
#15052=IFCCARTESIANPOINTLIST2D(((0.,0.),(-0.10000004162405117,0.10000000149011612),(0.79999998655649907,0.10000000149011612),(0.90000000433868521,0.)));
#15053=IFCINDEXEDPOLYCURVE(#15052,(IFCLINEINDEX((1,2,3,4,1))),$);
#15054=IFCARBITRARYCLOSEDPROFILEDEF(.AREA.,$,#15053);
#15055=IFCCARTESIANPOINT((0.,0.,0.));
#15056=IFCDIRECTION((0.,0.,1.));
#15057=IFCDIRECTION((1.,0.,0.));
#15058=IFCAXIS2PLACEMENT3D(#15055,#15056,#15057);
#15059=IFCDIRECTION((0.,0.,1.));
#15060=IFCEXTRUDEDAREASOLID(#15054,#15058,#15059,3.);
#15061=IFCSHAPEREPRESENTATION(#11,'Body','SweptSolid',(#15060));
#15062=IFCCARTESIANPOINTLIST2D(((0.,0.),(0.90000000433868521,0.)));
#15063=IFCINDEXEDPOLYCURVE(#15062,$,$);
#15064=IFCSHAPEREPRESENTATION(#23,'Axis','Curve2D',(#15063));
#15065=IFCCARTESIANPOINTLIST2D(((0.,0.),(0.099999982019399344,0.10000000149011612),(9.5181526069852076,0.10000000149011612),(9.6181526192037659,0.)));
#15066=IFCINDEXEDPOLYCURVE(#15065,(IFCLINEINDEX((1,2,3,4,1))),$);
#15067=IFCARBITRARYCLOSEDPROFILEDEF(.AREA.,$,#15066);
#15068=IFCCARTESIANPOINT((0.,0.,0.));
#15069=IFCDIRECTION((0.,0.,1.));
#15070=IFCDIRECTION((1.,0.,0.));
#15071=IFCAXIS2PLACEMENT3D(#15068,#15069,#15070);
#15072=IFCDIRECTION((0.,0.,1.));
#15073=IFCEXTRUDEDAREASOLID(#15067,#15071,#15072,3.);
#15074=IFCSHAPEREPRESENTATION(#11,'Body','SweptSolid',(#15073));
#15075=IFCCARTESIANPOINTLIST2D(((0.,0.),(9.6181526192037659,0.)));
#15076=IFCINDEXEDPOLYCURVE(#15075,$,$);
#15077=IFCSHAPEREPRESENTATION(#23,'Axis','Curve2D',(#15076));
#15078=IFCCARTESIANPOINTLIST2D(((0.10000072444255176,0.),(0.099620473194116183,0.10000000149011612),(3.5455204106681832,0.10000000149011612),(3.5455204106681832,0.)));
#15079=IFCINDEXEDPOLYCURVE(#15078,(IFCLINEINDEX((1,2,3,4,1))),$);
#15080=IFCARBITRARYCLOSEDPROFILEDEF(.AREA.,$,#15079);
#15081=IFCCARTESIANPOINT((0.,0.,0.));
#15082=IFCDIRECTION((0.,0.,1.));
#15083=IFCDIRECTION((1.,0.,0.));
#15084=IFCAXIS2PLACEMENT3D(#15081,#15082,#15083);
#15085=IFCDIRECTION((0.,0.,1.));
#15086=IFCEXTRUDEDAREASOLID(#15080,#15084,#15085,3.);
#15087=IFCSHAPEREPRESENTATION(#11,'Body','SweptSolid',(#15086));
#15088=IFCCARTESIANPOINTLIST2D(((0.,0.),(3.5455204106681832,0.)));
#15089=IFCINDEXEDPOLYCURVE(#15088,$,$);
#15090=IFCSHAPEREPRESENTATION(#23,'Axis','Curve2D',(#15089));
#15091=IFCCARTESIANPOINTLIST2D(((0.,0.),(-0.10000004798135448,0.10000000149011612),(3.4499995369700871,0.10000000149011612),(3.5499995849514416,0.)));
#15092=IFCINDEXEDPOLYCURVE(#15091,(IFCLINEINDEX((1,2,3,4,1))),$);
#15093=IFCARBITRARYCLOSEDPROFILEDEF(.AREA.,$,#15092);
#15094=IFCCARTESIANPOINT((0.,0.,0.));
#15095=IFCDIRECTION((0.,0.,1.));
#15096=IFCDIRECTION((1.,0.,0.));
#15097=IFCAXIS2PLACEMENT3D(#15094,#15095,#15096);
#15098=IFCDIRECTION((0.,0.,1.));
#15099=IFCEXTRUDEDAREASOLID(#15093,#15097,#15098,3.);
#15100=IFCSHAPEREPRESENTATION(#11,'Body','SweptSolid',(#15099));
#15101=IFCCARTESIANPOINTLIST2D(((0.,0.),(3.5499995849514416,0.)));
#15102=IFCINDEXEDPOLYCURVE(#15101,$,$);
#15103=IFCSHAPEREPRESENTATION(#23,'Axis','Curve2D',(#15102));
#15104=IFCCARTESIANPOINTLIST2D(((0.,0.),(0.,0.10000000149011612),(2.5499999907617088,0.10000000149011612),(2.6499999910593375,0.)));
#15105=IFCINDEXEDPOLYCURVE(#15104,(IFCLINEINDEX((1,2,3,4,1))),$);
#15106=IFCARBITRARYCLOSEDPROFILEDEF(.AREA.,$,#15105);
#15107=IFCCARTESIANPOINT((0.,0.,0.));
#15108=IFCDIRECTION((0.,0.,1.));
#15109=IFCDIRECTION((1.,0.,0.));
#15110=IFCAXIS2PLACEMENT3D(#15107,#15108,#15109);
#15111=IFCDIRECTION((0.,0.,1.));
#15112=IFCEXTRUDEDAREASOLID(#15106,#15110,#15111,3.);
#15113=IFCSHAPEREPRESENTATION(#11,'Body','SweptSolid',(#15112));
#15114=IFCCARTESIANPOINTLIST2D(((0.,0.),(2.6499999910593375,0.)));
#15115=IFCINDEXEDPOLYCURVE(#15114,$,$);
#15116=IFCSHAPEREPRESENTATION(#23,'Axis','Curve2D',(#15115));
#15156=IFCCARTESIANPOINTLIST2D(((0.,0.),(-0.10000005990228915,0.10000000149011612),(1.9524518442706751,0.10000000149011612),(1.9524518637413937,0.)));
#15157=IFCINDEXEDPOLYCURVE(#15156,(IFCLINEINDEX((1,2,3,4,1))),$);
#15158=IFCARBITRARYCLOSEDPROFILEDEF(.AREA.,$,#15157);
#15159=IFCCARTESIANPOINT((0.,0.,0.));
#15160=IFCDIRECTION((0.,0.,1.));
#15161=IFCDIRECTION((1.,0.,0.));
#15162=IFCAXIS2PLACEMENT3D(#15159,#15160,#15161);
#15163=IFCDIRECTION((0.,0.,1.));
#15164=IFCEXTRUDEDAREASOLID(#15158,#15162,#15163,3.);
#15165=IFCSHAPEREPRESENTATION(#11,'Body','SweptSolid',(#15164));
#15166=IFCCARTESIANPOINTLIST2D(((0.,0.),(1.9524518637413937,0.)));
#15167=IFCINDEXEDPOLYCURVE(#15166,$,$);
#15168=IFCSHAPEREPRESENTATION(#23,'Axis','Curve2D',(#15167));
#15182=IFCCARTESIANPOINTLIST2D(((0.,0.),(0.,0.10000000149011612),(1.5021840694543072,0.10000000149011612),(1.4021840095520179,0.)));
#15183=IFCINDEXEDPOLYCURVE(#15182,(IFCLINEINDEX((1,2,3,4,1))),$);
#15184=IFCARBITRARYCLOSEDPROFILEDEF(.AREA.,$,#15183);
#15185=IFCCARTESIANPOINT((0.,0.,0.));
#15186=IFCDIRECTION((0.,0.,1.));
#15187=IFCDIRECTION((1.,0.,0.));
#15188=IFCAXIS2PLACEMENT3D(#15185,#15186,#15187);
#15189=IFCDIRECTION((0.,0.,1.));
#15190=IFCEXTRUDEDAREASOLID(#15184,#15188,#15189,3.);
#15191=IFCSHAPEREPRESENTATION(#11,'Body','SweptSolid',(#15190));
#15192=IFCCARTESIANPOINTLIST2D(((0.,0.),(1.4021840095520179,0.)));
#15193=IFCINDEXEDPOLYCURVE(#15192,$,$);
#15194=IFCSHAPEREPRESENTATION(#23,'Axis','Curve2D',(#15193));
#15195=IFCCARTESIANPOINTLIST2D(((0.,0.),(0.10000004798135449,0.10000000149011612),(7.0267571400847642,0.10000000149011612),(7.126757134025091,0.)));
#15196=IFCINDEXEDPOLYCURVE(#15195,(IFCLINEINDEX((1,2,3,4,1))),$);
#15197=IFCARBITRARYCLOSEDPROFILEDEF(.AREA.,$,#15196);
#15198=IFCCARTESIANPOINT((0.,0.,0.));
#15199=IFCDIRECTION((0.,0.,1.));
#15200=IFCDIRECTION((1.,0.,0.));
#15201=IFCAXIS2PLACEMENT3D(#15198,#15199,#15200);
#15202=IFCDIRECTION((0.,0.,1.));
#15203=IFCEXTRUDEDAREASOLID(#15197,#15201,#15202,3.);
#15204=IFCSHAPEREPRESENTATION(#11,'Body','SweptSolid',(#15203));
#15205=IFCCARTESIANPOINTLIST2D(((0.,0.),(7.126757134025091,0.)));
#15206=IFCINDEXEDPOLYCURVE(#15205,$,$);
#15207=IFCSHAPEREPRESENTATION(#23,'Axis','Curve2D',(#15206));
#15208=IFCCARTESIANPOINTLIST2D(((0.,0.),(0.10000001778218619,0.10000000149011612),(2.2727020489375471,0.10000000149011612),(2.3727020309569467,0.)));
#15209=IFCINDEXEDPOLYCURVE(#15208,(IFCLINEINDEX((1,2,3,4,1))),$);
#15210=IFCARBITRARYCLOSEDPROFILEDEF(.AREA.,$,#15209);
#15211=IFCCARTESIANPOINT((0.,0.,0.));
#15212=IFCDIRECTION((0.,0.,1.));
#15213=IFCDIRECTION((1.,0.,0.));
#15214=IFCAXIS2PLACEMENT3D(#15211,#15212,#15213);
#15215=IFCDIRECTION((0.,0.,1.));
#15216=IFCEXTRUDEDAREASOLID(#15210,#15214,#15215,3.);
#15217=IFCSHAPEREPRESENTATION(#11,'Body','SweptSolid',(#15216));
#15218=IFCCARTESIANPOINTLIST2D(((0.,0.),(2.3727020309569467,0.)));
#15219=IFCINDEXEDPOLYCURVE(#15218,$,$);
#15220=IFCSHAPEREPRESENTATION(#23,'Axis','Curve2D',(#15219));
#15260=IFCCARTESIANPOINTLIST2D(((0.,0.),(-0.10000012507061773,0.10000000149011612),(2.4000010670241871,0.10000000149011612),(2.5000011920948046,0.)));
#15261=IFCINDEXEDPOLYCURVE(#15260,(IFCLINEINDEX((1,2,3,4,1))),$);
#15262=IFCARBITRARYCLOSEDPROFILEDEF(.AREA.,$,#15261);
#15263=IFCCARTESIANPOINT((0.,0.,0.));
#15264=IFCDIRECTION((0.,0.,1.));
#15265=IFCDIRECTION((1.,0.,0.));
#15266=IFCAXIS2PLACEMENT3D(#15263,#15264,#15265);
#15267=IFCDIRECTION((0.,0.,1.));
#15268=IFCEXTRUDEDAREASOLID(#15262,#15266,#15267,3.);
#15269=IFCSHAPEREPRESENTATION(#11,'Body','SweptSolid',(#15268));
#15270=IFCCARTESIANPOINTLIST2D(((0.,0.),(2.5000011920948046,0.)));
#15271=IFCINDEXEDPOLYCURVE(#15270,$,$);
#15272=IFCSHAPEREPRESENTATION(#23,'Axis','Curve2D',(#15271));
#15325=IFCCARTESIANPOINTLIST2D(((0.,0.),(-1.0728440873458148E-08,0.10000000149011612),(2.3000002654747753,0.10000000149011612),(2.3000002460040565,0.)));
#15326=IFCINDEXEDPOLYCURVE(#15325,(IFCLINEINDEX((1,2,3,4,1))),$);
#15327=IFCARBITRARYCLOSEDPROFILEDEF(.AREA.,$,#15326);
#15328=IFCCARTESIANPOINT((0.,0.,0.));
#15329=IFCDIRECTION((0.,0.,1.));
#15330=IFCDIRECTION((1.,0.,0.));
#15331=IFCAXIS2PLACEMENT3D(#15328,#15329,#15330);
#15332=IFCDIRECTION((0.,0.,1.));
#15333=IFCEXTRUDEDAREASOLID(#15327,#15331,#15332,3.);
#15334=IFCSHAPEREPRESENTATION(#11,'Body','SweptSolid',(#15333));
#15335=IFCCARTESIANPOINTLIST2D(((0.,0.),(2.4000002474941748,0.)));
#15336=IFCINDEXEDPOLYCURVE(#15335,$,$);
#15337=IFCSHAPEREPRESENTATION(#23,'Axis','Curve2D',(#15336));
#15338=IFCCARTESIANPOINTLIST2D(((0.,0.),(0.10000001778218548,0.10000000149011612),(1.6727033952315904,0.10000000149011612),(1.5727033536075392,0.)));
#15339=IFCINDEXEDPOLYCURVE(#15338,(IFCLINEINDEX((1,2,3,4,1))),$);
#15340=IFCARBITRARYCLOSEDPROFILEDEF(.AREA.,$,#15339);
#15341=IFCCARTESIANPOINT((0.,0.,0.));
#15342=IFCDIRECTION((0.,0.,1.));
#15343=IFCDIRECTION((1.,0.,0.));
#15344=IFCAXIS2PLACEMENT3D(#15341,#15342,#15343);
#15345=IFCDIRECTION((0.,0.,1.));
#15346=IFCEXTRUDEDAREASOLID(#15340,#15344,#15345,3.);
#15347=IFCSHAPEREPRESENTATION(#11,'Body','SweptSolid',(#15346));
#15348=IFCCARTESIANPOINTLIST2D(((0.,0.),(1.5727033536075392,0.)));
#15349=IFCINDEXEDPOLYCURVE(#15348,$,$);
#15350=IFCSHAPEREPRESENTATION(#23,'Axis','Curve2D',(#15349));
#15383=IFCRELCONTAINEDINSPATIALSTRUCTURE('2ddVRObyX6fx_H2LrN3OLT',$,$,$,(#15511,#25816),#13968);
#15425=IFCROOFTYPE('2uTGHMaib0lgNvAPV5ExPU',$,'Roof',$,$,(#15426),(#15455,#26300),$,$,.HIP_ROOF.);
#15426=IFCPROPERTYSET('3GIba$itX2$QqVbvRXZxaM',$,'BBIM_Roof',$,(#15427));
#15427=IFCPROPERTYSINGLEVALUE('Data',$,IFCTEXT('{"roof_type": "HIP/GABLE ROOF", "generation_method": "ANGLE", "roof_thickness": 0.10000000149011612, "rafter_edge_angle": 1.5707963705062866, "angle": 0.1745329201221466, "percentage": 17.63269805908203, "path_data": {"edges": [[0, 1], [1, 2], [2, 3], [3, 0]], "verts": [[-5.0, -5.0, 0.0], [-5.0, 5.0, 0.0], [5.0, 5.0, 0.0], [5.0, -5.0, 0.0]]}}'),$);
#15451=IFCCARTESIANPOINT((0.,0.,0.));
#15452=IFCDIRECTION((1.,0.,0.));
#15453=IFCDIRECTION((0.,0.,1.));
#15454=IFCAXIS2PLACEMENT3D(#15451,#15453,#15452);
#15455=IFCREPRESENTATIONMAP(#15454,#26291);
#15511=IFCSLAB('1GkOP6rSH3Pu_xmBKZw0s0',$,'Slab',$,$,#21598,#15525,$,$);
#15512=IFCMATERIALLAYERSETUSAGE(#1667,.AXIS3.,.POSITIVE.,-0.10000000149011612,$);
#15513=IFCRELASSOCIATESMATERIAL('0kUXfz9dnA3QYzJ6$g9OTu',$,$,$,(#15511),#15512);
#15519=IFCCARTESIANPOINTLIST2D(((0.,0.),(-3.9454054832458496,4.76837158203125E-07),(-3.9454057216644287,-0.99594688415527344),(-7.4909019470214844,-0.99594545364379883),(-7.4909005165100098,-8.1227025985717773),(-3.9454071521759033,-8.1227025985717773),(-3.9454071521759033,-8.7181529998779297),(-2.3727037906646729,-8.7181529998779297),(-2.372704029083252,-9.6181526184082031),(-1.9073486328125E-06,-9.6181526184082031),(0.,0.)));
#15520=IFCINDEXEDPOLYCURVE(#15519,$,$);
#15521=IFCDIRECTION((0.,0.,1.));
#15522=IFCARBITRARYCLOSEDPROFILEDEF(.AREA.,$,#15520);
#15523=IFCEXTRUDEDAREASOLID(#15522,#15532,#15521,0.10000000000000001);
#15524=IFCSHAPEREPRESENTATION(#11,'Body','SweptSolid',(#15523));
#15525=IFCPRODUCTDEFINITIONSHAPE($,$,(#15524));
#15526=IFCPROPERTYSET('1lJPL6BBX5MP7yaLV9rr7Z',$,'EPset_Parametric',$,(#15528));
#15527=IFCRELDEFINESBYPROPERTIES('3A5foLKgX6Kfg4I1m249C3',$,$,$,(#15511),#15526);
#15528=IFCPROPERTYSINGLEVALUE('Engine',$,IFCLABEL('Bonsai.DumbLayer3'),$);
#15529=IFCCARTESIANPOINT((-0.,-0.,-0.10000000149011612));
#15530=IFCDIRECTION((0.,0.,1.));
#15531=IFCDIRECTION((1.,0.,0.));
#15532=IFCAXIS2PLACEMENT3D(#15529,#15530,#15531);
#15533=IFCDOORTYPE('2F56RyJ0n4YQspccySJ4Fh',$,'Master''s-2-2F',$,$,(#15534),(#15536,#15544,#15613),$,$,.DOOR.,.SINGLE_SWING_LEFT.,$,$);
#15534=IFCPROPERTYSET('2BR6MhoSf2Jg1Dz_Hn_quW',$,'BBIM_Door',$,(#15535));
#15535=IFCPROPERTYSINGLEVALUE('Data',$,IFCTEXT('{"door_type": "DOUBLE_SWING_RIGHT", "overall_height": 2.0, "overall_width": 1.9728127717971802, "lining_properties": {"lining_depth": 0.05000000074505806, "lining_thickness": 0.05000000074505806, "lining_offset": 0.0, "lining_to_panel_offset_x": 0.02500000037252903, "lining_to_panel_offset_y": 0.02500000037252903, "transom_thickness": 0.0, "casing_thickness": 0.07500000298023224, "casing_depth": 0.004999999888241291, "threshold_thickness": 0.02500000037252903, "threshold_depth": 0.10000000149011612, "threshold_offset": 0.0}, "panel_properties": {"panel_depth": 0.03500000014901161, "panel_width_ratio": 1.0}}'),$);
#15536=IFCREPRESENTATIONMAP(#15537,#18019);
#15537=IFCAXIS2PLACEMENT3D(#15538,#15539,#15540);
#15538=IFCCARTESIANPOINT((0.,0.,0.));
#15539=IFCDIRECTION((0.,0.,1.));
#15540=IFCDIRECTION((1.,0.,0.));
#15544=IFCREPRESENTATIONMAP(#15545,#18083);
#15545=IFCAXIS2PLACEMENT3D(#15546,#15547,#15548);
#15546=IFCCARTESIANPOINT((0.,0.,0.));
#15547=IFCDIRECTION((0.,0.,1.));
#15548=IFCDIRECTION((1.,0.,0.));
#15613=IFCREPRESENTATIONMAP(#15614,#18099);
#15614=IFCAXIS2PLACEMENT3D(#15615,#15616,#15617);
#15615=IFCCARTESIANPOINT((0.,0.,0.));
#15616=IFCDIRECTION((0.,0.,1.));
#15617=IFCDIRECTION((1.,0.,0.));
#15635=IFCDOOR('1twECYsCH9n9yMuP_W8OaU',$,'Door',$,$,#18124,#15644,$,2.,1.9728127717971802,$,.DOUBLE_SWING_RIGHT.,$);
#15636=IFCRELDEFINESBYTYPE('2PdRUbMef3zRhDE4Sbes7f',$,$,$,(#15635),#15533);
#15637=IFCCARTESIANPOINT((0.,0.,0.));
#15638=IFCDIRECTION((1.,0.,0.));
#15639=IFCDIRECTION((0.,1.,0.));
#15640=IFCDIRECTION((0.,0.,1.));
#15641=IFCCARTESIANTRANSFORMATIONOPERATOR3D(#15638,#15639,#15637,1.,#15640);
#15642=IFCMAPPEDITEM(#15536,#15641);
#15643=IFCSHAPEREPRESENTATION(#18,'Profile','MappedRepresentation',(#15642));
#15644=IFCPRODUCTDEFINITIONSHAPE($,$,(#15643,#15651,#15658));
#15645=IFCCARTESIANPOINT((0.,0.,0.));
#15646=IFCDIRECTION((1.,0.,0.));
#15647=IFCDIRECTION((0.,1.,0.));
#15648=IFCDIRECTION((0.,0.,1.));
#15649=IFCCARTESIANTRANSFORMATIONOPERATOR3D(#15646,#15647,#15645,1.,#15648);
#15650=IFCMAPPEDITEM(#15544,#15649);
#15651=IFCSHAPEREPRESENTATION(#11,'Body','MappedRepresentation',(#15650));
#15652=IFCCARTESIANPOINT((0.,0.,0.));
#15653=IFCDIRECTION((1.,0.,0.));
#15654=IFCDIRECTION((0.,1.,0.));
#15655=IFCDIRECTION((0.,0.,1.));
#15656=IFCCARTESIANTRANSFORMATIONOPERATOR3D(#15653,#15654,#15652,1.,#15655);
#15657=IFCMAPPEDITEM(#15613,#15656);
#15658=IFCSHAPEREPRESENTATION(#24,'Body','MappedRepresentation',(#15657));
#15666=IFCOPENINGELEMENT('2H_VVRf1X30ur2OebSuZRt',$,'Opening',$,$,#18119,#15694,$,.OPENING.);
#15682=IFCCARTESIANPOINT((0.,0.,0.));
#15683=IFCDIRECTION((1.,0.,0.));
#15684=IFCDIRECTION((0.,0.,1.));
#15685=IFCAXIS2PLACEMENT3D(#15682,#15684,#15683);
#15686=IFCREPRESENTATIONMAP(#15685,#18109);
#15687=IFCCARTESIANPOINT((0.,0.,0.));
#15688=IFCDIRECTION((1.,0.,0.));
#15689=IFCDIRECTION((0.,1.,0.));
#15690=IFCDIRECTION((0.,0.,1.));
#15691=IFCCARTESIANTRANSFORMATIONOPERATOR3D(#15688,#15689,#15687,1.,#15690);
#15692=IFCMAPPEDITEM(#15686,#15691);
#15693=IFCSHAPEREPRESENTATION(#11,'Body','MappedRepresentation',(#15692));
#15694=IFCPRODUCTDEFINITIONSHAPE($,$,(#15693));
#15695=IFCRELVOIDSELEMENT('2jXF2u9Mr7hQy$SlScgpy6',$,$,$,#8921,#15666);
#15701=IFCRELFILLSELEMENT('3aTtkBYwT3Qx6LHZY8dGT6',$,$,$,#15666,#15635);
#15710=IFCCARTESIANPOINTLIST2D(((0.,0.),(0.,2.),(1.9728127717971802,2.),(1.9728127717971802,0.),(1.9228127710521221,0.),(1.9228127710521221,1.9499999992549419),(0.05000000074505806,1.9499999992549419),(0.05000000074505806,0.)));
#15711=IFCINDEXEDPOLYCURVE(#15710,(IFCLINEINDEX((1,2,3,4,5,6,7,8,1))),$);
#15712=IFCARBITRARYCLOSEDPROFILEDEF(.AREA.,$,#15711);
#15713=IFCCARTESIANPOINT((0.,0.,0.));
#15714=IFCDIRECTION((0.,-1.,0.));
#15715=IFCDIRECTION((1.,0.,0.));
#15716=IFCAXIS2PLACEMENT3D(#15713,#15714,#15715);
#15717=IFCDIRECTION((0.,0.,-1.));
#15718=IFCEXTRUDEDAREASOLID(#15712,#15716,#15717,0.05000000074505806);
#15719=IFCCARTESIANPOINTLIST2D(((0.,0.),(1.8728127703070641,0.),(1.8728127703070641,0.10000000149011612),(0.,0.10000000149011612)));
#15720=IFCINDEXEDPOLYCURVE(#15719,(IFCLINEINDEX((1,2,3,4,1))),$);
#15721=IFCARBITRARYCLOSEDPROFILEDEF(.AREA.,$,#15720);
#15722=IFCCARTESIANPOINT((0.05000000074505806,0.,0.));
#15723=IFCDIRECTION((0.,0.,1.));
#15724=IFCDIRECTION((1.,0.,0.));
#15725=IFCAXIS2PLACEMENT3D(#15722,#15723,#15724);
#15726=IFCDIRECTION((0.,0.,1.));
#15727=IFCEXTRUDEDAREASOLID(#15721,#15725,#15726,0.02500000037252903);
#15728=IFCCARTESIANPOINTLIST2D(((0.,0.),(0.,2.0250000022351742),(2.0228127762675285,2.0250000022351742),(2.0228127762675285,0.),(1.9478127732872963,0.),(1.9478127732872963,1.9499999992549419),(0.075000002980232239,1.9499999992549419),(0.075000002980232239,0.)));
#15729=IFCINDEXEDPOLYCURVE(#15728,(IFCLINEINDEX((1,2,3,4,5,6,7,8,1))),$);
#15730=IFCARBITRARYCLOSEDPROFILEDEF(.AREA.,$,#15729);
#15731=IFCCARTESIANPOINT((-0.025000002235174179,-0.004999999888241291,0.));
#15732=IFCDIRECTION((0.,-1.,0.));
#15733=IFCDIRECTION((1.,0.,0.));
#15734=IFCAXIS2PLACEMENT3D(#15731,#15732,#15733);
#15735=IFCDIRECTION((0.,0.,-1.));
#15736=IFCEXTRUDEDAREASOLID(#15730,#15734,#15735,0.004999999888241291);
#15737=IFCCARTESIANPOINTLIST2D(((0.,0.),(0.,2.0250000022351742),(2.0228127762675285,2.0250000022351742),(2.0228127762675285,0.),(1.9478127732872963,0.),(1.9478127732872963,1.9499999992549419),(0.075000002980232239,1.9499999992549419),(0.075000002980232239,0.)));
#15738=IFCINDEXEDPOLYCURVE(#15737,(IFCLINEINDEX((1,2,3,4,5,6,7,8,1))),$);
#15739=IFCARBITRARYCLOSEDPROFILEDEF(.AREA.,$,#15738);
#15740=IFCCARTESIANPOINT((-0.025000002235174179,0.05000000074505806,0.));
#15741=IFCDIRECTION((0.,-1.,0.));
#15742=IFCDIRECTION((1.,0.,0.));
#15743=IFCAXIS2PLACEMENT3D(#15740,#15741,#15742);
#15744=IFCDIRECTION((0.,0.,-1.));
#15745=IFCEXTRUDEDAREASOLID(#15739,#15743,#15744,0.004999999888241291);
#15746=IFCCARTESIANPOINTLIST2D(((0.,0.),(1.8728127703070641,0.),(1.8728127703070641,0.035000000149011612),(0.,0.035000000149011612)));
#15747=IFCINDEXEDPOLYCURVE(#15746,(IFCLINEINDEX((1,2,3,4,1))),$);
#15748=IFCARBITRARYCLOSEDPROFILEDEF(.AREA.,$,#15747);
#15749=IFCCARTESIANPOINT((0.05000000074505806,-0.035000000149011612,0.02500000037252903));
#15750=IFCDIRECTION((0.,0.,1.));
#15751=IFCDIRECTION((1.,0.,0.));
#15752=IFCAXIS2PLACEMENT3D(#15749,#15750,#15751);
#15753=IFCDIRECTION((0.,0.,1.));
#15754=IFCEXTRUDEDAREASOLID(#15748,#15752,#15753,1.9249999988824129);
#15755=IFCCARTESIANPOINTLIST2D(((0.,0.),(0.,-0.040000000000000008),(-0.11999999999999988,-0.040000000000000008),(-0.11999999999999988,-0.020000000000000004),(-0.020000000000000018,-0.020000000000000004),(-0.020000000000000018,0.)));
#15756=IFCINDEXEDPOLYCURVE(#15755,(IFCLINEINDEX((1,2,3,4,5,6,1))),$);
#15757=IFCARBITRARYCLOSEDPROFILEDEF(.AREA.,$,#15756);
#15758=IFCCARTESIANPOINT((1.8728127710521221,-0.035000000149011612,1.015000000372529));
#15759=IFCDIRECTION((0.,0.,1.));
#15760=IFCDIRECTION((1.,0.,0.));
#15761=IFCAXIS2PLACEMENT3D(#15758,#15759,#15760);
#15762=IFCDIRECTION((0.,0.,1.));
#15763=IFCEXTRUDEDAREASOLID(#15757,#15761,#15762,0.02);
#15764=IFCEXTRUDEDAREASOLID(#15765,#15768,#15772,0.02);
#15765=IFCARBITRARYCLOSEDPROFILEDEF(.AREA.,$,#15766);
#15766=IFCINDEXEDPOLYCURVE(#15767,(IFCLINEINDEX((1,2,3,4,5,6,1))),$);
#15767=IFCCARTESIANPOINTLIST2D(((0.,0.),(0.,0.040000000000000008),(-0.11999999999999988,0.040000000000000008),(-0.11999999999999988,0.020000000000000004),(-0.020000000000000018,0.020000000000000004),(-0.020000000000000018,0.)));
#15768=IFCAXIS2PLACEMENT3D(#15769,#15770,#15771);
#15769=IFCCARTESIANPOINT((1.8728127710521221,0.,1.015000000372529));
#15770=IFCDIRECTION((0.,0.,1.));
#15771=IFCDIRECTION((1.,0.,0.));
#15772=IFCDIRECTION((0.,0.,1.));
#15774=IFCSHAPEREPRESENTATION(#11,'Body','SweptSolid',(#17424,#15736,#15910,#15901,#17519,#17676,#17555,#17917,#17415,#17667,#17546,#15727,#17908,#17658,#18028,#17537,#15718,#17649,#17528,#18046,#17406,#18037,#17899,#17397,#18055,#17890,#17388,#15928,#15745,#15919));
#15775=IFCSHAPEASPECT((#15774),'Lining',$,.T.,#15644);
#15776=IFCSHAPEREPRESENTATION(#11,'Body','SweptSolid',(#15946,#17685,#17564,#17936,#15947,#18073,#15937,#17926,#15763,#15754,#18074,#18064,#17935,#17694,#15764,#17695,#17573,#17443,#17574,#17433,#17442));
#15777=IFCSHAPEASPECT((#15776),'Framing',$,.T.,#15644);
#15893=IFCCARTESIANPOINTLIST2D(((0.,0.),(0.,2.),(1.9728127717971802,2.),(1.9728127717971802,0.),(1.9228127710521221,0.),(1.9228127710521221,1.9499999992549419),(0.05000000074505806,1.9499999992549419),(0.05000000074505806,0.)));
#15894=IFCINDEXEDPOLYCURVE(#15893,(IFCLINEINDEX((1,2,3,4,5,6,7,8,1))),$);
#15895=IFCARBITRARYCLOSEDPROFILEDEF(.AREA.,$,#15894);
#15896=IFCCARTESIANPOINT((0.,0.,0.));
#15897=IFCDIRECTION((0.,-1.,0.));
#15898=IFCDIRECTION((1.,0.,0.));
#15899=IFCAXIS2PLACEMENT3D(#15896,#15897,#15898);
#15900=IFCDIRECTION((0.,0.,-1.));
#15901=IFCEXTRUDEDAREASOLID(#15895,#15899,#15900,0.05000000074505806);
#15902=IFCCARTESIANPOINTLIST2D(((0.,0.),(1.8728127703070641,0.),(1.8728127703070641,0.10000000149011612),(0.,0.10000000149011612)));
#15903=IFCINDEXEDPOLYCURVE(#15902,(IFCLINEINDEX((1,2,3,4,1))),$);
#15904=IFCARBITRARYCLOSEDPROFILEDEF(.AREA.,$,#15903);
#15905=IFCCARTESIANPOINT((0.05000000074505806,0.,0.));
#15906=IFCDIRECTION((0.,0.,1.));
#15907=IFCDIRECTION((1.,0.,0.));
#15908=IFCAXIS2PLACEMENT3D(#15905,#15906,#15907);
#15909=IFCDIRECTION((0.,0.,1.));
#15910=IFCEXTRUDEDAREASOLID(#15904,#15908,#15909,0.02500000037252903);
#15911=IFCCARTESIANPOINTLIST2D(((0.,0.),(0.,2.0250000022351742),(2.0228127762675285,2.0250000022351742),(2.0228127762675285,0.),(1.9478127732872963,0.),(1.9478127732872963,1.9499999992549419),(0.075000002980232239,1.9499999992549419),(0.075000002980232239,0.)));
#15912=IFCINDEXEDPOLYCURVE(#15911,(IFCLINEINDEX((1,2,3,4,5,6,7,8,1))),$);
#15913=IFCARBITRARYCLOSEDPROFILEDEF(.AREA.,$,#15912);
#15914=IFCCARTESIANPOINT((-0.025000002235174179,-0.004999999888241291,0.));
#15915=IFCDIRECTION((0.,-1.,0.));
#15916=IFCDIRECTION((1.,0.,0.));
#15917=IFCAXIS2PLACEMENT3D(#15914,#15915,#15916);
#15918=IFCDIRECTION((0.,0.,-1.));
#15919=IFCEXTRUDEDAREASOLID(#15913,#15917,#15918,0.004999999888241291);
#15920=IFCCARTESIANPOINTLIST2D(((0.,0.),(0.,2.0250000022351742),(2.0228127762675285,2.0250000022351742),(2.0228127762675285,0.),(1.9478127732872963,0.),(1.9478127732872963,1.9499999992549419),(0.075000002980232239,1.9499999992549419),(0.075000002980232239,0.)));
#15921=IFCINDEXEDPOLYCURVE(#15920,(IFCLINEINDEX((1,2,3,4,5,6,7,8,1))),$);
#15922=IFCARBITRARYCLOSEDPROFILEDEF(.AREA.,$,#15921);
#15923=IFCCARTESIANPOINT((-0.025000002235174179,0.05000000074505806,0.));
#15924=IFCDIRECTION((0.,-1.,0.));
#15925=IFCDIRECTION((1.,0.,0.));
#15926=IFCAXIS2PLACEMENT3D(#15923,#15924,#15925);
#15927=IFCDIRECTION((0.,0.,-1.));
#15928=IFCEXTRUDEDAREASOLID(#15922,#15926,#15927,0.004999999888241291);
#15929=IFCCARTESIANPOINTLIST2D(((0.,0.),(1.8728127703070641,0.),(1.8728127703070641,0.035000000149011612),(0.,0.035000000149011612)));
#15930=IFCINDEXEDPOLYCURVE(#15929,(IFCLINEINDEX((1,2,3,4,1))),$);
#15931=IFCARBITRARYCLOSEDPROFILEDEF(.AREA.,$,#15930);
#15932=IFCCARTESIANPOINT((0.05000000074505806,-0.035000000149011612,0.02500000037252903));
#15933=IFCDIRECTION((0.,0.,1.));
#15934=IFCDIRECTION((1.,0.,0.));
#15935=IFCAXIS2PLACEMENT3D(#15932,#15933,#15934);
#15936=IFCDIRECTION((0.,0.,1.));
#15937=IFCEXTRUDEDAREASOLID(#15931,#15935,#15936,1.9249999988824129);
#15938=IFCCARTESIANPOINTLIST2D(((0.,0.),(0.,-0.040000000000000001),(0.12,-0.040000000000000001),(0.12,-0.02),(0.02,-0.02),(0.02,0.)));
#15939=IFCINDEXEDPOLYCURVE(#15938,(IFCLINEINDEX((1,2,3,4,5,6,1))),$);
#15940=IFCARBITRARYCLOSEDPROFILEDEF(.AREA.,$,#15939);
#15941=IFCCARTESIANPOINT((0.10000000074505806,-0.035000000149011612,1.015000000372529));
#15942=IFCDIRECTION((0.,0.,1.));
#15943=IFCDIRECTION((1.,0.,0.));
#15944=IFCAXIS2PLACEMENT3D(#15941,#15942,#15943);
#15945=IFCDIRECTION((0.,0.,1.));
#15946=IFCEXTRUDEDAREASOLID(#15940,#15944,#15945,0.02);
#15947=IFCEXTRUDEDAREASOLID(#15948,#15951,#15955,0.02);
#15948=IFCARBITRARYCLOSEDPROFILEDEF(.AREA.,$,#15949);
#15949=IFCINDEXEDPOLYCURVE(#15950,(IFCLINEINDEX((1,2,3,4,5,6,1))),$);
#15950=IFCCARTESIANPOINTLIST2D(((0.,0.),(0.,0.040000000000000008),(0.11999999999999998,0.040000000000000008),(0.11999999999999998,0.020000000000000004),(0.020000000000000004,0.020000000000000004),(0.020000000000000004,0.)));
#15951=IFCAXIS2PLACEMENT3D(#15952,#15953,#15954);
#15952=IFCCARTESIANPOINT((0.10000000074505806,0.,1.015000000372529));
#15953=IFCDIRECTION((0.,0.,1.));
#15954=IFCDIRECTION((1.,0.,0.));
#15955=IFCDIRECTION((0.,0.,1.));
#15994=IFCCARTESIANPOINTLIST3D(((0.,0.,0.),(0.89103567600250244,0.,0.),(0.89103567600250244,0.,2.),(0.,0.,2.)));
#15995=IFCINDEXEDPOLYCURVE(#15994,(IFCLINEINDEX((1,2,3,4,1))),$);
#15996=IFCSHAPEREPRESENTATION(#18,'Profile','Curve3D',(#15995));
#15997=IFCCARTESIANPOINTLIST2D(((0.,0.),(0.,2.),(0.89103567600250244,2.),(0.89103567600250244,0.),(0.86603567562997341,0.),(0.86603567562997341,1.974999999627471),(0.02500000037252903,1.974999999627471),(0.02500000037252903,0.)));
#15998=IFCINDEXEDPOLYCURVE(#15997,(IFCLINEINDEX((1,2,3,4,5,6,7,8,1))),$);
#15999=IFCARBITRARYCLOSEDPROFILEDEF(.AREA.,$,#15998);
#16000=IFCCARTESIANPOINT((0.,0.02500000037252903,0.));
#16001=IFCDIRECTION((0.,-1.,0.));
#16002=IFCDIRECTION((1.,0.,0.));
#16003=IFCAXIS2PLACEMENT3D(#16000,#16001,#16002);
#16004=IFCDIRECTION((0.,0.,-1.));
#16005=IFCEXTRUDEDAREASOLID(#15999,#16003,#16004,0.02500000037252903);
#16006=IFCCARTESIANPOINTLIST2D(((0.,0.),(0.,2.),(0.89103567600250244,2.),(0.89103567600250244,0.),(0.84103567525744438,0.),(0.84103567525744438,1.9499999992549419),(0.05000000074505806,1.9499999992549419),(0.05000000074505806,0.)));
#16007=IFCINDEXEDPOLYCURVE(#16006,(IFCLINEINDEX((1,2,3,4,5,6,7,8,1))),$);
#16008=IFCARBITRARYCLOSEDPROFILEDEF(.AREA.,$,#16007);
#16009=IFCCARTESIANPOINT((0.,0.,0.));
#16010=IFCDIRECTION((0.,-1.,0.));
#16011=IFCDIRECTION((1.,0.,0.));
#16012=IFCAXIS2PLACEMENT3D(#16009,#16010,#16011);
#16013=IFCDIRECTION((0.,0.,-1.));
#16014=IFCEXTRUDEDAREASOLID(#16008,#16012,#16013,0.02500000037252903);
#16015=IFCCARTESIANPOINTLIST2D(((0.,0.),(0.79103567451238632,0.),(0.79103567451238632,0.10000000149011612),(0.,0.10000000149011612)));
#16016=IFCINDEXEDPOLYCURVE(#16015,(IFCLINEINDEX((1,2,3,4,1))),$);
#16017=IFCARBITRARYCLOSEDPROFILEDEF(.AREA.,$,#16016);
#16018=IFCCARTESIANPOINT((0.05000000074505806,0.,0.));
#16019=IFCDIRECTION((0.,0.,1.));
#16020=IFCDIRECTION((1.,0.,0.));
#16021=IFCAXIS2PLACEMENT3D(#16018,#16019,#16020);
#16022=IFCDIRECTION((0.,0.,1.));
#16023=IFCEXTRUDEDAREASOLID(#16017,#16021,#16022,0.02500000037252903);
#16024=IFCCARTESIANPOINTLIST2D(((0.,0.),(0.,2.0250000022351742),(0.9410356804728508,2.0250000022351742),(0.9410356804728508,0.),(0.86603567749261856,0.),(0.86603567749261856,1.9499999992549419),(0.075000002980232239,1.9499999992549419),(0.075000002980232239,0.)));
#16025=IFCINDEXEDPOLYCURVE(#16024,(IFCLINEINDEX((1,2,3,4,5,6,7,8,1))),$);
#16026=IFCARBITRARYCLOSEDPROFILEDEF(.AREA.,$,#16025);
#16027=IFCCARTESIANPOINT((-0.025000002235174179,-0.004999999888241291,0.));
#16028=IFCDIRECTION((0.,-1.,0.));
#16029=IFCDIRECTION((1.,0.,0.));
#16030=IFCAXIS2PLACEMENT3D(#16027,#16028,#16029);
#16031=IFCDIRECTION((0.,0.,-1.));
#16032=IFCEXTRUDEDAREASOLID(#16026,#16030,#16031,0.004999999888241291);
#16033=IFCCARTESIANPOINTLIST2D(((0.,0.),(0.,2.0250000022351742),(0.9410356804728508,2.0250000022351742),(0.9410356804728508,0.),(0.89103567786514759,0.),(0.89103567786514759,1.974999999627471),(0.050000002607703209,1.974999999627471),(0.050000002607703209,0.)));
#16034=IFCINDEXEDPOLYCURVE(#16033,(IFCLINEINDEX((1,2,3,4,5,6,7,8,1))),$);
#16035=IFCARBITRARYCLOSEDPROFILEDEF(.AREA.,$,#16034);
#16036=IFCCARTESIANPOINT((-0.025000002235174179,0.05000000074505806,0.));
#16037=IFCDIRECTION((0.,-1.,0.));
#16038=IFCDIRECTION((1.,0.,0.));
#16039=IFCAXIS2PLACEMENT3D(#16036,#16037,#16038);
#16040=IFCDIRECTION((0.,0.,-1.));
#16041=IFCEXTRUDEDAREASOLID(#16035,#16039,#16040,0.004999999888241291);
#16042=IFCCARTESIANPOINTLIST2D(((0.,0.),(0.84103567525744438,0.),(0.84103567525744438,0.035000000149011612),(0.,0.035000000149011612)));
#16043=IFCINDEXEDPOLYCURVE(#16042,(IFCLINEINDEX((1,2,3,4,1))),$);
#16044=IFCARBITRARYCLOSEDPROFILEDEF(.AREA.,$,#16043);
#16045=IFCCARTESIANPOINT((0.02500000037252903,0.02500000037252903,0.02500000037252903));
#16046=IFCDIRECTION((0.,0.,1.));
#16047=IFCDIRECTION((1.,0.,0.));
#16048=IFCAXIS2PLACEMENT3D(#16045,#16046,#16047);
#16049=IFCDIRECTION((0.,0.,1.));
#16050=IFCEXTRUDEDAREASOLID(#16044,#16048,#16049,1.9499999992549419);
#16051=IFCCARTESIANPOINTLIST2D(((0.,0.),(0.,-0.040000000000000001),(-0.11999999999999988,-0.040000000000000001),(-0.11999999999999988,-0.02),(-0.020000000000000018,-0.02),(-0.020000000000000018,0.)));
#16052=IFCINDEXEDPOLYCURVE(#16051,(IFCLINEINDEX((1,2,3,4,5,6,1))),$);
#16053=IFCARBITRARYCLOSEDPROFILEDEF(.AREA.,$,#16052);
#16054=IFCCARTESIANPOINT((0.81603567562997337,0.02500000037252903,1.015000000372529));
#16055=IFCDIRECTION((0.,0.,1.));
#16056=IFCDIRECTION((1.,0.,0.));
#16057=IFCAXIS2PLACEMENT3D(#16054,#16055,#16056);
#16058=IFCDIRECTION((0.,0.,1.));
#16059=IFCEXTRUDEDAREASOLID(#16053,#16057,#16058,0.02);
#16060=IFCEXTRUDEDAREASOLID(#16061,#16064,#16068,0.02);
#16061=IFCARBITRARYCLOSEDPROFILEDEF(.AREA.,$,#16062);
#16062=IFCINDEXEDPOLYCURVE(#16063,(IFCLINEINDEX((1,2,3,4,5,6,1))),$);
#16063=IFCCARTESIANPOINTLIST2D(((0.,0.),(0.,0.040000000000000008),(-0.11999999999999988,0.040000000000000008),(-0.11999999999999988,0.020000000000000004),(-0.020000000000000018,0.020000000000000004),(-0.020000000000000018,0.)));
#16064=IFCAXIS2PLACEMENT3D(#16065,#16066,#16067);
#16065=IFCCARTESIANPOINT((0.81603567562997337,0.060000000521540642,1.015000000372529));
#16066=IFCDIRECTION((0.,0.,1.));
#16067=IFCDIRECTION((1.,0.,0.));
#16068=IFCDIRECTION((0.,0.,1.));
#16069=IFCSHAPEREPRESENTATION(#11,'Body','SweptSolid',(#16005,#16014,#16050,#16059,#16060,#16023,#16032,#16041));
#16070=IFCCARTESIANPOINTLIST2D(((0.,0.),(0.,0.05000000074505806),(0.02500000037252903,0.05000000074505806),(0.02500000037252903,0.02500000037252903),(0.05000000074505806,0.02500000037252903),(0.05000000074505806,0.)));
#16071=IFCINDEXEDPOLYCURVE(#16070,(IFCLINEINDEX((1,2,3,4,5,6,1))),$);
#16072=IFCINDEXEDPOLYCURVE(#16073,(IFCLINEINDEX((1,2,3,4,5,6,1))),$);
#16073=IFCCARTESIANPOINTLIST2D(((0.89103567600250244,0.),(0.89103567600250244,0.05000000074505806),(0.86603567562997341,0.05000000074505806),(0.86603567562997341,0.02500000037252903),(0.84103567525744438,0.02500000037252903),(0.84103567525744438,0.)));
#16074=IFCDIRECTION((1.,0.));
#16075=IFCCARTESIANPOINT((0.060000000521540642,0.05000000074505806));
#16076=IFCAXIS2PLACEMENT2D(#16075,#16074);
#16077=IFCELLIPSE(#16076,0.80603567510843277,0.84103567525744438);
#16078=IFCCARTESIANPOINT((0.86603567562997341,0.05000000074505806));
#16079=IFCCARTESIANPOINT((0.060000000521540642,0.89103567600250244));
#16080=IFCTRIMMEDCURVE(#16077,(#16078),(#16079),.T.,.CARTESIAN.);
#16081=IFCCARTESIANPOINTLIST2D(((0.02500000037252903,0.05000000074505806),(0.060000000521540642,0.05000000074505806),(0.060000000521540642,0.89103567600250244),(0.02500000037252903,0.89103567600250244)));
#16082=IFCINDEXEDPOLYCURVE(#16081,(IFCLINEINDEX((1,2,3,4,1))),$);
#16083=IFCSHAPEREPRESENTATION(#24,'Body','Curve2D',(#16071,#16072,#16080,#16082));
#16084=IFCCARTESIANPOINTLIST2D(((0.,0.),(0.89103567600250244,0.),(0.89103567600250244,2.),(0.,2.)));
#16085=IFCINDEXEDPOLYCURVE(#16084,(IFCLINEINDEX((1,2,3,4,1))),$);
#16086=IFCARBITRARYCLOSEDPROFILEDEF(.AREA.,$,#16085);
#16087=IFCCARTESIANPOINT((0.,-0.60000002384185791,0.));
#16088=IFCDIRECTION((0.,-1.,0.));
#16089=IFCDIRECTION((1.,0.,0.));
#16090=IFCAXIS2PLACEMENT3D(#16087,#16088,#16089);
#16091=IFCDIRECTION((0.,0.,-1.));
#16092=IFCEXTRUDEDAREASOLID(#16086,#16090,#16091,1.2);
#16093=IFCSHAPEREPRESENTATION(#11,'Body','SweptSolid',(#16092));
#16099=IFCCARTESIANPOINT((0.23332082273675309,0.0150002768480344,0.));
#16100=IFCDIRECTION((0.,0.,1.));
#16101=IFCDIRECTION((0.99999999999988631,-4.7683715820309789E-07,0.));
#16102=IFCAXIS2PLACEMENT3D(#16099,#16100,#16101);
#16103=IFCLOCALPLACEMENT(#21488,#16102);
#16104=IFCCARTESIANPOINT((1.1102230246251565E-16,0.,0.));
#16105=IFCDIRECTION((0.,0.,1.));
#16106=IFCDIRECTION((1.,0.,0.));
#16107=IFCAXIS2PLACEMENT3D(#16104,#16105,#16106);
#16108=IFCLOCALPLACEMENT(#16103,#16107);
#16139=IFCCARTESIANPOINTLIST3D(((0.,0.,0.),(1.2149475812911987,0.,0.),(1.2149475812911987,0.,0.89999997615814209),(0.,0.,0.89999997615814209)));
#16140=IFCINDEXEDPOLYCURVE(#16139,(IFCLINEINDEX((1,2,3,4,1))),$);
#16141=IFCSHAPEREPRESENTATION(#18,'Profile','Curve3D',(#16140));
#16142=IFCCARTESIANPOINTLIST2D(((0.,0.),(0.61760318279266357,0.),(0.61760318279266357,0.89999997615814209),(0.,0.89999997615814209)));
#16143=IFCINDEXEDPOLYCURVE(#16142,(IFCLINEINDEX((1,2,3,4,1))),$);
#16144=IFCCARTESIANPOINTLIST2D(((0.02500000037252903,0.02500000037252903),(0.6426031831651926,0.02500000037252903),(0.6426031831651926,0.87499997578561306),(0.02500000037252903,0.87499997578561306)));
#16145=IFCINDEXEDPOLYCURVE(#16144,(IFCLINEINDEX((1,2,3,4,1))),$);
#16146=IFCARBITRARYPROFILEDEFWITHVOIDS(.AREA.,$,#16143,(#16145));
#16147=IFCCARTESIANPOINT((0.,0.090000001713633537,0.));
#16148=IFCDIRECTION((0.,-1.,0.));
#16149=IFCDIRECTION((1.,0.,0.));
#16150=IFCAXIS2PLACEMENT3D(#16147,#16148,#16149);
#16151=IFCDIRECTION((0.,0.,-1.));
#16152=IFCEXTRUDEDAREASOLID(#16146,#16150,#16151,0.0099999997764825821);
#16153=IFCCARTESIANPOINTLIST2D(((0.61760318279266357,0.),(0.,0.),(0.,0.89999997615814209),(0.61760318279266357,0.89999997615814209),(0.61760318279266357,0.84999997541308403),(0.05000000074505806,0.84999997541308403),(0.05000000074505806,0.05000000074505806),(0.61760318279266357,0.05000000074505806)));
#16154=IFCINDEXEDPOLYCURVE(#16153,(IFCLINEINDEX((1,2,3,4,5,6,7,8,1))),$);
#16155=IFCARBITRARYCLOSEDPROFILEDEF(.AREA.,$,#16154);
#16156=IFCCARTESIANPOINT((0.,0.05000000074505806,0.));
#16157=IFCDIRECTION((0.,-1.,0.));
#16158=IFCDIRECTION((1.,0.,0.));
#16159=IFCAXIS2PLACEMENT3D(#16156,#16157,#16158);
#16160=IFCDIRECTION((0.,0.,-1.));
#16161=IFCEXTRUDEDAREASOLID(#16155,#16159,#16160,0.040000000968575478);
#16162=IFCCARTESIANPOINTLIST2D(((0.,0.),(0.61760318279266357,0.),(0.61760318279266357,0.84999997541308403),(0.,0.84999997541308403)));
#16163=IFCINDEXEDPOLYCURVE(#16162,(IFCLINEINDEX((1,2,3,4,1))),$);
#16164=IFCCARTESIANPOINTLIST2D(((0.035000000149011612,0.035000000149011612),(0.58260318264365196,0.035000000149011612),(0.58260318264365196,0.81499997526407242),(0.035000000149011612,0.81499997526407242)));
#16165=IFCINDEXEDPOLYCURVE(#16164,(IFCLINEINDEX((1,2,3,4,1))),$);
#16166=IFCARBITRARYPROFILEDEFWITHVOIDS(.AREA.,$,#16163,(#16165));
#16167=IFCCARTESIANPOINT((0.02500000037252903,0.090000001713633537,0.02500000037252903));
#16168=IFCDIRECTION((0.,-1.,0.));
#16169=IFCDIRECTION((1.,0.,0.));
#16170=IFCAXIS2PLACEMENT3D(#16167,#16168,#16169);
#16171=IFCDIRECTION((0.,0.,-1.));
#16172=IFCEXTRUDEDAREASOLID(#16166,#16170,#16171,0.035000000149011612);
#16173=IFCINDEXEDPOLYCURVE(#16174,(IFCLINEINDEX((1,2,3,4,1))),$);
#16174=IFCCARTESIANPOINTLIST2D(((0.035000000149011612,0.035000000149011612),(0.58260318264365196,0.035000000149011612),(0.58260318264365196,0.81499997526407242),(0.035000000149011612,0.81499997526407242)));
#16175=IFCARBITRARYCLOSEDPROFILEDEF(.AREA.,$,#16173);
#16176=IFCCARTESIANPOINT((0.02500000037252903,0.10250000178813934,0.02500000037252903));
#16177=IFCDIRECTION((0.,-1.,0.));
#16178=IFCDIRECTION((1.,0.,0.));
#16179=IFCAXIS2PLACEMENT3D(#16176,#16177,#16178);
#16180=IFCDIRECTION((0.,0.,-1.));
#16181=IFCEXTRUDEDAREASOLID(#16175,#16179,#16180,0.01);
#16182=IFCCARTESIANPOINTLIST2D(((0.,0.),(0.59734439849853516,0.),(0.59734439849853516,0.89999997615814209),(0.,0.89999997615814209)));
#16183=IFCINDEXEDPOLYCURVE(#16182,(IFCLINEINDEX((1,2,3,4,1))),$);
#16184=IFCCARTESIANPOINTLIST2D(((-0.02500000037252903,0.02500000037252903),(0.57234439812600613,0.02500000037252903),(0.57234439812600613,0.87499997578561306),(-0.02500000037252903,0.87499997578561306)));
#16185=IFCINDEXEDPOLYCURVE(#16184,(IFCLINEINDEX((1,2,3,4,1))),$);
#16186=IFCARBITRARYPROFILEDEFWITHVOIDS(.AREA.,$,#16183,(#16185));
#16187=IFCCARTESIANPOINT((0.61760318279266357,0.090000001713633537,0.));
#16188=IFCDIRECTION((0.,-1.,0.));
#16189=IFCDIRECTION((1.,0.,0.));
#16190=IFCAXIS2PLACEMENT3D(#16187,#16188,#16189);
#16191=IFCDIRECTION((0.,0.,-1.));
#16192=IFCEXTRUDEDAREASOLID(#16186,#16190,#16191,0.0099999997764825821);
#16193=IFCCARTESIANPOINTLIST2D(((0.,0.89999997615814209),(0.59734439849853516,0.89999997615814209),(0.59734439849853516,0.),(0.,0.),(0.,0.05000000074505806),(0.5473443977534771,0.05000000074505806),(0.5473443977534771,0.84999997541308403),(0.,0.84999997541308403)));
#16194=IFCINDEXEDPOLYCURVE(#16193,(IFCLINEINDEX((1,2,3,4,5,6,7,8,1))),$);
#16195=IFCARBITRARYCLOSEDPROFILEDEF(.AREA.,$,#16194);
#16196=IFCCARTESIANPOINT((0.61760318279266357,0.05000000074505806,0.));
#16197=IFCDIRECTION((0.,-1.,0.));
#16198=IFCDIRECTION((1.,0.,0.));
#16199=IFCAXIS2PLACEMENT3D(#16196,#16197,#16198);
#16200=IFCDIRECTION((0.,0.,-1.));
#16201=IFCEXTRUDEDAREASOLID(#16195,#16199,#16200,0.040000000968575478);
#16202=IFCCARTESIANPOINTLIST2D(((0.,0.),(0.59734439849853516,0.),(0.59734439849853516,0.84999997541308403),(0.,0.84999997541308403)));
#16203=IFCINDEXEDPOLYCURVE(#16202,(IFCLINEINDEX((1,2,3,4,1))),$);
#16204=IFCCARTESIANPOINTLIST2D(((0.035000000149011612,0.035000000149011612),(0.56234439834952354,0.035000000149011612),(0.56234439834952354,0.81499997526407242),(0.035000000149011612,0.81499997526407242)));
#16205=IFCINDEXEDPOLYCURVE(#16204,(IFCLINEINDEX((1,2,3,4,1))),$);
#16206=IFCARBITRARYPROFILEDEFWITHVOIDS(.AREA.,$,#16203,(#16205));
#16207=IFCCARTESIANPOINT((0.59260318242013454,0.090000001713633537,0.02500000037252903));
#16208=IFCDIRECTION((0.,-1.,0.));
#16209=IFCDIRECTION((1.,0.,0.));
#16210=IFCAXIS2PLACEMENT3D(#16207,#16208,#16209);
#16211=IFCDIRECTION((0.,0.,-1.));
#16212=IFCEXTRUDEDAREASOLID(#16206,#16210,#16211,0.035000000149011612);
#16213=IFCINDEXEDPOLYCURVE(#16214,(IFCLINEINDEX((1,2,3,4,1))),$);
#16214=IFCCARTESIANPOINTLIST2D(((0.035000000149011612,0.035000000149011612),(0.56234439834952354,0.035000000149011612),(0.56234439834952354,0.81499997526407242),(0.035000000149011612,0.81499997526407242)));
#16215=IFCARBITRARYCLOSEDPROFILEDEF(.AREA.,$,#16213);
#16216=IFCCARTESIANPOINT((0.59260318242013454,0.10250000178813934,0.02500000037252903));
#16217=IFCDIRECTION((0.,-1.,0.));
#16218=IFCDIRECTION((1.,0.,0.));
#16219=IFCAXIS2PLACEMENT3D(#16216,#16217,#16218);
#16220=IFCDIRECTION((0.,0.,-1.));
#16221=IFCEXTRUDEDAREASOLID(#16215,#16219,#16220,0.01);
#16222=IFCSHAPEREPRESENTATION(#11,'Body','SweptSolid',(#16152,#16161,#16172,#16181,#16192,#16201,#16212,#16221));
#16223=IFCCARTESIANPOINTLIST2D(((0.05000000074505806,0.05000000074505806),(0.61760318279266357,0.05000000074505806)));
#16224=IFCINDEXEDPOLYCURVE(#16223,$,$);
#16225=IFCCARTESIANPOINTLIST2D(((0.,0.10000000149011612),(0.02500000037252903,0.10000000149011612),(0.02500000037252903,0.090000001713633537),(0.05000000074505806,0.090000001713633537),(0.05000000074505806,0.05000000074505806),(0.,0.05000000074505806)));
#16226=IFCINDEXEDPOLYCURVE(#16225,(IFCLINEINDEX((1,2,3,4,5,6,1))),$);
#16227=IFCCARTESIANPOINTLIST2D(((0.61760318279266357,0.10000000149011612),(0.6426031831651926,0.10000000149011612),(0.6426031831651926,0.090000001713633537),(0.61760318279266357,0.090000001713633537),(0.61760318279266357,0.05000000074505806),(0.61760318279266357,0.05000000074505806)));
#16228=IFCINDEXEDPOLYCURVE(#16227,$,$);
#16229=IFCCARTESIANPOINTLIST2D(((0.02500000037252903,0.090000001713633537),(0.060000000521540642,0.090000001713633537),(0.060000000521540642,0.12500000186264515),(0.02500000037252903,0.12500000186264515)));
#16230=IFCINDEXEDPOLYCURVE(#16229,(IFCLINEINDEX((1,2,3,4,1))),$);
#16231=IFCINDEXEDPOLYCURVE(#16232,(IFCLINEINDEX((1,2,3,4,1))),$);
#16232=IFCCARTESIANPOINTLIST2D(((0.6426031831651926,0.090000001713633537),(0.60760318301618099,0.090000001713633537),(0.60760318301618099,0.12500000186264515),(0.6426031831651926,0.12500000186264515)));
#16233=IFCCARTESIANPOINTLIST2D(((0.060000000521540642,0.090000001713633537),(0.60760318301618099,0.090000001713633537)));
#16234=IFCINDEXEDPOLYCURVE(#16233,$,$);
#16235=IFCINDEXEDPOLYCURVE(#16236,$,$);
#16236=IFCCARTESIANPOINTLIST2D(((0.060000000521540642,0.12500000186264515),(0.60760318301618099,0.12500000186264515)));
#16237=IFCINDEXEDPOLYCURVE(#16238,$,$);
#16238=IFCCARTESIANPOINTLIST2D(((0.060000000521540642,0.10750000178813934),(0.60760318301618099,0.10750000178813934)));
#16239=IFCCARTESIANPOINTLIST2D(((0.61760318279266357,0.05000000074505806),(1.1649475805461407,0.05000000074505806)));
#16240=IFCINDEXEDPOLYCURVE(#16239,$,$);
#16241=IFCCARTESIANPOINTLIST2D(((0.61760318279266357,0.10000000149011612),(0.59260318242013454,0.10000000149011612),(0.59260318242013454,0.090000001713633537),(0.61760318279266357,0.090000001713633537),(0.61760318279266357,0.05000000074505806),(0.61760318279266357,0.05000000074505806)));
#16242=IFCINDEXEDPOLYCURVE(#16241,$,$);
#16243=IFCCARTESIANPOINTLIST2D(((1.2149475812911987,0.10000000149011612),(1.1899475809186697,0.10000000149011612),(1.1899475809186697,0.090000001713633537),(1.1649475805461407,0.090000001713633537),(1.1649475805461407,0.05000000074505806),(1.2149475812911987,0.05000000074505806)));
#16244=IFCINDEXEDPOLYCURVE(#16243,(IFCLINEINDEX((1,2,3,4,5,6,1))),$);
#16245=IFCCARTESIANPOINTLIST2D(((0.59260318242013454,0.090000001713633537),(0.62760318256914616,0.090000001713633537),(0.62760318256914616,0.12500000186264515),(0.59260318242013454,0.12500000186264515)));
#16246=IFCINDEXEDPOLYCURVE(#16245,(IFCLINEINDEX((1,2,3,4,1))),$);
#16247=IFCINDEXEDPOLYCURVE(#16248,(IFCLINEINDEX((1,2,3,4,1))),$);
#16248=IFCCARTESIANPOINTLIST2D(((1.1899475809186697,0.090000001713633537),(1.1549475807696581,0.090000001713633537),(1.1549475807696581,0.12500000186264515),(1.1899475809186697,0.12500000186264515)));
#16249=IFCCARTESIANPOINTLIST2D(((0.62760318256914616,0.090000001713633537),(1.1549475807696581,0.090000001713633537)));
#16250=IFCINDEXEDPOLYCURVE(#16249,$,$);
#16251=IFCINDEXEDPOLYCURVE(#16252,$,$);
#16252=IFCCARTESIANPOINTLIST2D(((0.62760318256914616,0.12500000186264515),(1.1549475807696581,0.12500000186264515)));
#16253=IFCINDEXEDPOLYCURVE(#16254,$,$);
#16254=IFCCARTESIANPOINTLIST2D(((0.62760318256914616,0.10750000178813934),(1.1549475807696581,0.10750000178813934)));
#16255=IFCSHAPEREPRESENTATION(#24,'Body','Curve2D',(#16224,#16226,#16228,#16230,#16231,#16234,#16235,#16237,#16240,#16242,#16244,#16246,#16247,#16250,#16251,#16253));
#16256=IFCCARTESIANPOINTLIST2D(((0.,0.),(1.2149475812911987,0.),(1.2149475812911987,0.89999997615814209),(0.,0.89999997615814209)));
#16257=IFCINDEXEDPOLYCURVE(#16256,(IFCLINEINDEX((1,2,3,4,1))),$);
#16258=IFCARBITRARYCLOSEDPROFILEDEF(.AREA.,$,#16257);
#16259=IFCCARTESIANPOINT((0.,-0.60000002384185791,0.));
#16260=IFCDIRECTION((0.,-1.,0.));
#16261=IFCDIRECTION((1.,0.,0.));
#16262=IFCAXIS2PLACEMENT3D(#16259,#16260,#16261);
#16263=IFCDIRECTION((0.,0.,-1.));
#16264=IFCEXTRUDEDAREASOLID(#16258,#16262,#16263,1.2);
#16265=IFCSHAPEREPRESENTATION(#11,'Body','SweptSolid',(#16264));
#16271=IFCCARTESIANPOINT((1.5248183234318295,0.099997997283935547,1.));
#16272=IFCDIRECTION((0.,0.,1.));
#16273=IFCDIRECTION((-0.99999999999980305,6.2783294652023326E-07,0.));
#16274=IFCAXIS2PLACEMENT3D(#16271,#16272,#16273);
#16275=IFCLOCALPLACEMENT(#21498,#16274);
#16276=IFCCARTESIANPOINT((0.,0.,0.));
#16277=IFCDIRECTION((0.,0.,1.));
#16278=IFCDIRECTION((1.,0.,0.));
#16279=IFCAXIS2PLACEMENT3D(#16276,#16277,#16278);
#16280=IFCLOCALPLACEMENT(#16275,#16279);
#16284=IFCCARTESIANPOINTLIST2D(((0.,0.),(0.,2.),(0.90193378925323486,2.),(0.90193378925323486,0.),(0.87693378888070583,0.),(0.87693378888070583,1.974999999627471),(0.02500000037252903,1.974999999627471),(0.02500000037252903,0.)));
#16285=IFCINDEXEDPOLYCURVE(#16284,(IFCLINEINDEX((1,2,3,4,5,6,7,8,1))),$);
#16286=IFCARBITRARYCLOSEDPROFILEDEF(.AREA.,$,#16285);
#16287=IFCCARTESIANPOINT((0.,0.02500000037252903,0.));
#16288=IFCDIRECTION((0.,-1.,0.));
#16289=IFCDIRECTION((1.,0.,0.));
#16290=IFCAXIS2PLACEMENT3D(#16287,#16288,#16289);
#16291=IFCDIRECTION((0.,0.,-1.));
#16292=IFCEXTRUDEDAREASOLID(#16286,#16290,#16291,0.02500000037252903);
#16293=IFCCARTESIANPOINTLIST2D(((0.,0.),(0.,2.),(0.90193378925323486,2.),(0.90193378925323486,0.),(0.8519337885081768,0.),(0.8519337885081768,1.9499999992549419),(0.05000000074505806,1.9499999992549419),(0.05000000074505806,0.)));
#16294=IFCINDEXEDPOLYCURVE(#16293,(IFCLINEINDEX((1,2,3,4,5,6,7,8,1))),$);
#16295=IFCARBITRARYCLOSEDPROFILEDEF(.AREA.,$,#16294);
#16296=IFCCARTESIANPOINT((0.,0.,0.));
#16297=IFCDIRECTION((0.,-1.,0.));
#16298=IFCDIRECTION((1.,0.,0.));
#16299=IFCAXIS2PLACEMENT3D(#16296,#16297,#16298);
#16300=IFCDIRECTION((0.,0.,-1.));
#16301=IFCEXTRUDEDAREASOLID(#16295,#16299,#16300,0.02500000037252903);
#16302=IFCCARTESIANPOINTLIST2D(((0.,0.),(0.80193378776311874,0.),(0.80193378776311874,0.10000000149011612),(0.,0.10000000149011612)));
#16303=IFCINDEXEDPOLYCURVE(#16302,(IFCLINEINDEX((1,2,3,4,1))),$);
#16304=IFCARBITRARYCLOSEDPROFILEDEF(.AREA.,$,#16303);
#16305=IFCCARTESIANPOINT((0.05000000074505806,0.,0.));
#16306=IFCDIRECTION((0.,0.,1.));
#16307=IFCDIRECTION((1.,0.,0.));
#16308=IFCAXIS2PLACEMENT3D(#16305,#16306,#16307);
#16309=IFCDIRECTION((0.,0.,1.));
#16310=IFCEXTRUDEDAREASOLID(#16304,#16308,#16309,0.02500000037252903);
#16311=IFCCARTESIANPOINTLIST2D(((0.,0.),(0.,2.0250000022351742),(0.95193379372358322,2.0250000022351742),(0.95193379372358322,0.),(0.87693379074335098,0.),(0.87693379074335098,1.9499999992549419),(0.075000002980232239,1.9499999992549419),(0.075000002980232239,0.)));
#16312=IFCINDEXEDPOLYCURVE(#16311,(IFCLINEINDEX((1,2,3,4,5,6,7,8,1))),$);
#16313=IFCARBITRARYCLOSEDPROFILEDEF(.AREA.,$,#16312);
#16314=IFCCARTESIANPOINT((-0.025000002235174179,-0.004999999888241291,0.));
#16315=IFCDIRECTION((0.,-1.,0.));
#16316=IFCDIRECTION((1.,0.,0.));
#16317=IFCAXIS2PLACEMENT3D(#16314,#16315,#16316);
#16318=IFCDIRECTION((0.,0.,-1.));
#16319=IFCEXTRUDEDAREASOLID(#16313,#16317,#16318,0.004999999888241291);
#16320=IFCCARTESIANPOINTLIST2D(((0.,0.),(0.,2.0250000022351742),(0.95193379372358322,2.0250000022351742),(0.95193379372358322,0.),(0.90193379111588001,0.),(0.90193379111588001,1.974999999627471),(0.050000002607703209,1.974999999627471),(0.050000002607703209,0.)));
#16321=IFCINDEXEDPOLYCURVE(#16320,(IFCLINEINDEX((1,2,3,4,5,6,7,8,1))),$);
#16322=IFCARBITRARYCLOSEDPROFILEDEF(.AREA.,$,#16321);
#16323=IFCCARTESIANPOINT((-0.025000002235174179,0.05000000074505806,0.));
#16324=IFCDIRECTION((0.,-1.,0.));
#16325=IFCDIRECTION((1.,0.,0.));
#16326=IFCAXIS2PLACEMENT3D(#16323,#16324,#16325);
#16327=IFCDIRECTION((0.,0.,-1.));
#16328=IFCEXTRUDEDAREASOLID(#16322,#16326,#16327,0.004999999888241291);
#16329=IFCCARTESIANPOINTLIST2D(((0.,0.),(0.8519337885081768,0.),(0.8519337885081768,0.035000000149011612),(0.,0.035000000149011612)));
#16330=IFCINDEXEDPOLYCURVE(#16329,(IFCLINEINDEX((1,2,3,4,1))),$);
#16331=IFCARBITRARYCLOSEDPROFILEDEF(.AREA.,$,#16330);
#16332=IFCCARTESIANPOINT((0.02500000037252903,0.02500000037252903,0.02500000037252903));
#16333=IFCDIRECTION((0.,0.,1.));
#16334=IFCDIRECTION((1.,0.,0.));
#16335=IFCAXIS2PLACEMENT3D(#16332,#16333,#16334);
#16336=IFCDIRECTION((0.,0.,1.));
#16337=IFCEXTRUDEDAREASOLID(#16331,#16335,#16336,1.9499999992549419);
#16338=IFCCARTESIANPOINTLIST2D(((0.,0.),(0.,-0.040000000000000001),(0.12,-0.040000000000000001),(0.12,-0.02),(0.02,-0.02),(0.02,0.)));
#16339=IFCINDEXEDPOLYCURVE(#16338,(IFCLINEINDEX((1,2,3,4,5,6,1))),$);
#16340=IFCARBITRARYCLOSEDPROFILEDEF(.AREA.,$,#16339);
#16341=IFCCARTESIANPOINT((0.075000000372529033,0.02500000037252903,1.015000000372529));
#16342=IFCDIRECTION((0.,0.,1.));
#16343=IFCDIRECTION((1.,0.,0.));
#16344=IFCAXIS2PLACEMENT3D(#16341,#16342,#16343);
#16345=IFCDIRECTION((0.,0.,1.));
#16346=IFCEXTRUDEDAREASOLID(#16340,#16344,#16345,0.02);
#16347=IFCEXTRUDEDAREASOLID(#16348,#16351,#16355,0.02);
#16348=IFCARBITRARYCLOSEDPROFILEDEF(.AREA.,$,#16349);
#16349=IFCINDEXEDPOLYCURVE(#16350,(IFCLINEINDEX((1,2,3,4,5,6,1))),$);
#16350=IFCCARTESIANPOINTLIST2D(((0.,0.),(0.,0.040000000000000008),(0.11999999999999998,0.040000000000000008),(0.11999999999999998,0.020000000000000004),(0.020000000000000004,0.020000000000000004),(0.020000000000000004,0.)));
#16351=IFCAXIS2PLACEMENT3D(#16352,#16353,#16354);
#16352=IFCCARTESIANPOINT((0.075000000372529033,0.060000000521540642,1.015000000372529));
#16353=IFCDIRECTION((0.,0.,1.));
#16354=IFCDIRECTION((1.,0.,0.));
#16355=IFCDIRECTION((0.,0.,1.));
#16396=IFCCARTESIANPOINTLIST3D(((0.,0.,0.),(0.90193378925323486,0.,0.),(0.90193378925323486,0.,2.),(0.,0.,2.)));
#16397=IFCINDEXEDPOLYCURVE(#16396,(IFCLINEINDEX((1,2,3,4,1))),$);
#16398=IFCSHAPEREPRESENTATION(#18,'Profile','Curve3D',(#16397));
#16399=IFCCARTESIANPOINTLIST2D(((0.,0.),(0.,2.),(0.90193378925323486,2.),(0.90193378925323486,0.),(0.87693378888070583,0.),(0.87693378888070583,1.974999999627471),(0.02500000037252903,1.974999999627471),(0.02500000037252903,0.)));
#16400=IFCINDEXEDPOLYCURVE(#16399,(IFCLINEINDEX((1,2,3,4,5,6,7,8,1))),$);
#16401=IFCARBITRARYCLOSEDPROFILEDEF(.AREA.,$,#16400);
#16402=IFCCARTESIANPOINT((0.,0.02500000037252903,0.));
#16403=IFCDIRECTION((0.,-1.,0.));
#16404=IFCDIRECTION((1.,0.,0.));
#16405=IFCAXIS2PLACEMENT3D(#16402,#16403,#16404);
#16406=IFCDIRECTION((0.,0.,-1.));
#16407=IFCEXTRUDEDAREASOLID(#16401,#16405,#16406,0.02500000037252903);
#16408=IFCCARTESIANPOINTLIST2D(((0.,0.),(0.,2.),(0.90193378925323486,2.),(0.90193378925323486,0.),(0.8519337885081768,0.),(0.8519337885081768,1.9499999992549419),(0.05000000074505806,1.9499999992549419),(0.05000000074505806,0.)));
#16409=IFCINDEXEDPOLYCURVE(#16408,(IFCLINEINDEX((1,2,3,4,5,6,7,8,1))),$);
#16410=IFCARBITRARYCLOSEDPROFILEDEF(.AREA.,$,#16409);
#16411=IFCCARTESIANPOINT((0.,0.,0.));
#16412=IFCDIRECTION((0.,-1.,0.));
#16413=IFCDIRECTION((1.,0.,0.));
#16414=IFCAXIS2PLACEMENT3D(#16411,#16412,#16413);
#16415=IFCDIRECTION((0.,0.,-1.));
#16416=IFCEXTRUDEDAREASOLID(#16410,#16414,#16415,0.02500000037252903);
#16417=IFCCARTESIANPOINTLIST2D(((0.,0.),(0.80193378776311874,0.),(0.80193378776311874,0.10000000149011612),(0.,0.10000000149011612)));
#16418=IFCINDEXEDPOLYCURVE(#16417,(IFCLINEINDEX((1,2,3,4,1))),$);
#16419=IFCARBITRARYCLOSEDPROFILEDEF(.AREA.,$,#16418);
#16420=IFCCARTESIANPOINT((0.05000000074505806,0.,0.));
#16421=IFCDIRECTION((0.,0.,1.));
#16422=IFCDIRECTION((1.,0.,0.));
#16423=IFCAXIS2PLACEMENT3D(#16420,#16421,#16422);
#16424=IFCDIRECTION((0.,0.,1.));
#16425=IFCEXTRUDEDAREASOLID(#16419,#16423,#16424,0.02500000037252903);
#16426=IFCCARTESIANPOINTLIST2D(((0.,0.),(0.,2.0250000022351742),(0.95193379372358322,2.0250000022351742),(0.95193379372358322,0.),(0.87693379074335098,0.),(0.87693379074335098,1.9499999992549419),(0.075000002980232239,1.9499999992549419),(0.075000002980232239,0.)));
#16427=IFCINDEXEDPOLYCURVE(#16426,(IFCLINEINDEX((1,2,3,4,5,6,7,8,1))),$);
#16428=IFCARBITRARYCLOSEDPROFILEDEF(.AREA.,$,#16427);
#16429=IFCCARTESIANPOINT((-0.025000002235174179,-0.004999999888241291,0.));
#16430=IFCDIRECTION((0.,-1.,0.));
#16431=IFCDIRECTION((1.,0.,0.));
#16432=IFCAXIS2PLACEMENT3D(#16429,#16430,#16431);
#16433=IFCDIRECTION((0.,0.,-1.));
#16434=IFCEXTRUDEDAREASOLID(#16428,#16432,#16433,0.004999999888241291);
#16435=IFCCARTESIANPOINTLIST2D(((0.,0.),(0.,2.0250000022351742),(0.95193379372358322,2.0250000022351742),(0.95193379372358322,0.),(0.90193379111588001,0.),(0.90193379111588001,1.974999999627471),(0.050000002607703209,1.974999999627471),(0.050000002607703209,0.)));
#16436=IFCINDEXEDPOLYCURVE(#16435,(IFCLINEINDEX((1,2,3,4,5,6,7,8,1))),$);
#16437=IFCARBITRARYCLOSEDPROFILEDEF(.AREA.,$,#16436);
#16438=IFCCARTESIANPOINT((-0.025000002235174179,0.05000000074505806,0.));
#16439=IFCDIRECTION((0.,-1.,0.));
#16440=IFCDIRECTION((1.,0.,0.));
#16441=IFCAXIS2PLACEMENT3D(#16438,#16439,#16440);
#16442=IFCDIRECTION((0.,0.,-1.));
#16443=IFCEXTRUDEDAREASOLID(#16437,#16441,#16442,0.004999999888241291);
#16444=IFCCARTESIANPOINTLIST2D(((0.,0.),(0.8519337885081768,0.),(0.8519337885081768,0.035000000149011612),(0.,0.035000000149011612)));
#16445=IFCINDEXEDPOLYCURVE(#16444,(IFCLINEINDEX((1,2,3,4,1))),$);
#16446=IFCARBITRARYCLOSEDPROFILEDEF(.AREA.,$,#16445);
#16447=IFCCARTESIANPOINT((0.02500000037252903,0.02500000037252903,0.02500000037252903));
#16448=IFCDIRECTION((0.,0.,1.));
#16449=IFCDIRECTION((1.,0.,0.));
#16450=IFCAXIS2PLACEMENT3D(#16447,#16448,#16449);
#16451=IFCDIRECTION((0.,0.,1.));
#16452=IFCEXTRUDEDAREASOLID(#16446,#16450,#16451,1.9499999992549419);
#16453=IFCCARTESIANPOINTLIST2D(((0.,0.),(0.,-0.040000000000000001),(0.12,-0.040000000000000001),(0.12,-0.02),(0.02,-0.02),(0.02,0.)));
#16454=IFCINDEXEDPOLYCURVE(#16453,(IFCLINEINDEX((1,2,3,4,5,6,1))),$);
#16455=IFCARBITRARYCLOSEDPROFILEDEF(.AREA.,$,#16454);
#16456=IFCCARTESIANPOINT((0.075000000372529033,0.02500000037252903,1.015000000372529));
#16457=IFCDIRECTION((0.,0.,1.));
#16458=IFCDIRECTION((1.,0.,0.));
#16459=IFCAXIS2PLACEMENT3D(#16456,#16457,#16458);
#16460=IFCDIRECTION((0.,0.,1.));
#16461=IFCEXTRUDEDAREASOLID(#16455,#16459,#16460,0.02);
#16462=IFCEXTRUDEDAREASOLID(#16463,#16466,#16470,0.02);
#16463=IFCARBITRARYCLOSEDPROFILEDEF(.AREA.,$,#16464);
#16464=IFCINDEXEDPOLYCURVE(#16465,(IFCLINEINDEX((1,2,3,4,5,6,1))),$);
#16465=IFCCARTESIANPOINTLIST2D(((0.,0.),(0.,0.040000000000000008),(0.11999999999999998,0.040000000000000008),(0.11999999999999998,0.020000000000000004),(0.020000000000000004,0.020000000000000004),(0.020000000000000004,0.)));
#16466=IFCAXIS2PLACEMENT3D(#16467,#16468,#16469);
#16467=IFCCARTESIANPOINT((0.075000000372529033,0.060000000521540642,1.015000000372529));
#16468=IFCDIRECTION((0.,0.,1.));
#16469=IFCDIRECTION((1.,0.,0.));
#16470=IFCDIRECTION((0.,0.,1.));
#16471=IFCSHAPEREPRESENTATION(#11,'Body','SweptSolid',(#16407,#16416,#16452,#16461,#16462,#16425,#16434,#16443));
#16472=IFCCARTESIANPOINTLIST2D(((0.,0.),(0.,0.05000000074505806),(0.02500000037252903,0.05000000074505806),(0.02500000037252903,0.02500000037252903),(0.05000000074505806,0.02500000037252903),(0.05000000074505806,0.)));
#16473=IFCINDEXEDPOLYCURVE(#16472,(IFCLINEINDEX((1,2,3,4,5,6,1))),$);
#16474=IFCINDEXEDPOLYCURVE(#16475,(IFCLINEINDEX((1,2,3,4,5,6,1))),$);
#16475=IFCCARTESIANPOINTLIST2D(((0.90193378925323486,0.),(0.90193378925323486,0.05000000074505806),(0.87693378888070583,0.05000000074505806),(0.87693378888070583,0.02500000037252903),(0.8519337885081768,0.02500000037252903),(0.8519337885081768,0.)));
#16476=IFCDIRECTION((1.,0.));
#16477=IFCCARTESIANPOINT((0.84193378873169422,0.05000000074505806));
#16478=IFCAXIS2PLACEMENT2D(#16477,#16476);
#16479=IFCELLIPSE(#16478,0.81693378835916519,0.8519337885081768);
#16480=IFCCARTESIANPOINT((0.84193378873169422,0.90193378925323486));
#16481=IFCCARTESIANPOINT((0.02500000037252903,0.05000000074505806));
#16482=IFCTRIMMEDCURVE(#16479,(#16480),(#16481),.T.,.CARTESIAN.);
#16483=IFCCARTESIANPOINTLIST2D(((0.87693378888070583,0.05000000074505806),(0.84193378873169422,0.05000000074505806),(0.84193378873169422,0.90193378925323486),(0.87693378888070583,0.90193378925323486)));
#16484=IFCINDEXEDPOLYCURVE(#16483,(IFCLINEINDEX((1,2,3,4,1))),$);
#16485=IFCSHAPEREPRESENTATION(#24,'Body','Curve2D',(#16473,#16474,#16482,#16484));
#16486=IFCCARTESIANPOINTLIST2D(((0.,0.),(0.90193378925323486,0.),(0.90193378925323486,2.),(0.,2.)));
#16487=IFCINDEXEDPOLYCURVE(#16486,(IFCLINEINDEX((1,2,3,4,1))),$);
#16488=IFCARBITRARYCLOSEDPROFILEDEF(.AREA.,$,#16487);
#16489=IFCCARTESIANPOINT((0.,-0.60000002384185791,0.));
#16490=IFCDIRECTION((0.,-1.,0.));
#16491=IFCDIRECTION((1.,0.,0.));
#16492=IFCAXIS2PLACEMENT3D(#16489,#16490,#16491);
#16493=IFCDIRECTION((0.,0.,-1.));
#16494=IFCEXTRUDEDAREASOLID(#16488,#16492,#16493,1.2);
#16495=IFCSHAPEREPRESENTATION(#11,'Body','SweptSolid',(#16494));
#16501=IFCCARTESIANPOINT((1.0269228652513906,0.099999696016311646,0.));
#16502=IFCDIRECTION((0.,0.,1.));
#16503=IFCDIRECTION((-0.99999999999909805,1.343088683823833E-06,0.));
#16504=IFCAXIS2PLACEMENT3D(#16501,#16502,#16503);
#16505=IFCLOCALPLACEMENT(#21523,#16504);
#16506=IFCCARTESIANPOINT((0.,0.,0.));
#16507=IFCDIRECTION((0.,0.,1.));
#16508=IFCDIRECTION((1.,4.2351647362715017E-22,0.));
#16509=IFCAXIS2PLACEMENT3D(#16506,#16507,#16508);
#16510=IFCLOCALPLACEMENT(#16505,#16509);
#16511=IFCCARTESIANPOINTLIST3D(((0.,0.,0.),(0.74737006425857544,0.,0.),(0.74737006425857544,0.,2.),(0.,0.,2.)));
#16512=IFCINDEXEDPOLYCURVE(#16511,(IFCLINEINDEX((1,2,3,4,1))),$);
#16513=IFCSHAPEREPRESENTATION(#18,'Profile','Curve3D',(#16512));
#16514=IFCCARTESIANPOINTLIST2D(((0.,0.),(0.,2.),(0.74737006425857544,2.),(0.74737006425857544,0.),(0.69737006351351738,0.),(0.69737006351351738,1.9499999992549419),(0.05000000074505806,1.9499999992549419),(0.05000000074505806,0.)));
#16515=IFCINDEXEDPOLYCURVE(#16514,(IFCLINEINDEX((1,2,3,4,5,6,7,8,1))),$);
#16516=IFCARBITRARYCLOSEDPROFILEDEF(.AREA.,$,#16515);
#16517=IFCCARTESIANPOINT((0.,0.,0.));
#16518=IFCDIRECTION((0.,-1.,0.));
#16519=IFCDIRECTION((1.,0.,0.));
#16520=IFCAXIS2PLACEMENT3D(#16517,#16518,#16519);
#16521=IFCDIRECTION((0.,0.,-1.));
#16522=IFCEXTRUDEDAREASOLID(#16516,#16520,#16521,0.05000000074505806);
#16523=IFCCARTESIANPOINTLIST2D(((0.,0.),(0.64737006276845932,0.),(0.64737006276845932,0.10000000149011612),(0.,0.10000000149011612)));
#16524=IFCINDEXEDPOLYCURVE(#16523,(IFCLINEINDEX((1,2,3,4,1))),$);
#16525=IFCARBITRARYCLOSEDPROFILEDEF(.AREA.,$,#16524);
#16526=IFCCARTESIANPOINT((0.05000000074505806,0.,0.));
#16527=IFCDIRECTION((0.,0.,1.));
#16528=IFCDIRECTION((1.,0.,0.));
#16529=IFCAXIS2PLACEMENT3D(#16526,#16527,#16528);
#16530=IFCDIRECTION((0.,0.,1.));
#16531=IFCEXTRUDEDAREASOLID(#16525,#16529,#16530,0.02500000037252903);
#16532=IFCCARTESIANPOINTLIST2D(((0.,0.),(0.,2.0250000022351742),(0.7973700687289238,2.0250000022351742),(0.7973700687289238,0.),(0.72237006574869156,0.),(0.72237006574869156,1.9499999992549419),(0.075000002980232239,1.9499999992549419),(0.075000002980232239,0.)));
#16533=IFCINDEXEDPOLYCURVE(#16532,(IFCLINEINDEX((1,2,3,4,5,6,7,8,1))),$);
#16534=IFCARBITRARYCLOSEDPROFILEDEF(.AREA.,$,#16533);
#16535=IFCCARTESIANPOINT((-0.025000002235174179,-0.004999999888241291,0.));
#16536=IFCDIRECTION((0.,-1.,0.));
#16537=IFCDIRECTION((1.,0.,0.));
#16538=IFCAXIS2PLACEMENT3D(#16535,#16536,#16537);
#16539=IFCDIRECTION((0.,0.,-1.));
#16540=IFCEXTRUDEDAREASOLID(#16534,#16538,#16539,0.004999999888241291);
#16541=IFCCARTESIANPOINTLIST2D(((0.,0.),(0.,2.0250000022351742),(0.7973700687289238,2.0250000022351742),(0.7973700687289238,0.),(0.72237006574869156,0.),(0.72237006574869156,1.9499999992549419),(0.075000002980232239,1.9499999992549419),(0.075000002980232239,0.)));
#16542=IFCINDEXEDPOLYCURVE(#16541,(IFCLINEINDEX((1,2,3,4,5,6,7,8,1))),$);
#16543=IFCARBITRARYCLOSEDPROFILEDEF(.AREA.,$,#16542);
#16544=IFCCARTESIANPOINT((-0.025000002235174179,0.05000000074505806,0.));
#16545=IFCDIRECTION((0.,-1.,0.));
#16546=IFCDIRECTION((1.,0.,0.));
#16547=IFCAXIS2PLACEMENT3D(#16544,#16545,#16546);
#16548=IFCDIRECTION((0.,0.,-1.));
#16549=IFCEXTRUDEDAREASOLID(#16543,#16547,#16548,0.004999999888241291);
#16550=IFCCARTESIANPOINTLIST2D(((0.,0.),(0.64737006276845932,0.),(0.64737006276845932,0.035000000149011612),(0.,0.035000000149011612)));
#16551=IFCINDEXEDPOLYCURVE(#16550,(IFCLINEINDEX((1,2,3,4,1))),$);
#16552=IFCARBITRARYCLOSEDPROFILEDEF(.AREA.,$,#16551);
#16553=IFCCARTESIANPOINT((0.05000000074505806,-0.035000000149011612,0.02500000037252903));
#16554=IFCDIRECTION((0.,0.,1.));
#16555=IFCDIRECTION((1.,0.,0.));
#16556=IFCAXIS2PLACEMENT3D(#16553,#16554,#16555);
#16557=IFCDIRECTION((0.,0.,1.));
#16558=IFCEXTRUDEDAREASOLID(#16552,#16556,#16557,1.9249999988824129);
#16559=IFCCARTESIANPOINTLIST2D(((0.,0.),(0.,-0.040000000000000008),(-0.11999999999999988,-0.040000000000000008),(-0.11999999999999988,-0.020000000000000004),(-0.020000000000000018,-0.020000000000000004),(-0.020000000000000018,0.)));
#16560=IFCINDEXEDPOLYCURVE(#16559,(IFCLINEINDEX((1,2,3,4,5,6,1))),$);
#16561=IFCARBITRARYCLOSEDPROFILEDEF(.AREA.,$,#16560);
#16562=IFCCARTESIANPOINT((0.64737006351351734,-0.035000000149011612,1.015000000372529));
#16563=IFCDIRECTION((0.,0.,1.));
#16564=IFCDIRECTION((1.,0.,0.));
#16565=IFCAXIS2PLACEMENT3D(#16562,#16563,#16564);
#16566=IFCDIRECTION((0.,0.,1.));
#16567=IFCEXTRUDEDAREASOLID(#16561,#16565,#16566,0.02);
#16568=IFCEXTRUDEDAREASOLID(#16569,#16572,#16576,0.02);
#16569=IFCARBITRARYCLOSEDPROFILEDEF(.AREA.,$,#16570);
#16570=IFCINDEXEDPOLYCURVE(#16571,(IFCLINEINDEX((1,2,3,4,5,6,1))),$);
#16571=IFCCARTESIANPOINTLIST2D(((0.,0.),(0.,0.040000000000000008),(-0.11999999999999988,0.040000000000000008),(-0.11999999999999988,0.020000000000000004),(-0.020000000000000018,0.020000000000000004),(-0.020000000000000018,0.)));
#16572=IFCAXIS2PLACEMENT3D(#16573,#16574,#16575);
#16573=IFCCARTESIANPOINT((0.64737006351351734,0.,1.015000000372529));
#16574=IFCDIRECTION((0.,0.,1.));
#16575=IFCDIRECTION((1.,0.,0.));
#16576=IFCDIRECTION((0.,0.,1.));
#16577=IFCSHAPEREPRESENTATION(#11,'Body','SweptSolid',(#16522,#16558,#16567,#16568,#16531,#16540,#16549));
#16578=IFCCARTESIANPOINTLIST2D(((0.,0.),(0.05000000074505806,0.),(0.05000000074505806,0.05000000074505806),(0.,0.05000000074505806)));
#16579=IFCINDEXEDPOLYCURVE(#16578,(IFCLINEINDEX((1,2,3,4,1))),$);
#16580=IFCINDEXEDPOLYCURVE(#16581,(IFCLINEINDEX((1,2,3,4,1))),$);
#16581=IFCCARTESIANPOINTLIST2D(((0.74737006425857544,0.),(0.69737006351351738,0.),(0.69737006351351738,0.05000000074505806),(0.74737006425857544,0.05000000074505806)));
#16582=IFCCARTESIANPOINTLIST2D(((-0.2736850306391716,-0.035000000149011612),(0.37368503212928772,-0.035000000149011612),(0.37368503212928772,0.),(-0.2736850306391716,0.)));
#16583=IFCINDEXEDPOLYCURVE(#16582,(IFCLINEINDEX((1,2,3,4,1))),$);
#16584=IFCSHAPEREPRESENTATION(#24,'Body','Curve2D',(#16579,#16580,#16583));
#16585=IFCCARTESIANPOINTLIST2D(((0.27657952271401881,-0.081587428267465345),(0.47079054154455663,-0.081587428267465345)));
#16586=IFCINDEXEDPOLYCURVE(#16585,$,$);
#16587=IFCCARTESIANPOINTLIST2D(((0.30657952271401878,-0.050529142855162856),(0.27657952271401881,-0.081587428267465345),(0.30657952271401878,-0.11264571367976783)));
#16588=IFCINDEXEDPOLYCURVE(#16587,$,$);
#16589=IFCSHAPEREPRESENTATION(#25,'Annotation','Curve2D',(#16586,#16588));
#16590=IFCCARTESIANPOINTLIST2D(((0.,0.),(0.74737006425857544,0.),(0.74737006425857544,2.),(0.,2.)));
#16591=IFCINDEXEDPOLYCURVE(#16590,(IFCLINEINDEX((1,2,3,4,1))),$);
#16592=IFCARBITRARYCLOSEDPROFILEDEF(.AREA.,$,#16591);
#16593=IFCCARTESIANPOINT((0.,-0.60000002384185791,0.));
#16594=IFCDIRECTION((0.,-1.,0.));
#16595=IFCDIRECTION((1.,0.,0.));
#16596=IFCAXIS2PLACEMENT3D(#16593,#16594,#16595);
#16597=IFCDIRECTION((0.,0.,-1.));
#16598=IFCEXTRUDEDAREASOLID(#16592,#16596,#16597,1.2);
#16599=IFCSHAPEREPRESENTATION(#11,'Body','SweptSolid',(#16598));
#16605=IFCCARTESIANPOINT((0.25049422147179817,0.049999975288052667,0.));
#16606=IFCDIRECTION((0.,0.,1.));
#16607=IFCDIRECTION((0.99999999999936351,-1.1282900900283672E-06,0.));
#16608=IFCAXIS2PLACEMENT3D(#16605,#16606,#16607);
#16609=IFCLOCALPLACEMENT(#21533,#16608);
#16610=IFCCARTESIANPOINT((-1.1102230246251565E-16,8.8817841970012523E-16,0.));
#16611=IFCDIRECTION((0.,0.,1.));
#16612=IFCDIRECTION((1.,-8.6736173798840355E-19,0.));
#16613=IFCAXIS2PLACEMENT3D(#16610,#16611,#16612);
#16614=IFCLOCALPLACEMENT(#16609,#16613);
#16615=IFCCARTESIANPOINTLIST3D(((0.,0.,0.),(0.90938413143157959,0.,0.),(0.90938413143157959,0.,2.),(0.,0.,2.)));
#16616=IFCINDEXEDPOLYCURVE(#16615,(IFCLINEINDEX((1,2,3,4,1))),$);
#16617=IFCSHAPEREPRESENTATION(#18,'Profile','Curve3D',(#16616));
#16618=IFCCARTESIANPOINTLIST2D(((0.,0.),(0.,2.),(0.90938413143157959,2.),(0.90938413143157959,0.),(0.88438413105905056,0.),(0.88438413105905056,1.974999999627471),(0.02500000037252903,1.974999999627471),(0.02500000037252903,0.)));
#16619=IFCINDEXEDPOLYCURVE(#16618,(IFCLINEINDEX((1,2,3,4,5,6,7,8,1))),$);
#16620=IFCARBITRARYCLOSEDPROFILEDEF(.AREA.,$,#16619);
#16621=IFCCARTESIANPOINT((0.,0.02500000037252903,0.));
#16622=IFCDIRECTION((0.,-1.,0.));
#16623=IFCDIRECTION((1.,0.,0.));
#16624=IFCAXIS2PLACEMENT3D(#16621,#16622,#16623);
#16625=IFCDIRECTION((0.,0.,-1.));
#16626=IFCEXTRUDEDAREASOLID(#16620,#16624,#16625,0.02500000037252903);
#16627=IFCCARTESIANPOINTLIST2D(((0.,0.),(0.,2.),(0.90938413143157959,2.),(0.90938413143157959,0.),(0.85938413068652153,0.),(0.85938413068652153,1.9499999992549419),(0.05000000074505806,1.9499999992549419),(0.05000000074505806,0.)));
#16628=IFCINDEXEDPOLYCURVE(#16627,(IFCLINEINDEX((1,2,3,4,5,6,7,8,1))),$);
#16629=IFCARBITRARYCLOSEDPROFILEDEF(.AREA.,$,#16628);
#16630=IFCCARTESIANPOINT((0.,0.,0.));
#16631=IFCDIRECTION((0.,-1.,0.));
#16632=IFCDIRECTION((1.,0.,0.));
#16633=IFCAXIS2PLACEMENT3D(#16630,#16631,#16632);
#16634=IFCDIRECTION((0.,0.,-1.));
#16635=IFCEXTRUDEDAREASOLID(#16629,#16633,#16634,0.02500000037252903);
#16636=IFCCARTESIANPOINTLIST2D(((0.,0.),(0.80938412994146347,0.),(0.80938412994146347,0.10000000149011612),(0.,0.10000000149011612)));
#16637=IFCINDEXEDPOLYCURVE(#16636,(IFCLINEINDEX((1,2,3,4,1))),$);
#16638=IFCARBITRARYCLOSEDPROFILEDEF(.AREA.,$,#16637);
#16639=IFCCARTESIANPOINT((0.05000000074505806,0.,0.));
#16640=IFCDIRECTION((0.,0.,1.));
#16641=IFCDIRECTION((1.,0.,0.));
#16642=IFCAXIS2PLACEMENT3D(#16639,#16640,#16641);
#16643=IFCDIRECTION((0.,0.,1.));
#16644=IFCEXTRUDEDAREASOLID(#16638,#16642,#16643,0.02500000037252903);
#16645=IFCCARTESIANPOINTLIST2D(((0.,0.),(0.,2.0250000022351742),(0.95938413590192795,2.0250000022351742),(0.95938413590192795,0.),(0.88438413292169571,0.),(0.88438413292169571,1.9499999992549419),(0.075000002980232239,1.9499999992549419),(0.075000002980232239,0.)));
#16646=IFCINDEXEDPOLYCURVE(#16645,(IFCLINEINDEX((1,2,3,4,5,6,7,8,1))),$);
#16647=IFCARBITRARYCLOSEDPROFILEDEF(.AREA.,$,#16646);
#16648=IFCCARTESIANPOINT((-0.025000002235174179,-0.004999999888241291,0.));
#16649=IFCDIRECTION((0.,-1.,0.));
#16650=IFCDIRECTION((1.,0.,0.));
#16651=IFCAXIS2PLACEMENT3D(#16648,#16649,#16650);
#16652=IFCDIRECTION((0.,0.,-1.));
#16653=IFCEXTRUDEDAREASOLID(#16647,#16651,#16652,0.004999999888241291);
#16654=IFCCARTESIANPOINTLIST2D(((0.,0.),(0.,2.0250000022351742),(0.95938413590192795,2.0250000022351742),(0.95938413590192795,0.),(0.90938413329422474,0.),(0.90938413329422474,1.974999999627471),(0.050000002607703209,1.974999999627471),(0.050000002607703209,0.)));
#16655=IFCINDEXEDPOLYCURVE(#16654,(IFCLINEINDEX((1,2,3,4,5,6,7,8,1))),$);
#16656=IFCARBITRARYCLOSEDPROFILEDEF(.AREA.,$,#16655);
#16657=IFCCARTESIANPOINT((-0.025000002235174179,0.05000000074505806,0.));
#16658=IFCDIRECTION((0.,-1.,0.));
#16659=IFCDIRECTION((1.,0.,0.));
#16660=IFCAXIS2PLACEMENT3D(#16657,#16658,#16659);
#16661=IFCDIRECTION((0.,0.,-1.));
#16662=IFCEXTRUDEDAREASOLID(#16656,#16660,#16661,0.004999999888241291);
#16663=IFCCARTESIANPOINTLIST2D(((0.,0.),(0.85938413068652153,0.),(0.85938413068652153,0.035000000149011612),(0.,0.035000000149011612)));
#16664=IFCINDEXEDPOLYCURVE(#16663,(IFCLINEINDEX((1,2,3,4,1))),$);
#16665=IFCARBITRARYCLOSEDPROFILEDEF(.AREA.,$,#16664);
#16666=IFCCARTESIANPOINT((0.02500000037252903,0.02500000037252903,0.02500000037252903));
#16667=IFCDIRECTION((0.,0.,1.));
#16668=IFCDIRECTION((1.,0.,0.));
#16669=IFCAXIS2PLACEMENT3D(#16666,#16667,#16668);
#16670=IFCDIRECTION((0.,0.,1.));
#16671=IFCEXTRUDEDAREASOLID(#16665,#16669,#16670,1.9499999992549419);
#16672=IFCCARTESIANPOINTLIST2D(((0.,0.),(0.,-0.040000000000000001),(-0.11999999999999988,-0.040000000000000001),(-0.11999999999999988,-0.02),(-0.020000000000000018,-0.02),(-0.020000000000000018,0.)));
#16673=IFCINDEXEDPOLYCURVE(#16672,(IFCLINEINDEX((1,2,3,4,5,6,1))),$);
#16674=IFCARBITRARYCLOSEDPROFILEDEF(.AREA.,$,#16673);
#16675=IFCCARTESIANPOINT((0.83438413105905052,0.02500000037252903,1.015000000372529));
#16676=IFCDIRECTION((0.,0.,1.));
#16677=IFCDIRECTION((1.,0.,0.));
#16678=IFCAXIS2PLACEMENT3D(#16675,#16676,#16677);
#16679=IFCDIRECTION((0.,0.,1.));
#16680=IFCEXTRUDEDAREASOLID(#16674,#16678,#16679,0.02);
#16681=IFCEXTRUDEDAREASOLID(#16682,#16685,#16689,0.02);
#16682=IFCARBITRARYCLOSEDPROFILEDEF(.AREA.,$,#16683);
#16683=IFCINDEXEDPOLYCURVE(#16684,(IFCLINEINDEX((1,2,3,4,5,6,1))),$);
#16684=IFCCARTESIANPOINTLIST2D(((0.,0.),(0.,0.040000000000000008),(-0.11999999999999988,0.040000000000000008),(-0.11999999999999988,0.020000000000000004),(-0.020000000000000018,0.020000000000000004),(-0.020000000000000018,0.)));
#16685=IFCAXIS2PLACEMENT3D(#16686,#16687,#16688);
#16686=IFCCARTESIANPOINT((0.83438413105905052,0.060000000521540642,1.015000000372529));
#16687=IFCDIRECTION((0.,0.,1.));
#16688=IFCDIRECTION((1.,0.,0.));
#16689=IFCDIRECTION((0.,0.,1.));
#16690=IFCSHAPEREPRESENTATION(#11,'Body','SweptSolid',(#16626,#16635,#16671,#16680,#16681,#16644,#16653,#16662));
#16691=IFCCARTESIANPOINTLIST2D(((0.,0.),(0.,0.05000000074505806),(0.02500000037252903,0.05000000074505806),(0.02500000037252903,0.02500000037252903),(0.05000000074505806,0.02500000037252903),(0.05000000074505806,0.)));
#16692=IFCINDEXEDPOLYCURVE(#16691,(IFCLINEINDEX((1,2,3,4,5,6,1))),$);
#16693=IFCINDEXEDPOLYCURVE(#16694,(IFCLINEINDEX((1,2,3,4,5,6,1))),$);
#16694=IFCCARTESIANPOINTLIST2D(((0.90938413143157959,0.),(0.90938413143157959,0.05000000074505806),(0.88438413105905056,0.05000000074505806),(0.88438413105905056,0.02500000037252903),(0.85938413068652153,0.02500000037252903),(0.85938413068652153,0.)));
#16695=IFCDIRECTION((1.,0.));
#16696=IFCCARTESIANPOINT((0.060000000521540642,0.05000000074505806));
#16697=IFCAXIS2PLACEMENT2D(#16696,#16695);
#16698=IFCELLIPSE(#16697,0.82438413053750992,0.85938413068652153);
#16699=IFCCARTESIANPOINT((0.88438413105905056,0.05000000074505806));
#16700=IFCCARTESIANPOINT((0.060000000521540642,0.90938413143157959));
#16701=IFCTRIMMEDCURVE(#16698,(#16699),(#16700),.T.,.CARTESIAN.);
#16702=IFCCARTESIANPOINTLIST2D(((0.02500000037252903,0.05000000074505806),(0.060000000521540642,0.05000000074505806),(0.060000000521540642,0.90938413143157959),(0.02500000037252903,0.90938413143157959)));
#16703=IFCINDEXEDPOLYCURVE(#16702,(IFCLINEINDEX((1,2,3,4,1))),$);
#16704=IFCSHAPEREPRESENTATION(#24,'Body','Curve2D',(#16692,#16693,#16701,#16703));
#16705=IFCCARTESIANPOINTLIST2D(((0.,0.),(0.90938413143157959,0.),(0.90938413143157959,2.),(0.,2.)));
#16706=IFCINDEXEDPOLYCURVE(#16705,(IFCLINEINDEX((1,2,3,4,1))),$);
#16707=IFCARBITRARYCLOSEDPROFILEDEF(.AREA.,$,#16706);
#16708=IFCCARTESIANPOINT((0.,-0.60000002384185791,0.));
#16709=IFCDIRECTION((0.,-1.,0.));
#16710=IFCDIRECTION((1.,0.,0.));
#16711=IFCAXIS2PLACEMENT3D(#16708,#16709,#16710);
#16712=IFCDIRECTION((0.,0.,-1.));
#16713=IFCEXTRUDEDAREASOLID(#16707,#16711,#16712,1.2);
#16714=IFCSHAPEREPRESENTATION(#11,'Body','SweptSolid',(#16713));
#16725=IFCCARTESIANPOINT((-8.8817841970012523E-16,5.5511151231257827E-17,0.));
#16726=IFCDIRECTION((0.,0.,1.));
#16727=IFCDIRECTION((0.99999999999999989,-5.2939559203393771E-23,0.));
#16728=IFCAXIS2PLACEMENT3D(#16725,#16726,#16727);
#16729=IFCLOCALPLACEMENT(#18556,#16728);
#16733=IFCCARTESIANPOINTLIST2D(((0.,0.),(0.,2.),(0.90149378776550293,2.),(0.90149378776550293,0.),(0.8764937873929739,0.),(0.8764937873929739,1.974999999627471),(0.02500000037252903,1.974999999627471),(0.02500000037252903,0.)));
#16734=IFCINDEXEDPOLYCURVE(#16733,(IFCLINEINDEX((1,2,3,4,5,6,7,8,1))),$);
#16735=IFCARBITRARYCLOSEDPROFILEDEF(.AREA.,$,#16734);
#16736=IFCCARTESIANPOINT((0.,0.02500000037252903,0.));
#16737=IFCDIRECTION((0.,-1.,0.));
#16738=IFCDIRECTION((1.,0.,0.));
#16739=IFCAXIS2PLACEMENT3D(#16736,#16737,#16738);
#16740=IFCDIRECTION((0.,0.,-1.));
#16741=IFCEXTRUDEDAREASOLID(#16735,#16739,#16740,0.02500000037252903);
#16742=IFCCARTESIANPOINTLIST2D(((0.,0.),(0.,2.),(0.90149378776550293,2.),(0.90149378776550293,0.),(0.85149378702044487,0.),(0.85149378702044487,1.9499999992549419),(0.05000000074505806,1.9499999992549419),(0.05000000074505806,0.)));
#16743=IFCINDEXEDPOLYCURVE(#16742,(IFCLINEINDEX((1,2,3,4,5,6,7,8,1))),$);
#16744=IFCARBITRARYCLOSEDPROFILEDEF(.AREA.,$,#16743);
#16745=IFCCARTESIANPOINT((0.,0.,0.));
#16746=IFCDIRECTION((0.,-1.,0.));
#16747=IFCDIRECTION((1.,0.,0.));
#16748=IFCAXIS2PLACEMENT3D(#16745,#16746,#16747);
#16749=IFCDIRECTION((0.,0.,-1.));
#16750=IFCEXTRUDEDAREASOLID(#16744,#16748,#16749,0.02500000037252903);
#16751=IFCCARTESIANPOINTLIST2D(((0.,0.),(0.80149378627538681,0.),(0.80149378627538681,0.10000000149011612),(0.,0.10000000149011612)));
#16752=IFCINDEXEDPOLYCURVE(#16751,(IFCLINEINDEX((1,2,3,4,1))),$);
#16753=IFCARBITRARYCLOSEDPROFILEDEF(.AREA.,$,#16752);
#16754=IFCCARTESIANPOINT((0.05000000074505806,0.,0.));
#16755=IFCDIRECTION((0.,0.,1.));
#16756=IFCDIRECTION((1.,0.,0.));
#16757=IFCAXIS2PLACEMENT3D(#16754,#16755,#16756);
#16758=IFCDIRECTION((0.,0.,1.));
#16759=IFCEXTRUDEDAREASOLID(#16753,#16757,#16758,0.02500000037252903);
#16760=IFCCARTESIANPOINTLIST2D(((0.,0.),(0.,2.0250000022351742),(0.95149379223585129,2.0250000022351742),(0.95149379223585129,0.),(0.87649378925561905,0.),(0.87649378925561905,1.9499999992549419),(0.075000002980232239,1.9499999992549419),(0.075000002980232239,0.)));
#16761=IFCINDEXEDPOLYCURVE(#16760,(IFCLINEINDEX((1,2,3,4,5,6,7,8,1))),$);
#16762=IFCARBITRARYCLOSEDPROFILEDEF(.AREA.,$,#16761);
#16763=IFCCARTESIANPOINT((-0.025000002235174179,-0.004999999888241291,0.));
#16764=IFCDIRECTION((0.,-1.,0.));
#16765=IFCDIRECTION((1.,0.,0.));
#16766=IFCAXIS2PLACEMENT3D(#16763,#16764,#16765);
#16767=IFCDIRECTION((0.,0.,-1.));
#16768=IFCEXTRUDEDAREASOLID(#16762,#16766,#16767,0.004999999888241291);
#16769=IFCCARTESIANPOINTLIST2D(((0.,0.),(0.,2.0250000022351742),(0.95149379223585129,2.0250000022351742),(0.95149379223585129,0.),(0.90149378962814808,0.),(0.90149378962814808,1.974999999627471),(0.050000002607703209,1.974999999627471),(0.050000002607703209,0.)));
#16770=IFCINDEXEDPOLYCURVE(#16769,(IFCLINEINDEX((1,2,3,4,5,6,7,8,1))),$);
#16771=IFCARBITRARYCLOSEDPROFILEDEF(.AREA.,$,#16770);
#16772=IFCCARTESIANPOINT((-0.025000002235174179,0.05000000074505806,0.));
#16773=IFCDIRECTION((0.,-1.,0.));
#16774=IFCDIRECTION((1.,0.,0.));
#16775=IFCAXIS2PLACEMENT3D(#16772,#16773,#16774);
#16776=IFCDIRECTION((0.,0.,-1.));
#16777=IFCEXTRUDEDAREASOLID(#16771,#16775,#16776,0.004999999888241291);
#16778=IFCCARTESIANPOINTLIST2D(((0.,0.),(0.85149378702044487,0.),(0.85149378702044487,0.035000000149011612),(0.,0.035000000149011612)));
#16779=IFCINDEXEDPOLYCURVE(#16778,(IFCLINEINDEX((1,2,3,4,1))),$);
#16780=IFCARBITRARYCLOSEDPROFILEDEF(.AREA.,$,#16779);
#16781=IFCCARTESIANPOINT((0.02500000037252903,0.02500000037252903,0.02500000037252903));
#16782=IFCDIRECTION((0.,0.,1.));
#16783=IFCDIRECTION((1.,0.,0.));
#16784=IFCAXIS2PLACEMENT3D(#16781,#16782,#16783);
#16785=IFCDIRECTION((0.,0.,1.));
#16786=IFCEXTRUDEDAREASOLID(#16780,#16784,#16785,1.9499999992549419);
#16787=IFCCARTESIANPOINTLIST2D(((0.,0.),(0.,-0.040000000000000001),(0.12,-0.040000000000000001),(0.12,-0.02),(0.02,-0.02),(0.02,0.)));
#16788=IFCINDEXEDPOLYCURVE(#16787,(IFCLINEINDEX((1,2,3,4,5,6,1))),$);
#16789=IFCARBITRARYCLOSEDPROFILEDEF(.AREA.,$,#16788);
#16790=IFCCARTESIANPOINT((0.075000000372529033,0.02500000037252903,1.015000000372529));
#16791=IFCDIRECTION((0.,0.,1.));
#16792=IFCDIRECTION((1.,0.,0.));
#16793=IFCAXIS2PLACEMENT3D(#16790,#16791,#16792);
#16794=IFCDIRECTION((0.,0.,1.));
#16795=IFCEXTRUDEDAREASOLID(#16789,#16793,#16794,0.02);
#16796=IFCEXTRUDEDAREASOLID(#16797,#16800,#16804,0.02);
#16797=IFCARBITRARYCLOSEDPROFILEDEF(.AREA.,$,#16798);
#16798=IFCINDEXEDPOLYCURVE(#16799,(IFCLINEINDEX((1,2,3,4,5,6,1))),$);
#16799=IFCCARTESIANPOINTLIST2D(((0.,0.),(0.,0.040000000000000008),(0.11999999999999998,0.040000000000000008),(0.11999999999999998,0.020000000000000004),(0.020000000000000004,0.020000000000000004),(0.020000000000000004,0.)));
#16800=IFCAXIS2PLACEMENT3D(#16801,#16802,#16803);
#16801=IFCCARTESIANPOINT((0.075000000372529033,0.060000000521540642,1.015000000372529));
#16802=IFCDIRECTION((0.,0.,1.));
#16803=IFCDIRECTION((1.,0.,0.));
#16804=IFCDIRECTION((0.,0.,1.));
#16875=IFCCARTESIANPOINTLIST3D(((0.,0.,0.),(0.80103963613510132,0.,0.),(0.80103963613510132,0.,0.89999997615814209),(0.,0.,0.89999997615814209)));
#16876=IFCINDEXEDPOLYCURVE(#16875,(IFCLINEINDEX((1,2,3,4,1))),$);
#16877=IFCSHAPEREPRESENTATION(#18,'Profile','Curve3D',(#16876));
#16878=IFCCARTESIANPOINTLIST2D(((0.,0.),(0.80103963613510132,0.),(0.80103963613510132,0.89999997615814209),(0.,0.89999997615814209)));
#16879=IFCINDEXEDPOLYCURVE(#16878,(IFCLINEINDEX((1,2,3,4,1))),$);
#16880=IFCCARTESIANPOINTLIST2D(((0.02500000037252903,0.02500000037252903),(0.77603963576257229,0.02500000037252903),(0.77603963576257229,0.87499997578561306),(0.02500000037252903,0.87499997578561306)));
#16881=IFCINDEXEDPOLYCURVE(#16880,(IFCLINEINDEX((1,2,3,4,1))),$);
#16882=IFCARBITRARYPROFILEDEFWITHVOIDS(.AREA.,$,#16879,(#16881));
#16883=IFCCARTESIANPOINT((0.,0.090000001713633537,0.));
#16884=IFCDIRECTION((0.,-1.,0.));
#16885=IFCDIRECTION((1.,0.,0.));
#16886=IFCAXIS2PLACEMENT3D(#16883,#16884,#16885);
#16887=IFCDIRECTION((0.,0.,-1.));
#16888=IFCEXTRUDEDAREASOLID(#16882,#16886,#16887,0.0099999997764825821);
#16889=IFCCARTESIANPOINTLIST2D(((0.,0.),(0.80103963613510132,0.),(0.80103963613510132,0.89999997615814209),(0.,0.89999997615814209)));
#16890=IFCINDEXEDPOLYCURVE(#16889,(IFCLINEINDEX((1,2,3,4,1))),$);
#16891=IFCCARTESIANPOINTLIST2D(((0.05000000074505806,0.05000000074505806),(0.75103963539004326,0.05000000074505806),(0.75103963539004326,0.84999997541308403),(0.05000000074505806,0.84999997541308403)));
#16892=IFCINDEXEDPOLYCURVE(#16891,(IFCLINEINDEX((1,2,3,4,1))),$);
#16893=IFCARBITRARYPROFILEDEFWITHVOIDS(.AREA.,$,#16890,(#16892));
#16894=IFCCARTESIANPOINT((0.,0.05000000074505806,0.));
#16895=IFCDIRECTION((0.,-1.,0.));
#16896=IFCDIRECTION((1.,0.,0.));
#16897=IFCAXIS2PLACEMENT3D(#16894,#16895,#16896);
#16898=IFCDIRECTION((0.,0.,-1.));
#16899=IFCEXTRUDEDAREASOLID(#16893,#16897,#16898,0.040000000968575478);
#16900=IFCCARTESIANPOINTLIST2D(((0.,0.),(0.75103963539004326,0.),(0.75103963539004326,0.84999997541308403),(0.,0.84999997541308403)));
#16901=IFCINDEXEDPOLYCURVE(#16900,(IFCLINEINDEX((1,2,3,4,1))),$);
#16902=IFCCARTESIANPOINTLIST2D(((0.035000000149011612,0.035000000149011612),(0.71603963524103165,0.035000000149011612),(0.71603963524103165,0.81499997526407242),(0.035000000149011612,0.81499997526407242)));
#16903=IFCINDEXEDPOLYCURVE(#16902,(IFCLINEINDEX((1,2,3,4,1))),$);
#16904=IFCARBITRARYPROFILEDEFWITHVOIDS(.AREA.,$,#16901,(#16903));
#16905=IFCCARTESIANPOINT((0.02500000037252903,0.090000001713633537,0.02500000037252903));
#16906=IFCDIRECTION((0.,-1.,0.));
#16907=IFCDIRECTION((1.,0.,0.));
#16908=IFCAXIS2PLACEMENT3D(#16905,#16906,#16907);
#16909=IFCDIRECTION((0.,0.,-1.));
#16910=IFCEXTRUDEDAREASOLID(#16904,#16908,#16909,0.035000000149011612);
#16911=IFCINDEXEDPOLYCURVE(#16912,(IFCLINEINDEX((1,2,3,4,1))),$);
#16912=IFCCARTESIANPOINTLIST2D(((0.035000000149011612,0.035000000149011612),(0.71603963524103165,0.035000000149011612),(0.71603963524103165,0.81499997526407242),(0.035000000149011612,0.81499997526407242)));
#16913=IFCARBITRARYCLOSEDPROFILEDEF(.AREA.,$,#16911);
#16914=IFCCARTESIANPOINT((0.02500000037252903,0.10250000178813934,0.02500000037252903));
#16915=IFCDIRECTION((0.,-1.,0.));
#16916=IFCDIRECTION((1.,0.,0.));
#16917=IFCAXIS2PLACEMENT3D(#16914,#16915,#16916);
#16918=IFCDIRECTION((0.,0.,-1.));
#16919=IFCEXTRUDEDAREASOLID(#16913,#16917,#16918,0.01);
#16920=IFCSHAPEREPRESENTATION(#11,'Body','SweptSolid',(#16888,#16899,#16910,#16919));
#16921=IFCCARTESIANPOINTLIST2D(((0.05000000074505806,0.05000000074505806),(0.75103963539004326,0.05000000074505806)));
#16922=IFCINDEXEDPOLYCURVE(#16921,$,$);
#16923=IFCCARTESIANPOINTLIST2D(((0.,0.10000000149011612),(0.02500000037252903,0.10000000149011612),(0.02500000037252903,0.090000001713633537),(0.05000000074505806,0.090000001713633537),(0.05000000074505806,0.05000000074505806),(0.,0.05000000074505806)));
#16924=IFCINDEXEDPOLYCURVE(#16923,(IFCLINEINDEX((1,2,3,4,5,6,1))),$);
#16925=IFCCARTESIANPOINTLIST2D(((0.80103963613510132,0.10000000149011612),(0.77603963576257229,0.10000000149011612),(0.77603963576257229,0.090000001713633537),(0.75103963539004326,0.090000001713633537),(0.75103963539004326,0.05000000074505806),(0.80103963613510132,0.05000000074505806)));
#16926=IFCINDEXEDPOLYCURVE(#16925,(IFCLINEINDEX((1,2,3,4,5,6,1))),$);
#16927=IFCCARTESIANPOINTLIST2D(((0.02500000037252903,0.090000001713633537),(0.060000000521540642,0.090000001713633537),(0.060000000521540642,0.12500000186264515),(0.02500000037252903,0.12500000186264515)));
#16928=IFCINDEXEDPOLYCURVE(#16927,(IFCLINEINDEX((1,2,3,4,1))),$);
#16929=IFCINDEXEDPOLYCURVE(#16930,(IFCLINEINDEX((1,2,3,4,1))),$);
#16930=IFCCARTESIANPOINTLIST2D(((0.77603963576257229,0.090000001713633537),(0.74103963561356068,0.090000001713633537),(0.74103963561356068,0.12500000186264515),(0.77603963576257229,0.12500000186264515)));
#16931=IFCCARTESIANPOINTLIST2D(((0.060000000521540642,0.090000001713633537),(0.74103963561356068,0.090000001713633537)));
#16932=IFCINDEXEDPOLYCURVE(#16931,$,$);
#16933=IFCINDEXEDPOLYCURVE(#16934,$,$);
#16934=IFCCARTESIANPOINTLIST2D(((0.060000000521540642,0.12500000186264515),(0.74103963561356068,0.12500000186264515)));
#16935=IFCINDEXEDPOLYCURVE(#16936,$,$);
#16936=IFCCARTESIANPOINTLIST2D(((0.060000000521540642,0.10750000178813934),(0.74103963561356068,0.10750000178813934)));
#16937=IFCSHAPEREPRESENTATION(#24,'Body','Curve2D',(#16922,#16924,#16926,#16928,#16929,#16932,#16933,#16935));
#16938=IFCCARTESIANPOINTLIST2D(((0.,0.),(0.80103963613510132,0.),(0.80103963613510132,0.89999997615814209),(0.,0.89999997615814209)));
#16939=IFCINDEXEDPOLYCURVE(#16938,(IFCLINEINDEX((1,2,3,4,1))),$);
#16940=IFCARBITRARYCLOSEDPROFILEDEF(.AREA.,$,#16939);
#16941=IFCCARTESIANPOINT((0.,-0.60000002384185791,0.));
#16942=IFCDIRECTION((0.,-1.,0.));
#16943=IFCDIRECTION((1.,0.,0.));
#16944=IFCAXIS2PLACEMENT3D(#16941,#16942,#16943);
#16945=IFCDIRECTION((0.,0.,-1.));
#16946=IFCEXTRUDEDAREASOLID(#16940,#16944,#16945,1.2);
#16947=IFCSHAPEREPRESENTATION(#11,'Body','SweptSolid',(#16946));
#16953=IFCCARTESIANPOINT((6.9162428345527758,0.099999855839072449,1.));
#16954=IFCDIRECTION((0.,0.,1.));
#16955=IFCDIRECTION((-0.99999999999999611,-8.7422783678901773E-08,0.));
#16956=IFCAXIS2PLACEMENT3D(#16953,#16954,#16955);
#16957=IFCLOCALPLACEMENT(#21543,#16956);
#16958=IFCCARTESIANPOINT((-1.3322676295501878E-15,4.4408920985006262E-16,0.));
#16959=IFCDIRECTION((0.,0.,1.));
#16960=IFCDIRECTION((0.99999999999999978,2.6469779601696886E-23,0.));
#16961=IFCAXIS2PLACEMENT3D(#16958,#16959,#16960);
#16962=IFCLOCALPLACEMENT(#16957,#16961);
#16993=IFCCARTESIANPOINTLIST3D(((0.,0.,0.),(0.81429648399353027,0.,0.),(0.81429648399353027,0.,0.89999997615814209),(0.,0.,0.89999997615814209)));
#16994=IFCINDEXEDPOLYCURVE(#16993,(IFCLINEINDEX((1,2,3,4,1))),$);
#16995=IFCSHAPEREPRESENTATION(#18,'Profile','Curve3D',(#16994));
#16996=IFCCARTESIANPOINTLIST2D(((0.,0.),(0.81429648399353027,0.),(0.81429648399353027,0.89999997615814209),(0.,0.89999997615814209)));
#16997=IFCINDEXEDPOLYCURVE(#16996,(IFCLINEINDEX((1,2,3,4,1))),$);
#16998=IFCCARTESIANPOINTLIST2D(((0.02500000037252903,0.02500000037252903),(0.78929648362100124,0.02500000037252903),(0.78929648362100124,0.87499997578561306),(0.02500000037252903,0.87499997578561306)));
#16999=IFCINDEXEDPOLYCURVE(#16998,(IFCLINEINDEX((1,2,3,4,1))),$);
#17000=IFCARBITRARYPROFILEDEFWITHVOIDS(.AREA.,$,#16997,(#16999));
#17001=IFCCARTESIANPOINT((0.,0.090000001713633537,0.));
#17002=IFCDIRECTION((0.,-1.,0.));
#17003=IFCDIRECTION((1.,0.,0.));
#17004=IFCAXIS2PLACEMENT3D(#17001,#17002,#17003);
#17005=IFCDIRECTION((0.,0.,-1.));
#17006=IFCEXTRUDEDAREASOLID(#17000,#17004,#17005,0.0099999997764825821);
#17007=IFCCARTESIANPOINTLIST2D(((0.,0.),(0.81429648399353027,0.),(0.81429648399353027,0.89999997615814209),(0.,0.89999997615814209)));
#17008=IFCINDEXEDPOLYCURVE(#17007,(IFCLINEINDEX((1,2,3,4,1))),$);
#17009=IFCCARTESIANPOINTLIST2D(((0.05000000074505806,0.05000000074505806),(0.76429648324847221,0.05000000074505806),(0.76429648324847221,0.84999997541308403),(0.05000000074505806,0.84999997541308403)));
#17010=IFCINDEXEDPOLYCURVE(#17009,(IFCLINEINDEX((1,2,3,4,1))),$);
#17011=IFCARBITRARYPROFILEDEFWITHVOIDS(.AREA.,$,#17008,(#17010));
#17012=IFCCARTESIANPOINT((0.,0.05000000074505806,0.));
#17013=IFCDIRECTION((0.,-1.,0.));
#17014=IFCDIRECTION((1.,0.,0.));
#17015=IFCAXIS2PLACEMENT3D(#17012,#17013,#17014);
#17016=IFCDIRECTION((0.,0.,-1.));
#17017=IFCEXTRUDEDAREASOLID(#17011,#17015,#17016,0.040000000968575478);
#17018=IFCCARTESIANPOINTLIST2D(((0.,0.),(0.76429648324847221,0.),(0.76429648324847221,0.84999997541308403),(0.,0.84999997541308403)));
#17019=IFCINDEXEDPOLYCURVE(#17018,(IFCLINEINDEX((1,2,3,4,1))),$);
#17020=IFCCARTESIANPOINTLIST2D(((0.035000000149011612,0.035000000149011612),(0.7292964830994606,0.035000000149011612),(0.7292964830994606,0.81499997526407242),(0.035000000149011612,0.81499997526407242)));
#17021=IFCINDEXEDPOLYCURVE(#17020,(IFCLINEINDEX((1,2,3,4,1))),$);
#17022=IFCARBITRARYPROFILEDEFWITHVOIDS(.AREA.,$,#17019,(#17021));
#17023=IFCCARTESIANPOINT((0.02500000037252903,0.090000001713633537,0.02500000037252903));
#17024=IFCDIRECTION((0.,-1.,0.));
#17025=IFCDIRECTION((1.,0.,0.));
#17026=IFCAXIS2PLACEMENT3D(#17023,#17024,#17025);
#17027=IFCDIRECTION((0.,0.,-1.));
#17028=IFCEXTRUDEDAREASOLID(#17022,#17026,#17027,0.035000000149011612);
#17029=IFCINDEXEDPOLYCURVE(#17030,(IFCLINEINDEX((1,2,3,4,1))),$);
#17030=IFCCARTESIANPOINTLIST2D(((0.035000000149011612,0.035000000149011612),(0.7292964830994606,0.035000000149011612),(0.7292964830994606,0.81499997526407242),(0.035000000149011612,0.81499997526407242)));
#17031=IFCARBITRARYCLOSEDPROFILEDEF(.AREA.,$,#17029);
#17032=IFCCARTESIANPOINT((0.02500000037252903,0.10250000178813934,0.02500000037252903));
#17033=IFCDIRECTION((0.,-1.,0.));
#17034=IFCDIRECTION((1.,0.,0.));
#17035=IFCAXIS2PLACEMENT3D(#17032,#17033,#17034);
#17036=IFCDIRECTION((0.,0.,-1.));
#17037=IFCEXTRUDEDAREASOLID(#17031,#17035,#17036,0.01);
#17038=IFCSHAPEREPRESENTATION(#11,'Body','SweptSolid',(#17006,#17017,#17028,#17037));
#17039=IFCCARTESIANPOINTLIST2D(((0.05000000074505806,0.05000000074505806),(0.76429648324847221,0.05000000074505806)));
#17040=IFCINDEXEDPOLYCURVE(#17039,$,$);
#17041=IFCCARTESIANPOINTLIST2D(((0.,0.10000000149011612),(0.02500000037252903,0.10000000149011612),(0.02500000037252903,0.090000001713633537),(0.05000000074505806,0.090000001713633537),(0.05000000074505806,0.05000000074505806),(0.,0.05000000074505806)));
#17042=IFCINDEXEDPOLYCURVE(#17041,(IFCLINEINDEX((1,2,3,4,5,6,1))),$);
#17043=IFCCARTESIANPOINTLIST2D(((0.81429648399353027,0.10000000149011612),(0.78929648362100124,0.10000000149011612),(0.78929648362100124,0.090000001713633537),(0.76429648324847221,0.090000001713633537),(0.76429648324847221,0.05000000074505806),(0.81429648399353027,0.05000000074505806)));
#17044=IFCINDEXEDPOLYCURVE(#17043,(IFCLINEINDEX((1,2,3,4,5,6,1))),$);
#17045=IFCCARTESIANPOINTLIST2D(((0.02500000037252903,0.090000001713633537),(0.060000000521540642,0.090000001713633537),(0.060000000521540642,0.12500000186264515),(0.02500000037252903,0.12500000186264515)));
#17046=IFCINDEXEDPOLYCURVE(#17045,(IFCLINEINDEX((1,2,3,4,1))),$);
#17047=IFCINDEXEDPOLYCURVE(#17048,(IFCLINEINDEX((1,2,3,4,1))),$);
#17048=IFCCARTESIANPOINTLIST2D(((0.78929648362100124,0.090000001713633537),(0.75429648347198963,0.090000001713633537),(0.75429648347198963,0.12500000186264515),(0.78929648362100124,0.12500000186264515)));
#17049=IFCCARTESIANPOINTLIST2D(((0.060000000521540642,0.090000001713633537),(0.75429648347198963,0.090000001713633537)));
#17050=IFCINDEXEDPOLYCURVE(#17049,$,$);
#17051=IFCINDEXEDPOLYCURVE(#17052,$,$);
#17052=IFCCARTESIANPOINTLIST2D(((0.060000000521540642,0.12500000186264515),(0.75429648347198963,0.12500000186264515)));
#17053=IFCINDEXEDPOLYCURVE(#17054,$,$);
#17054=IFCCARTESIANPOINTLIST2D(((0.060000000521540642,0.10750000178813934),(0.75429648347198963,0.10750000178813934)));
#17055=IFCSHAPEREPRESENTATION(#24,'Body','Curve2D',(#17040,#17042,#17044,#17046,#17047,#17050,#17051,#17053));
#17056=IFCCARTESIANPOINTLIST2D(((0.,0.),(0.81429648399353027,0.),(0.81429648399353027,0.89999997615814209),(0.,0.89999997615814209)));
#17057=IFCINDEXEDPOLYCURVE(#17056,(IFCLINEINDEX((1,2,3,4,1))),$);
#17058=IFCARBITRARYCLOSEDPROFILEDEF(.AREA.,$,#17057);
#17059=IFCCARTESIANPOINT((0.,-0.60000002384185791,0.));
#17060=IFCDIRECTION((0.,-1.,0.));
#17061=IFCDIRECTION((1.,0.,0.));
#17062=IFCAXIS2PLACEMENT3D(#17059,#17060,#17061);
#17063=IFCDIRECTION((0.,0.,-1.));
#17064=IFCEXTRUDEDAREASOLID(#17058,#17062,#17063,1.2);
#17065=IFCSHAPEREPRESENTATION(#11,'Body','SweptSolid',(#17064));
#17071=IFCCARTESIANPOINT((4.3632233109321419,0.099999571749529892,1.));
#17072=IFCDIRECTION((0.,0.,1.));
#17073=IFCDIRECTION((-0.99999999999999611,-8.7422783678901773E-08,0.));
#17074=IFCAXIS2PLACEMENT3D(#17071,#17072,#17073);
#17075=IFCLOCALPLACEMENT(#21543,#17074);
#17076=IFCCARTESIANPOINT((-4.4408920985006262E-16,4.4408920985006262E-16,0.));
#17077=IFCDIRECTION((0.,0.,1.));
#17078=IFCDIRECTION((0.99999999999999978,2.6469779601696886E-23,0.));
#17079=IFCAXIS2PLACEMENT3D(#17076,#17077,#17078);
#17080=IFCLOCALPLACEMENT(#17075,#17079);
#17111=IFCCARTESIANPOINTLIST3D(((0.,0.,0.),(0.80270004272460938,0.,0.),(0.80270004272460938,0.,0.89999997615814209),(0.,0.,0.89999997615814209)));
#17112=IFCINDEXEDPOLYCURVE(#17111,(IFCLINEINDEX((1,2,3,4,1))),$);
#17113=IFCSHAPEREPRESENTATION(#18,'Profile','Curve3D',(#17112));
#17114=IFCCARTESIANPOINTLIST2D(((0.,0.),(0.80270004272460938,0.),(0.80270004272460938,0.89999997615814209),(0.,0.89999997615814209)));
#17115=IFCINDEXEDPOLYCURVE(#17114,(IFCLINEINDEX((1,2,3,4,1))),$);
#17116=IFCCARTESIANPOINTLIST2D(((0.02500000037252903,0.02500000037252903),(0.77770004235208035,0.02500000037252903),(0.77770004235208035,0.87499997578561306),(0.02500000037252903,0.87499997578561306)));
#17117=IFCINDEXEDPOLYCURVE(#17116,(IFCLINEINDEX((1,2,3,4,1))),$);
#17118=IFCARBITRARYPROFILEDEFWITHVOIDS(.AREA.,$,#17115,(#17117));
#17119=IFCCARTESIANPOINT((0.,0.090000001713633537,0.));
#17120=IFCDIRECTION((0.,-1.,0.));
#17121=IFCDIRECTION((1.,0.,0.));
#17122=IFCAXIS2PLACEMENT3D(#17119,#17120,#17121);
#17123=IFCDIRECTION((0.,0.,-1.));
#17124=IFCEXTRUDEDAREASOLID(#17118,#17122,#17123,0.0099999997764825821);
#17125=IFCCARTESIANPOINTLIST2D(((0.,0.),(0.80270004272460938,0.),(0.80270004272460938,0.89999997615814209),(0.,0.89999997615814209)));
#17126=IFCINDEXEDPOLYCURVE(#17125,(IFCLINEINDEX((1,2,3,4,1))),$);
#17127=IFCCARTESIANPOINTLIST2D(((0.05000000074505806,0.05000000074505806),(0.75270004197955132,0.05000000074505806),(0.75270004197955132,0.84999997541308403),(0.05000000074505806,0.84999997541308403)));
#17128=IFCINDEXEDPOLYCURVE(#17127,(IFCLINEINDEX((1,2,3,4,1))),$);
#17129=IFCARBITRARYPROFILEDEFWITHVOIDS(.AREA.,$,#17126,(#17128));
#17130=IFCCARTESIANPOINT((0.,0.05000000074505806,0.));
#17131=IFCDIRECTION((0.,-1.,0.));
#17132=IFCDIRECTION((1.,0.,0.));
#17133=IFCAXIS2PLACEMENT3D(#17130,#17131,#17132);
#17134=IFCDIRECTION((0.,0.,-1.));
#17135=IFCEXTRUDEDAREASOLID(#17129,#17133,#17134,0.040000000968575478);
#17136=IFCCARTESIANPOINTLIST2D(((0.,0.),(0.75270004197955132,0.),(0.75270004197955132,0.84999997541308403),(0.,0.84999997541308403)));
#17137=IFCINDEXEDPOLYCURVE(#17136,(IFCLINEINDEX((1,2,3,4,1))),$);
#17138=IFCCARTESIANPOINTLIST2D(((0.035000000149011612,0.035000000149011612),(0.7177000418305397,0.035000000149011612),(0.7177000418305397,0.81499997526407242),(0.035000000149011612,0.81499997526407242)));
#17139=IFCINDEXEDPOLYCURVE(#17138,(IFCLINEINDEX((1,2,3,4,1))),$);
#17140=IFCARBITRARYPROFILEDEFWITHVOIDS(.AREA.,$,#17137,(#17139));
#17141=IFCCARTESIANPOINT((0.02500000037252903,0.090000001713633537,0.02500000037252903));
#17142=IFCDIRECTION((0.,-1.,0.));
#17143=IFCDIRECTION((1.,0.,0.));
#17144=IFCAXIS2PLACEMENT3D(#17141,#17142,#17143);
#17145=IFCDIRECTION((0.,0.,-1.));
#17146=IFCEXTRUDEDAREASOLID(#17140,#17144,#17145,0.035000000149011612);
#17147=IFCINDEXEDPOLYCURVE(#17148,(IFCLINEINDEX((1,2,3,4,1))),$);
#17148=IFCCARTESIANPOINTLIST2D(((0.035000000149011612,0.035000000149011612),(0.7177000418305397,0.035000000149011612),(0.7177000418305397,0.81499997526407242),(0.035000000149011612,0.81499997526407242)));
#17149=IFCARBITRARYCLOSEDPROFILEDEF(.AREA.,$,#17147);
#17150=IFCCARTESIANPOINT((0.02500000037252903,0.10250000178813934,0.02500000037252903));
#17151=IFCDIRECTION((0.,-1.,0.));
#17152=IFCDIRECTION((1.,0.,0.));
#17153=IFCAXIS2PLACEMENT3D(#17150,#17151,#17152);
#17154=IFCDIRECTION((0.,0.,-1.));
#17155=IFCEXTRUDEDAREASOLID(#17149,#17153,#17154,0.01);
#17156=IFCSHAPEREPRESENTATION(#11,'Body','SweptSolid',(#17124,#17135,#17146,#17155));
#17157=IFCCARTESIANPOINTLIST2D(((0.05000000074505806,0.05000000074505806),(0.75270004197955132,0.05000000074505806)));
#17158=IFCINDEXEDPOLYCURVE(#17157,$,$);
#17159=IFCCARTESIANPOINTLIST2D(((0.,0.10000000149011612),(0.02500000037252903,0.10000000149011612),(0.02500000037252903,0.090000001713633537),(0.05000000074505806,0.090000001713633537),(0.05000000074505806,0.05000000074505806),(0.,0.05000000074505806)));
#17160=IFCINDEXEDPOLYCURVE(#17159,(IFCLINEINDEX((1,2,3,4,5,6,1))),$);
#17161=IFCCARTESIANPOINTLIST2D(((0.80270004272460938,0.10000000149011612),(0.77770004235208035,0.10000000149011612),(0.77770004235208035,0.090000001713633537),(0.75270004197955132,0.090000001713633537),(0.75270004197955132,0.05000000074505806),(0.80270004272460938,0.05000000074505806)));
#17162=IFCINDEXEDPOLYCURVE(#17161,(IFCLINEINDEX((1,2,3,4,5,6,1))),$);
#17163=IFCCARTESIANPOINTLIST2D(((0.02500000037252903,0.090000001713633537),(0.060000000521540642,0.090000001713633537),(0.060000000521540642,0.12500000186264515),(0.02500000037252903,0.12500000186264515)));
#17164=IFCINDEXEDPOLYCURVE(#17163,(IFCLINEINDEX((1,2,3,4,1))),$);
#17165=IFCINDEXEDPOLYCURVE(#17166,(IFCLINEINDEX((1,2,3,4,1))),$);
#17166=IFCCARTESIANPOINTLIST2D(((0.77770004235208035,0.090000001713633537),(0.74270004220306873,0.090000001713633537),(0.74270004220306873,0.12500000186264515),(0.77770004235208035,0.12500000186264515)));
#17167=IFCCARTESIANPOINTLIST2D(((0.060000000521540642,0.090000001713633537),(0.74270004220306873,0.090000001713633537)));
#17168=IFCINDEXEDPOLYCURVE(#17167,$,$);
#17169=IFCINDEXEDPOLYCURVE(#17170,$,$);
#17170=IFCCARTESIANPOINTLIST2D(((0.060000000521540642,0.12500000186264515),(0.74270004220306873,0.12500000186264515)));
#17171=IFCINDEXEDPOLYCURVE(#17172,$,$);
#17172=IFCCARTESIANPOINTLIST2D(((0.060000000521540642,0.10750000178813934),(0.74270004220306873,0.10750000178813934)));
#17173=IFCSHAPEREPRESENTATION(#24,'Body','Curve2D',(#17158,#17160,#17162,#17164,#17165,#17168,#17169,#17171));
#17174=IFCCARTESIANPOINTLIST2D(((0.,0.),(0.80270004272460938,0.),(0.80270004272460938,0.89999997615814209),(0.,0.89999997615814209)));
#17175=IFCINDEXEDPOLYCURVE(#17174,(IFCLINEINDEX((1,2,3,4,1))),$);
#17176=IFCARBITRARYCLOSEDPROFILEDEF(.AREA.,$,#17175);
#17177=IFCCARTESIANPOINT((0.,-0.60000002384185791,0.));
#17178=IFCDIRECTION((0.,-1.,0.));
#17179=IFCDIRECTION((1.,0.,0.));
#17180=IFCAXIS2PLACEMENT3D(#17177,#17178,#17179);
#17181=IFCDIRECTION((0.,0.,-1.));
#17182=IFCEXTRUDEDAREASOLID(#17176,#17180,#17181,1.2);
#17183=IFCSHAPEREPRESENTATION(#11,'Body','SweptSolid',(#17182));
#17189=IFCCARTESIANPOINT((2.3319563832129599,0.099998771431603739,1.));
#17190=IFCDIRECTION((0.,0.,1.));
#17191=IFCDIRECTION((-0.99999999999999611,-8.7422783678901773E-08,0.));
#17192=IFCAXIS2PLACEMENT3D(#17189,#17190,#17191);
#17193=IFCLOCALPLACEMENT(#21543,#17192);
#17194=IFCCARTESIANPOINT((0.,4.4408920985006262E-16,0.));
#17195=IFCDIRECTION((0.,0.,1.));
#17196=IFCDIRECTION((0.99999999999999978,2.6469779601696886E-23,0.));
#17197=IFCAXIS2PLACEMENT3D(#17194,#17195,#17196);
#17198=IFCLOCALPLACEMENT(#17193,#17197);
#17229=IFCCARTESIANPOINTLIST3D(((0.,0.,0.),(1.2150700092315674,0.,0.),(1.2150700092315674,0.,0.89999997615814209),(0.,0.,0.89999997615814209)));
#17230=IFCINDEXEDPOLYCURVE(#17229,(IFCLINEINDEX((1,2,3,4,1))),$);
#17231=IFCSHAPEREPRESENTATION(#18,'Profile','Curve3D',(#17230));
#17232=IFCCARTESIANPOINTLIST2D(((0.,0.),(0.62754833698272705,0.),(0.62754833698272705,0.89999997615814209),(0.,0.89999997615814209)));
#17233=IFCINDEXEDPOLYCURVE(#17232,(IFCLINEINDEX((1,2,3,4,1))),$);
#17234=IFCCARTESIANPOINTLIST2D(((0.02500000037252903,0.02500000037252903),(0.65254833735525608,0.02500000037252903),(0.65254833735525608,0.87499997578561306),(0.02500000037252903,0.87499997578561306)));
#17235=IFCINDEXEDPOLYCURVE(#17234,(IFCLINEINDEX((1,2,3,4,1))),$);
#17236=IFCARBITRARYPROFILEDEFWITHVOIDS(.AREA.,$,#17233,(#17235));
#17237=IFCCARTESIANPOINT((0.,0.090000001713633537,0.));
#17238=IFCDIRECTION((0.,-1.,0.));
#17239=IFCDIRECTION((1.,0.,0.));
#17240=IFCAXIS2PLACEMENT3D(#17237,#17238,#17239);
#17241=IFCDIRECTION((0.,0.,-1.));
#17242=IFCEXTRUDEDAREASOLID(#17236,#17240,#17241,0.0099999997764825821);
#17243=IFCCARTESIANPOINTLIST2D(((0.62754833698272705,0.),(0.,0.),(0.,0.89999997615814209),(0.62754833698272705,0.89999997615814209),(0.62754833698272705,0.84999997541308403),(0.05000000074505806,0.84999997541308403),(0.05000000074505806,0.05000000074505806),(0.62754833698272705,0.05000000074505806)));
#17244=IFCINDEXEDPOLYCURVE(#17243,(IFCLINEINDEX((1,2,3,4,5,6,7,8,1))),$);
#17245=IFCARBITRARYCLOSEDPROFILEDEF(.AREA.,$,#17244);
#17246=IFCCARTESIANPOINT((0.,0.05000000074505806,0.));
#17247=IFCDIRECTION((0.,-1.,0.));
#17248=IFCDIRECTION((1.,0.,0.));
#17249=IFCAXIS2PLACEMENT3D(#17246,#17247,#17248);
#17250=IFCDIRECTION((0.,0.,-1.));
#17251=IFCEXTRUDEDAREASOLID(#17245,#17249,#17250,0.040000000968575478);
#17252=IFCCARTESIANPOINTLIST2D(((0.,0.),(0.62754833698272705,0.),(0.62754833698272705,0.84999997541308403),(0.,0.84999997541308403)));
#17253=IFCINDEXEDPOLYCURVE(#17252,(IFCLINEINDEX((1,2,3,4,1))),$);
#17254=IFCCARTESIANPOINTLIST2D(((0.035000000149011612,0.035000000149011612),(0.59254833683371544,0.035000000149011612),(0.59254833683371544,0.81499997526407242),(0.035000000149011612,0.81499997526407242)));
#17255=IFCINDEXEDPOLYCURVE(#17254,(IFCLINEINDEX((1,2,3,4,1))),$);
#17256=IFCARBITRARYPROFILEDEFWITHVOIDS(.AREA.,$,#17253,(#17255));
#17257=IFCCARTESIANPOINT((0.02500000037252903,0.090000001713633537,0.02500000037252903));
#17258=IFCDIRECTION((0.,-1.,0.));
#17259=IFCDIRECTION((1.,0.,0.));
#17260=IFCAXIS2PLACEMENT3D(#17257,#17258,#17259);
#17261=IFCDIRECTION((0.,0.,-1.));
#17262=IFCEXTRUDEDAREASOLID(#17256,#17260,#17261,0.035000000149011612);
#17263=IFCINDEXEDPOLYCURVE(#17264,(IFCLINEINDEX((1,2,3,4,1))),$);
#17264=IFCCARTESIANPOINTLIST2D(((0.035000000149011612,0.035000000149011612),(0.59254833683371544,0.035000000149011612),(0.59254833683371544,0.81499997526407242),(0.035000000149011612,0.81499997526407242)));
#17265=IFCARBITRARYCLOSEDPROFILEDEF(.AREA.,$,#17263);
#17266=IFCCARTESIANPOINT((0.02500000037252903,0.10250000178813934,0.02500000037252903));
#17267=IFCDIRECTION((0.,-1.,0.));
#17268=IFCDIRECTION((1.,0.,0.));
#17269=IFCAXIS2PLACEMENT3D(#17266,#17267,#17268);
#17270=IFCDIRECTION((0.,0.,-1.));
#17271=IFCEXTRUDEDAREASOLID(#17265,#17269,#17270,0.01);
#17272=IFCCARTESIANPOINTLIST2D(((0.,0.),(0.58752167224884033,0.),(0.58752167224884033,0.89999997615814209),(0.,0.89999997615814209)));
#17273=IFCINDEXEDPOLYCURVE(#17272,(IFCLINEINDEX((1,2,3,4,1))),$);
#17274=IFCCARTESIANPOINTLIST2D(((-0.02500000037252903,0.02500000037252903),(0.5625216718763113,0.02500000037252903),(0.5625216718763113,0.87499997578561306),(-0.02500000037252903,0.87499997578561306)));
#17275=IFCINDEXEDPOLYCURVE(#17274,(IFCLINEINDEX((1,2,3,4,1))),$);
#17276=IFCARBITRARYPROFILEDEFWITHVOIDS(.AREA.,$,#17273,(#17275));
#17277=IFCCARTESIANPOINT((0.62754833698272705,0.090000001713633537,0.));
#17278=IFCDIRECTION((0.,-1.,0.));
#17279=IFCDIRECTION((1.,0.,0.));
#17280=IFCAXIS2PLACEMENT3D(#17277,#17278,#17279);
#17281=IFCDIRECTION((0.,0.,-1.));
#17282=IFCEXTRUDEDAREASOLID(#17276,#17280,#17281,0.0099999997764825821);
#17283=IFCCARTESIANPOINTLIST2D(((0.,0.89999997615814209),(0.58752167224884033,0.89999997615814209),(0.58752167224884033,0.),(0.,0.),(0.,0.05000000074505806),(0.53752167150378227,0.05000000074505806),(0.53752167150378227,0.84999997541308403),(0.,0.84999997541308403)));
#17284=IFCINDEXEDPOLYCURVE(#17283,(IFCLINEINDEX((1,2,3,4,5,6,7,8,1))),$);
#17285=IFCARBITRARYCLOSEDPROFILEDEF(.AREA.,$,#17284);
#17286=IFCCARTESIANPOINT((0.62754833698272705,0.05000000074505806,0.));
#17287=IFCDIRECTION((0.,-1.,0.));
#17288=IFCDIRECTION((1.,0.,0.));
#17289=IFCAXIS2PLACEMENT3D(#17286,#17287,#17288);
#17290=IFCDIRECTION((0.,0.,-1.));
#17291=IFCEXTRUDEDAREASOLID(#17285,#17289,#17290,0.040000000968575478);
#17292=IFCCARTESIANPOINTLIST2D(((0.,0.),(0.58752167224884033,0.),(0.58752167224884033,0.84999997541308403),(0.,0.84999997541308403)));
#17293=IFCINDEXEDPOLYCURVE(#17292,(IFCLINEINDEX((1,2,3,4,1))),$);
#17294=IFCCARTESIANPOINTLIST2D(((0.035000000149011612,0.035000000149011612),(0.55252167209982872,0.035000000149011612),(0.55252167209982872,0.81499997526407242),(0.035000000149011612,0.81499997526407242)));
#17295=IFCINDEXEDPOLYCURVE(#17294,(IFCLINEINDEX((1,2,3,4,1))),$);
#17296=IFCARBITRARYPROFILEDEFWITHVOIDS(.AREA.,$,#17293,(#17295));
#17297=IFCCARTESIANPOINT((0.60254833661019802,0.090000001713633537,0.02500000037252903));
#17298=IFCDIRECTION((0.,-1.,0.));
#17299=IFCDIRECTION((1.,0.,0.));
#17300=IFCAXIS2PLACEMENT3D(#17297,#17298,#17299);
#17301=IFCDIRECTION((0.,0.,-1.));
#17302=IFCEXTRUDEDAREASOLID(#17296,#17300,#17301,0.035000000149011612);
#17303=IFCINDEXEDPOLYCURVE(#17304,(IFCLINEINDEX((1,2,3,4,1))),$);
#17304=IFCCARTESIANPOINTLIST2D(((0.035000000149011612,0.035000000149011612),(0.55252167209982872,0.035000000149011612),(0.55252167209982872,0.81499997526407242),(0.035000000149011612,0.81499997526407242)));
#17305=IFCARBITRARYCLOSEDPROFILEDEF(.AREA.,$,#17303);
#17306=IFCCARTESIANPOINT((0.60254833661019802,0.10250000178813934,0.02500000037252903));
#17307=IFCDIRECTION((0.,-1.,0.));
#17308=IFCDIRECTION((1.,0.,0.));
#17309=IFCAXIS2PLACEMENT3D(#17306,#17307,#17308);
#17310=IFCDIRECTION((0.,0.,-1.));
#17311=IFCEXTRUDEDAREASOLID(#17305,#17309,#17310,0.01);
#17312=IFCSHAPEREPRESENTATION(#11,'Body','SweptSolid',(#17242,#17251,#17262,#17271,#17282,#17291,#17302,#17311));
#17313=IFCSHAPEREPRESENTATION(#11,'Body','SweptSolid',(#17242,#17251,#17282,#17291));
#17314=IFCSHAPEASPECT((#17313),'Lining',$,.T.,#13086);
#17315=IFCSHAPEREPRESENTATION(#11,'Body','SweptSolid',(#17262,#17302));
#17316=IFCSHAPEASPECT((#17315),'Framing',$,.T.,#13086);
#17317=IFCSHAPEREPRESENTATION(#11,'Body','SweptSolid',(#17271,#17311));
#17318=IFCSHAPEASPECT((#17317),'Glazing',$,.T.,#13086);
#17319=IFCCARTESIANPOINTLIST2D(((0.05000000074505806,0.05000000074505806),(0.62754833698272705,0.05000000074505806)));
#17320=IFCINDEXEDPOLYCURVE(#17319,$,$);
#17321=IFCCARTESIANPOINTLIST2D(((0.,0.10000000149011612),(0.02500000037252903,0.10000000149011612),(0.02500000037252903,0.090000001713633537),(0.05000000074505806,0.090000001713633537),(0.05000000074505806,0.05000000074505806),(0.,0.05000000074505806)));
#17322=IFCINDEXEDPOLYCURVE(#17321,(IFCLINEINDEX((1,2,3,4,5,6,1))),$);
#17323=IFCCARTESIANPOINTLIST2D(((0.62754833698272705,0.10000000149011612),(0.65254833735525608,0.10000000149011612),(0.65254833735525608,0.090000001713633537),(0.62754833698272705,0.090000001713633537),(0.62754833698272705,0.05000000074505806),(0.62754833698272705,0.05000000074505806)));
#17324=IFCINDEXEDPOLYCURVE(#17323,$,$);
#17325=IFCCARTESIANPOINTLIST2D(((0.02500000037252903,0.090000001713633537),(0.060000000521540642,0.090000001713633537),(0.060000000521540642,0.12500000186264515),(0.02500000037252903,0.12500000186264515)));
#17326=IFCINDEXEDPOLYCURVE(#17325,(IFCLINEINDEX((1,2,3,4,1))),$);
#17327=IFCINDEXEDPOLYCURVE(#17328,(IFCLINEINDEX((1,2,3,4,1))),$);
#17328=IFCCARTESIANPOINTLIST2D(((0.65254833735525608,0.090000001713633537),(0.61754833720624447,0.090000001713633537),(0.61754833720624447,0.12500000186264515),(0.65254833735525608,0.12500000186264515)));
#17329=IFCCARTESIANPOINTLIST2D(((0.060000000521540642,0.090000001713633537),(0.61754833720624447,0.090000001713633537)));
#17330=IFCINDEXEDPOLYCURVE(#17329,$,$);
#17331=IFCINDEXEDPOLYCURVE(#17332,$,$);
#17332=IFCCARTESIANPOINTLIST2D(((0.060000000521540642,0.12500000186264515),(0.61754833720624447,0.12500000186264515)));
#17333=IFCINDEXEDPOLYCURVE(#17334,$,$);
#17334=IFCCARTESIANPOINTLIST2D(((0.060000000521540642,0.10750000178813934),(0.61754833720624447,0.10750000178813934)));
#17335=IFCCARTESIANPOINTLIST2D(((0.62754833698272705,0.05000000074505806),(1.1650700084865093,0.05000000074505806)));
#17336=IFCINDEXEDPOLYCURVE(#17335,$,$);
#17337=IFCCARTESIANPOINTLIST2D(((0.62754833698272705,0.10000000149011612),(0.60254833661019802,0.10000000149011612),(0.60254833661019802,0.090000001713633537),(0.62754833698272705,0.090000001713633537),(0.62754833698272705,0.05000000074505806),(0.62754833698272705,0.05000000074505806)));
#17338=IFCINDEXEDPOLYCURVE(#17337,$,$);
#17339=IFCCARTESIANPOINTLIST2D(((1.2150700092315674,0.10000000149011612),(1.1900700088590384,0.10000000149011612),(1.1900700088590384,0.090000001713633537),(1.1650700084865093,0.090000001713633537),(1.1650700084865093,0.05000000074505806),(1.2150700092315674,0.05000000074505806)));
#17340=IFCINDEXEDPOLYCURVE(#17339,(IFCLINEINDEX((1,2,3,4,5,6,1))),$);
#17341=IFCCARTESIANPOINTLIST2D(((0.60254833661019802,0.090000001713633537),(0.63754833675920963,0.090000001713633537),(0.63754833675920963,0.12500000186264515),(0.60254833661019802,0.12500000186264515)));
#17342=IFCINDEXEDPOLYCURVE(#17341,(IFCLINEINDEX((1,2,3,4,1))),$);
#17343=IFCINDEXEDPOLYCURVE(#17344,(IFCLINEINDEX((1,2,3,4,1))),$);
#17344=IFCCARTESIANPOINTLIST2D(((1.1900700088590384,0.090000001713633537),(1.1550700087100267,0.090000001713633537),(1.1550700087100267,0.12500000186264515),(1.1900700088590384,0.12500000186264515)));
#17345=IFCCARTESIANPOINTLIST2D(((0.63754833675920963,0.090000001713633537),(1.1550700087100267,0.090000001713633537)));
#17346=IFCINDEXEDPOLYCURVE(#17345,$,$);
#17347=IFCINDEXEDPOLYCURVE(#17348,$,$);
#17348=IFCCARTESIANPOINTLIST2D(((0.63754833675920963,0.12500000186264515),(1.1550700087100267,0.12500000186264515)));
#17349=IFCINDEXEDPOLYCURVE(#17350,$,$);
#17350=IFCCARTESIANPOINTLIST2D(((0.63754833675920963,0.10750000178813934),(1.1550700087100267,0.10750000178813934)));
#17351=IFCSHAPEREPRESENTATION(#24,'Body','Curve2D',(#17320,#17322,#17324,#17326,#17327,#17330,#17331,#17333,#17336,#17338,#17340,#17342,#17343,#17346,#17347,#17349));
#17352=IFCCARTESIANPOINTLIST2D(((0.,0.),(1.2150700092315674,0.),(1.2150700092315674,0.89999997615814209),(0.,0.89999997615814209)));
#17353=IFCINDEXEDPOLYCURVE(#17352,(IFCLINEINDEX((1,2,3,4,1))),$);
#17354=IFCARBITRARYCLOSEDPROFILEDEF(.AREA.,$,#17353);
#17355=IFCCARTESIANPOINT((0.,-0.60000002384185791,0.));
#17356=IFCDIRECTION((0.,-1.,0.));
#17357=IFCDIRECTION((1.,0.,0.));
#17358=IFCAXIS2PLACEMENT3D(#17355,#17356,#17357);
#17359=IFCDIRECTION((0.,0.,-1.));
#17360=IFCEXTRUDEDAREASOLID(#17354,#17358,#17359,1.2);
#17361=IFCSHAPEREPRESENTATION(#11,'Body','SweptSolid',(#17360));
#17367=IFCCARTESIANPOINT((1.8138323632881428,0.099999657290640975,1.));
#17368=IFCDIRECTION((0.,0.,1.));
#17369=IFCDIRECTION((-0.99999999999994682,3.2584136988578502E-07,0.));
#17370=IFCAXIS2PLACEMENT3D(#17367,#17368,#17369);
#17371=IFCLOCALPLACEMENT(#21538,#17370);
#17372=IFCCARTESIANPOINT((-4.4408920985006262E-16,-8.8817841970012523E-16,0.));
#17373=IFCDIRECTION((0.,0.,1.));
#17374=IFCDIRECTION((1.,3.1763735522036263E-22,0.));
#17375=IFCAXIS2PLACEMENT3D(#17372,#17373,#17374);
#17376=IFCLOCALPLACEMENT(#17371,#17375);
#17380=IFCCARTESIANPOINTLIST2D(((0.,0.),(0.,2.),(1.9728127717971802,2.),(1.9728127717971802,0.),(1.9478127714246511,0.),(1.9478127714246511,1.974999999627471),(0.02500000037252903,1.974999999627471),(0.02500000037252903,0.)));
#17381=IFCINDEXEDPOLYCURVE(#17380,(IFCLINEINDEX((1,2,3,4,5,6,7,8,1))),$);
#17382=IFCARBITRARYCLOSEDPROFILEDEF(.AREA.,$,#17381);
#17383=IFCCARTESIANPOINT((0.,0.02500000037252903,0.));
#17384=IFCDIRECTION((0.,-1.,0.));
#17385=IFCDIRECTION((1.,0.,0.));
#17386=IFCAXIS2PLACEMENT3D(#17383,#17384,#17385);
#17387=IFCDIRECTION((0.,0.,-1.));
#17388=IFCEXTRUDEDAREASOLID(#17382,#17386,#17387,0.02500000037252903);
#17389=IFCCARTESIANPOINTLIST2D(((0.,0.),(0.,2.),(1.9728127717971802,2.),(1.9728127717971802,0.),(1.9228127710521221,0.),(1.9228127710521221,1.9499999992549419),(0.05000000074505806,1.9499999992549419),(0.05000000074505806,0.)));
#17390=IFCINDEXEDPOLYCURVE(#17389,(IFCLINEINDEX((1,2,3,4,5,6,7,8,1))),$);
#17391=IFCARBITRARYCLOSEDPROFILEDEF(.AREA.,$,#17390);
#17392=IFCCARTESIANPOINT((0.,0.,0.));
#17393=IFCDIRECTION((0.,-1.,0.));
#17394=IFCDIRECTION((1.,0.,0.));
#17395=IFCAXIS2PLACEMENT3D(#17392,#17393,#17394);
#17396=IFCDIRECTION((0.,0.,-1.));
#17397=IFCEXTRUDEDAREASOLID(#17391,#17395,#17396,0.02500000037252903);
#17398=IFCCARTESIANPOINTLIST2D(((0.,0.),(1.8728127703070641,0.),(1.8728127703070641,0.10000000149011612),(0.,0.10000000149011612)));
#17399=IFCINDEXEDPOLYCURVE(#17398,(IFCLINEINDEX((1,2,3,4,1))),$);
#17400=IFCARBITRARYCLOSEDPROFILEDEF(.AREA.,$,#17399);
#17401=IFCCARTESIANPOINT((0.05000000074505806,0.,0.));
#17402=IFCDIRECTION((0.,0.,1.));
#17403=IFCDIRECTION((1.,0.,0.));
#17404=IFCAXIS2PLACEMENT3D(#17401,#17402,#17403);
#17405=IFCDIRECTION((0.,0.,1.));
#17406=IFCEXTRUDEDAREASOLID(#17400,#17404,#17405,0.02500000037252903);
#17407=IFCCARTESIANPOINTLIST2D(((0.,0.),(0.,2.0250000022351742),(2.0228127762675285,2.0250000022351742),(2.0228127762675285,0.),(1.9478127732872963,0.),(1.9478127732872963,1.9499999992549419),(0.075000002980232239,1.9499999992549419),(0.075000002980232239,0.)));
#17408=IFCINDEXEDPOLYCURVE(#17407,(IFCLINEINDEX((1,2,3,4,5,6,7,8,1))),$);
#17409=IFCARBITRARYCLOSEDPROFILEDEF(.AREA.,$,#17408);
#17410=IFCCARTESIANPOINT((-0.025000002235174179,-0.004999999888241291,0.));
#17411=IFCDIRECTION((0.,-1.,0.));
#17412=IFCDIRECTION((1.,0.,0.));
#17413=IFCAXIS2PLACEMENT3D(#17410,#17411,#17412);
#17414=IFCDIRECTION((0.,0.,-1.));
#17415=IFCEXTRUDEDAREASOLID(#17409,#17413,#17414,0.004999999888241291);
#17416=IFCCARTESIANPOINTLIST2D(((0.,0.),(0.,2.0250000022351742),(2.0228127762675285,2.0250000022351742),(2.0228127762675285,0.),(1.9728127736598253,0.),(1.9728127736598253,1.974999999627471),(0.050000002607703209,1.974999999627471),(0.050000002607703209,0.)));
#17417=IFCINDEXEDPOLYCURVE(#17416,(IFCLINEINDEX((1,2,3,4,5,6,7,8,1))),$);
#17418=IFCARBITRARYCLOSEDPROFILEDEF(.AREA.,$,#17417);
#17419=IFCCARTESIANPOINT((-0.025000002235174179,0.05000000074505806,0.));
#17420=IFCDIRECTION((0.,-1.,0.));
#17421=IFCDIRECTION((1.,0.,0.));
#17422=IFCAXIS2PLACEMENT3D(#17419,#17420,#17421);
#17423=IFCDIRECTION((0.,0.,-1.));
#17424=IFCEXTRUDEDAREASOLID(#17418,#17422,#17423,0.004999999888241291);
#17425=IFCCARTESIANPOINTLIST2D(((0.,0.),(1.9228127710521221,0.),(1.9228127710521221,0.035000000149011612),(0.,0.035000000149011612)));
#17426=IFCINDEXEDPOLYCURVE(#17425,(IFCLINEINDEX((1,2,3,4,1))),$);
#17427=IFCARBITRARYCLOSEDPROFILEDEF(.AREA.,$,#17426);
#17428=IFCCARTESIANPOINT((0.02500000037252903,0.02500000037252903,0.02500000037252903));
#17429=IFCDIRECTION((0.,0.,1.));
#17430=IFCDIRECTION((1.,0.,0.));
#17431=IFCAXIS2PLACEMENT3D(#17428,#17429,#17430);
#17432=IFCDIRECTION((0.,0.,1.));
#17433=IFCEXTRUDEDAREASOLID(#17427,#17431,#17432,1.9499999992549419);
#17434=IFCCARTESIANPOINTLIST2D(((0.,0.),(0.,-0.040000000000000001),(0.12,-0.040000000000000001),(0.12,-0.02),(0.02,-0.02),(0.02,0.)));
#17435=IFCINDEXEDPOLYCURVE(#17434,(IFCLINEINDEX((1,2,3,4,5,6,1))),$);
#17436=IFCARBITRARYCLOSEDPROFILEDEF(.AREA.,$,#17435);
#17437=IFCCARTESIANPOINT((0.075000000372529033,0.02500000037252903,1.015000000372529));
#17438=IFCDIRECTION((0.,0.,1.));
#17439=IFCDIRECTION((1.,0.,0.));
#17440=IFCAXIS2PLACEMENT3D(#17437,#17438,#17439);
#17441=IFCDIRECTION((0.,0.,1.));
#17442=IFCEXTRUDEDAREASOLID(#17436,#17440,#17441,0.02);
#17443=IFCEXTRUDEDAREASOLID(#17444,#17447,#17451,0.02);
#17444=IFCARBITRARYCLOSEDPROFILEDEF(.AREA.,$,#17445);
#17445=IFCINDEXEDPOLYCURVE(#17446,(IFCLINEINDEX((1,2,3,4,5,6,1))),$);
#17446=IFCCARTESIANPOINTLIST2D(((0.,0.),(0.,0.040000000000000008),(0.11999999999999998,0.040000000000000008),(0.11999999999999998,0.020000000000000004),(0.020000000000000004,0.020000000000000004),(0.020000000000000004,0.)));
#17447=IFCAXIS2PLACEMENT3D(#17448,#17449,#17450);
#17448=IFCCARTESIANPOINT((0.075000000372529033,0.060000000521540642,1.015000000372529));
#17449=IFCDIRECTION((0.,0.,1.));
#17450=IFCDIRECTION((1.,0.,0.));
#17451=IFCDIRECTION((0.,0.,1.));
#17511=IFCCARTESIANPOINTLIST2D(((0.,0.),(0.,2.),(1.9728127717971802,2.),(1.9728127717971802,0.),(1.9478127714246511,0.),(1.9478127714246511,1.974999999627471),(0.02500000037252903,1.974999999627471),(0.02500000037252903,0.)));
#17512=IFCINDEXEDPOLYCURVE(#17511,(IFCLINEINDEX((1,2,3,4,5,6,7,8,1))),$);
#17513=IFCARBITRARYCLOSEDPROFILEDEF(.AREA.,$,#17512);
#17514=IFCCARTESIANPOINT((0.,0.02500000037252903,0.));
#17515=IFCDIRECTION((0.,-1.,0.));
#17516=IFCDIRECTION((1.,0.,0.));
#17517=IFCAXIS2PLACEMENT3D(#17514,#17515,#17516);
#17518=IFCDIRECTION((0.,0.,-1.));
#17519=IFCEXTRUDEDAREASOLID(#17513,#17517,#17518,0.02500000037252903);
#17520=IFCCARTESIANPOINTLIST2D(((0.,0.),(0.,2.),(1.9728127717971802,2.),(1.9728127717971802,0.),(1.9228127710521221,0.),(1.9228127710521221,1.9499999992549419),(0.05000000074505806,1.9499999992549419),(0.05000000074505806,0.)));
#17521=IFCINDEXEDPOLYCURVE(#17520,(IFCLINEINDEX((1,2,3,4,5,6,7,8,1))),$);
#17522=IFCARBITRARYCLOSEDPROFILEDEF(.AREA.,$,#17521);
#17523=IFCCARTESIANPOINT((0.,0.,0.));
#17524=IFCDIRECTION((0.,-1.,0.));
#17525=IFCDIRECTION((1.,0.,0.));
#17526=IFCAXIS2PLACEMENT3D(#17523,#17524,#17525);
#17527=IFCDIRECTION((0.,0.,-1.));
#17528=IFCEXTRUDEDAREASOLID(#17522,#17526,#17527,0.02500000037252903);
#17529=IFCCARTESIANPOINTLIST2D(((0.,0.),(1.8728127703070641,0.),(1.8728127703070641,0.10000000149011612),(0.,0.10000000149011612)));
#17530=IFCINDEXEDPOLYCURVE(#17529,(IFCLINEINDEX((1,2,3,4,1))),$);
#17531=IFCARBITRARYCLOSEDPROFILEDEF(.AREA.,$,#17530);
#17532=IFCCARTESIANPOINT((0.05000000074505806,0.,0.));
#17533=IFCDIRECTION((0.,0.,1.));
#17534=IFCDIRECTION((1.,0.,0.));
#17535=IFCAXIS2PLACEMENT3D(#17532,#17533,#17534);
#17536=IFCDIRECTION((0.,0.,1.));
#17537=IFCEXTRUDEDAREASOLID(#17531,#17535,#17536,0.02500000037252903);
#17538=IFCCARTESIANPOINTLIST2D(((0.,0.),(0.,2.0250000022351742),(2.0228127762675285,2.0250000022351742),(2.0228127762675285,0.),(1.9478127732872963,0.),(1.9478127732872963,1.9499999992549419),(0.075000002980232239,1.9499999992549419),(0.075000002980232239,0.)));
#17539=IFCINDEXEDPOLYCURVE(#17538,(IFCLINEINDEX((1,2,3,4,5,6,7,8,1))),$);
#17540=IFCARBITRARYCLOSEDPROFILEDEF(.AREA.,$,#17539);
#17541=IFCCARTESIANPOINT((-0.025000002235174179,-0.004999999888241291,0.));
#17542=IFCDIRECTION((0.,-1.,0.));
#17543=IFCDIRECTION((1.,0.,0.));
#17544=IFCAXIS2PLACEMENT3D(#17541,#17542,#17543);
#17545=IFCDIRECTION((0.,0.,-1.));
#17546=IFCEXTRUDEDAREASOLID(#17540,#17544,#17545,0.004999999888241291);
#17547=IFCCARTESIANPOINTLIST2D(((0.,0.),(0.,2.0250000022351742),(2.0228127762675285,2.0250000022351742),(2.0228127762675285,0.),(1.9728127736598253,0.),(1.9728127736598253,1.974999999627471),(0.050000002607703209,1.974999999627471),(0.050000002607703209,0.)));
#17548=IFCINDEXEDPOLYCURVE(#17547,(IFCLINEINDEX((1,2,3,4,5,6,7,8,1))),$);
#17549=IFCARBITRARYCLOSEDPROFILEDEF(.AREA.,$,#17548);
#17550=IFCCARTESIANPOINT((-0.025000002235174179,0.05000000074505806,0.));
#17551=IFCDIRECTION((0.,-1.,0.));
#17552=IFCDIRECTION((1.,0.,0.));
#17553=IFCAXIS2PLACEMENT3D(#17550,#17551,#17552);
#17554=IFCDIRECTION((0.,0.,-1.));
#17555=IFCEXTRUDEDAREASOLID(#17549,#17553,#17554,0.004999999888241291);
#17556=IFCCARTESIANPOINTLIST2D(((0.,0.),(1.9228127710521221,0.),(1.9228127710521221,0.035000000149011612),(0.,0.035000000149011612)));
#17557=IFCINDEXEDPOLYCURVE(#17556,(IFCLINEINDEX((1,2,3,4,1))),$);
#17558=IFCARBITRARYCLOSEDPROFILEDEF(.AREA.,$,#17557);
#17559=IFCCARTESIANPOINT((0.02500000037252903,0.02500000037252903,0.02500000037252903));
#17560=IFCDIRECTION((0.,0.,1.));
#17561=IFCDIRECTION((1.,0.,0.));
#17562=IFCAXIS2PLACEMENT3D(#17559,#17560,#17561);
#17563=IFCDIRECTION((0.,0.,1.));
#17564=IFCEXTRUDEDAREASOLID(#17558,#17562,#17563,1.9499999992549419);
#17565=IFCCARTESIANPOINTLIST2D(((0.,0.),(0.,-0.040000000000000001),(0.12,-0.040000000000000001),(0.12,-0.02),(0.02,-0.02),(0.02,0.)));
#17566=IFCINDEXEDPOLYCURVE(#17565,(IFCLINEINDEX((1,2,3,4,5,6,1))),$);
#17567=IFCARBITRARYCLOSEDPROFILEDEF(.AREA.,$,#17566);
#17568=IFCCARTESIANPOINT((0.075000000372529033,0.02500000037252903,1.015000000372529));
#17569=IFCDIRECTION((0.,0.,1.));
#17570=IFCDIRECTION((1.,0.,0.));
#17571=IFCAXIS2PLACEMENT3D(#17568,#17569,#17570);
#17572=IFCDIRECTION((0.,0.,1.));
#17573=IFCEXTRUDEDAREASOLID(#17567,#17571,#17572,0.02);
#17574=IFCEXTRUDEDAREASOLID(#17575,#17578,#17582,0.02);
#17575=IFCARBITRARYCLOSEDPROFILEDEF(.AREA.,$,#17576);
#17576=IFCINDEXEDPOLYCURVE(#17577,(IFCLINEINDEX((1,2,3,4,5,6,1))),$);
#17577=IFCCARTESIANPOINTLIST2D(((0.,0.),(0.,0.040000000000000008),(0.11999999999999998,0.040000000000000008),(0.11999999999999998,0.020000000000000004),(0.020000000000000004,0.020000000000000004),(0.020000000000000004,0.)));
#17578=IFCAXIS2PLACEMENT3D(#17579,#17580,#17581);
#17579=IFCCARTESIANPOINT((0.075000000372529033,0.060000000521540642,1.015000000372529));
#17580=IFCDIRECTION((0.,0.,1.));
#17581=IFCDIRECTION((1.,0.,0.));
#17582=IFCDIRECTION((0.,0.,1.));
#17641=IFCCARTESIANPOINTLIST2D(((0.,0.),(0.,2.),(1.9728127717971802,2.),(1.9728127717971802,0.),(1.9478127714246511,0.),(1.9478127714246511,1.974999999627471),(0.02500000037252903,1.974999999627471),(0.02500000037252903,0.)));
#17642=IFCINDEXEDPOLYCURVE(#17641,(IFCLINEINDEX((1,2,3,4,5,6,7,8,1))),$);
#17643=IFCARBITRARYCLOSEDPROFILEDEF(.AREA.,$,#17642);
#17644=IFCCARTESIANPOINT((0.,0.,0.));
#17645=IFCDIRECTION((0.,-1.,0.));
#17646=IFCDIRECTION((1.,0.,0.));
#17647=IFCAXIS2PLACEMENT3D(#17644,#17645,#17646);
#17648=IFCDIRECTION((0.,0.,-1.));
#17649=IFCEXTRUDEDAREASOLID(#17643,#17647,#17648,0.05000000074505806);
#17650=IFCCARTESIANPOINTLIST2D(((0.,0.),(1.9228127710521221,0.),(1.9228127710521221,0.10000000149011612),(0.,0.10000000149011612)));
#17651=IFCINDEXEDPOLYCURVE(#17650,(IFCLINEINDEX((1,2,3,4,1))),$);
#17652=IFCARBITRARYCLOSEDPROFILEDEF(.AREA.,$,#17651);
#17653=IFCCARTESIANPOINT((0.02500000037252903,0.,0.));
#17654=IFCDIRECTION((0.,0.,1.));
#17655=IFCDIRECTION((1.,0.,0.));
#17656=IFCAXIS2PLACEMENT3D(#17653,#17654,#17655);
#17657=IFCDIRECTION((0.,0.,1.));
#17658=IFCEXTRUDEDAREASOLID(#17652,#17656,#17657,0.02500000037252903);
#17659=IFCCARTESIANPOINTLIST2D(((0.,0.),(0.,2.0250000022351742),(2.0228127762675285,2.0250000022351742),(2.0228127762675285,0.),(1.9728127736598253,0.),(1.9728127736598253,1.974999999627471),(0.050000002607703209,1.974999999627471),(0.050000002607703209,0.)));
#17660=IFCINDEXEDPOLYCURVE(#17659,(IFCLINEINDEX((1,2,3,4,5,6,7,8,1))),$);
#17661=IFCARBITRARYCLOSEDPROFILEDEF(.AREA.,$,#17660);
#17662=IFCCARTESIANPOINT((-0.025000002235174179,-0.004999999888241291,0.));
#17663=IFCDIRECTION((0.,-1.,0.));
#17664=IFCDIRECTION((1.,0.,0.));
#17665=IFCAXIS2PLACEMENT3D(#17662,#17663,#17664);
#17666=IFCDIRECTION((0.,0.,-1.));
#17667=IFCEXTRUDEDAREASOLID(#17661,#17665,#17666,0.004999999888241291);
#17668=IFCCARTESIANPOINTLIST2D(((0.,0.),(0.,2.0250000022351742),(2.0228127762675285,2.0250000022351742),(2.0228127762675285,0.),(1.9728127736598253,0.),(1.9728127736598253,1.974999999627471),(0.050000002607703209,1.974999999627471),(0.050000002607703209,0.)));
#17669=IFCINDEXEDPOLYCURVE(#17668,(IFCLINEINDEX((1,2,3,4,5,6,7,8,1))),$);
#17670=IFCARBITRARYCLOSEDPROFILEDEF(.AREA.,$,#17669);
#17671=IFCCARTESIANPOINT((-0.025000002235174179,0.05000000074505806,0.));
#17672=IFCDIRECTION((0.,-1.,0.));
#17673=IFCDIRECTION((1.,0.,0.));
#17674=IFCAXIS2PLACEMENT3D(#17671,#17672,#17673);
#17675=IFCDIRECTION((0.,0.,-1.));
#17676=IFCEXTRUDEDAREASOLID(#17670,#17674,#17675,0.004999999888241291);
#17677=IFCCARTESIANPOINTLIST2D(((0.,0.),(1.9228127710521221,0.),(1.9228127710521221,0.035000000149011612),(0.,0.035000000149011612)));
#17678=IFCINDEXEDPOLYCURVE(#17677,(IFCLINEINDEX((1,2,3,4,1))),$);
#17679=IFCARBITRARYCLOSEDPROFILEDEF(.AREA.,$,#17678);
#17680=IFCCARTESIANPOINT((0.02500000037252903,0.02500000037252903,0.02500000037252903));
#17681=IFCDIRECTION((0.,0.,1.));
#17682=IFCDIRECTION((1.,0.,0.));
#17683=IFCAXIS2PLACEMENT3D(#17680,#17681,#17682);
#17684=IFCDIRECTION((0.,0.,1.));
#17685=IFCEXTRUDEDAREASOLID(#17679,#17683,#17684,1.9499999992549419);
#17686=IFCCARTESIANPOINTLIST2D(((0.,0.),(0.,-0.040000000000000001),(-0.11999999999999988,-0.040000000000000001),(-0.11999999999999988,-0.02),(-0.020000000000000018,-0.02),(-0.020000000000000018,0.)));
#17687=IFCINDEXEDPOLYCURVE(#17686,(IFCLINEINDEX((1,2,3,4,5,6,1))),$);
#17688=IFCARBITRARYCLOSEDPROFILEDEF(.AREA.,$,#17687);
#17689=IFCCARTESIANPOINT((1.8978127714246511,0.02500000037252903,1.015000000372529));
#17690=IFCDIRECTION((0.,0.,1.));
#17691=IFCDIRECTION((1.,0.,0.));
#17692=IFCAXIS2PLACEMENT3D(#17689,#17690,#17691);
#17693=IFCDIRECTION((0.,0.,1.));
#17694=IFCEXTRUDEDAREASOLID(#17688,#17692,#17693,0.02);
#17695=IFCEXTRUDEDAREASOLID(#17696,#17699,#17703,0.02);
#17696=IFCARBITRARYCLOSEDPROFILEDEF(.AREA.,$,#17697);
#17697=IFCINDEXEDPOLYCURVE(#17698,(IFCLINEINDEX((1,2,3,4,5,6,1))),$);
#17698=IFCCARTESIANPOINTLIST2D(((0.,0.),(0.,0.040000000000000008),(-0.11999999999999988,0.040000000000000008),(-0.11999999999999988,0.020000000000000004),(-0.020000000000000018,0.020000000000000004),(-0.020000000000000018,0.)));
#17699=IFCAXIS2PLACEMENT3D(#17700,#17701,#17702);
#17700=IFCCARTESIANPOINT((1.8978127714246511,0.060000000521540642,1.015000000372529));
#17701=IFCDIRECTION((0.,0.,1.));
#17702=IFCDIRECTION((1.,0.,0.));
#17703=IFCDIRECTION((0.,0.,1.));
#17768=IFCSLAB('1zVTepdPP4h9EeeMnN7IGI',$,'Slab',$,$,#21548,#17782,$,$);
#17769=IFCMATERIALLAYERSETUSAGE(#1667,.AXIS3.,.POSITIVE.,-0.10000000149011612,$);
#17770=IFCRELASSOCIATESMATERIAL('0fk1uXcWzEKxDV3YjieVhF',$,$,$,(#17768),#17769);
#17778=IFCDIRECTION((0.,0.,1.));
#17780=IFCEXTRUDEDAREASOLID(#23101,#17789,#17778,0.10000000000000001);
#17781=IFCSHAPEREPRESENTATION(#11,'Body','SweptSolid',(#17780));
#17782=IFCPRODUCTDEFINITIONSHAPE($,$,(#17781));
#17783=IFCPROPERTYSET('0JKz9KhJLEvBt1zvp1UY4T',$,'EPset_Parametric',$,(#17785));
#17784=IFCRELDEFINESBYPROPERTIES('3dbEV2lTXEaQjXg0uKybzZ',$,$,$,(#17768),#17783);
#17785=IFCPROPERTYSINGLEVALUE('Engine',$,IFCLABEL('Bonsai.DumbLayer3'),$);
#17786=IFCCARTESIANPOINT((-0.,-0.,-0.10000000149011612));
#17787=IFCDIRECTION((0.,0.,1.));
#17788=IFCDIRECTION((1.,0.,0.));
#17789=IFCAXIS2PLACEMENT3D(#17786,#17787,#17788);
#17795=IFCCARTESIANPOINT((4.2335414886474609,-2.5901062488555908,0.));
#17796=IFCDIRECTION((0.,0.,1.));
#17797=IFCDIRECTION((1.9470718370939353E-07,0.99999999999998113,0.));
#17798=IFCAXIS2PLACEMENT3D(#17795,#17796,#17797);
#17799=IFCLOCALPLACEMENT(#79,#17798);
#17800=IFCRELCONNECTSPATHELEMENTS('2C7H2AN3H1Y8kQMW6fBhjF',$,$,$,$,#191,#153,(),(),.ATEND.,.ATSTART.);
#17814=IFCCARTESIANPOINT((4.2335432617823923,6.5165681828513398,0.));
#17815=IFCDIRECTION((0.,0.,1.));
#17816=IFCDIRECTION((-0.99999999999998868,1.5099580252808492E-07,0.));
#17817=IFCAXIS2PLACEMENT3D(#17814,#17815,#17816);
#17818=IFCLOCALPLACEMENT(#79,#17817);
#17819=IFCCARTESIANPOINTLIST2D(((0.,0.),(0.099999982019399358,0.10000000149011612),(9.0066744258458495,0.10000000149011612),(9.1066744317071038,0.)));
#17820=IFCINDEXEDPOLYCURVE(#17819,(IFCLINEINDEX((1,2,3,4,1))),$);
#17821=IFCARBITRARYCLOSEDPROFILEDEF(.AREA.,$,#17820);
#17822=IFCCARTESIANPOINT((0.,0.,0.));
#17823=IFCDIRECTION((0.,0.,1.));
#17824=IFCDIRECTION((1.,0.,0.));
#17825=IFCAXIS2PLACEMENT3D(#17822,#17823,#17824);
#17826=IFCDIRECTION((0.,0.,1.));
#17827=IFCEXTRUDEDAREASOLID(#17821,#17825,#17826,3.);
#17828=IFCSHAPEREPRESENTATION(#11,'Body','SweptSolid',(#17827));
#17829=IFCCARTESIANPOINTLIST2D(((0.,0.),(9.1066744317071038,0.)));
#17830=IFCINDEXEDPOLYCURVE(#17829,$,$);
#17831=IFCSHAPEREPRESENTATION(#23,'Axis','Curve2D',(#17830));
#17832=IFCRELCONNECTSPATHELEMENTS('1$n2DhGBn5CwJuiXEf1Xaw',$,$,$,$,#191,#229,(),(),.ATSTART.,.ATEND.);
#17833=IFCCARTESIANPOINTLIST2D(((0.,0.),(0.1000000058612544,0.10000000149011612),(3.356936439974807,0.10000000149011612),(3.4569364641142966,0.)));
#17834=IFCINDEXEDPOLYCURVE(#17833,(IFCLINEINDEX((1,2,3,4,1))),$);
#17835=IFCARBITRARYCLOSEDPROFILEDEF(.AREA.,$,#17834);
#17836=IFCCARTESIANPOINT((0.,0.,0.));
#17837=IFCDIRECTION((0.,0.,1.));
#17838=IFCDIRECTION((1.,0.,0.));
#17839=IFCAXIS2PLACEMENT3D(#17836,#17837,#17838);
#17840=IFCDIRECTION((0.,0.,1.));
#17841=IFCEXTRUDEDAREASOLID(#17835,#17839,#17840,3.);
#17842=IFCSHAPEREPRESENTATION(#11,'Body','SweptSolid',(#17841));
#17843=IFCCARTESIANPOINTLIST2D(((0.,0.),(3.4569364641142966,0.)));
#17844=IFCINDEXEDPOLYCURVE(#17843,$,$);
#17845=IFCSHAPEREPRESENTATION(#23,'Axis','Curve2D',(#17844));
#17846=IFCCARTESIANPOINTLIST2D(((0.,0.),(0.1000000241394894,0.10000000149011612),(1.5566741910480115,0.10000000149011612),(1.4566741430666572,0.)));
#17847=IFCINDEXEDPOLYCURVE(#17846,(IFCLINEINDEX((1,2,3,4,1))),$);
#17848=IFCARBITRARYCLOSEDPROFILEDEF(.AREA.,$,#17847);
#17849=IFCCARTESIANPOINT((0.,0.,0.));
#17850=IFCDIRECTION((0.,0.,1.));
#17851=IFCDIRECTION((1.,0.,0.));
#17852=IFCAXIS2PLACEMENT3D(#17849,#17850,#17851);
#17853=IFCDIRECTION((0.,0.,1.));
#17854=IFCEXTRUDEDAREASOLID(#17848,#17852,#17853,3.);
#17855=IFCSHAPEREPRESENTATION(#11,'Body','SweptSolid',(#17854));
#17856=IFCCARTESIANPOINTLIST2D(((0.,0.),(1.4566741430666572,0.)));
#17857=IFCINDEXEDPOLYCURVE(#17856,$,$);
#17858=IFCSHAPEREPRESENTATION(#23,'Axis','Curve2D',(#17857));
#17859=IFCCARTESIANPOINT((0.7766067976681349,6.5165687048342358,0.));
#17860=IFCDIRECTION((0.,0.,1.));
#17861=IFCDIRECTION((7.5497901264043123E-08,-0.99999999999999722,0.));
#17862=IFCAXIS2PLACEMENT3D(#17859,#17860,#17861);
#17863=IFCLOCALPLACEMENT(#79,#17862);
#17882=IFCCARTESIANPOINTLIST2D(((0.,0.),(0.,2.),(1.9728127717971802,2.),(1.9728127717971802,0.),(1.9478127714246511,0.),(1.9478127714246511,1.974999999627471),(0.02500000037252903,1.974999999627471),(0.02500000037252903,0.)));
#17883=IFCINDEXEDPOLYCURVE(#17882,(IFCLINEINDEX((1,2,3,4,5,6,7,8,1))),$);
#17884=IFCARBITRARYCLOSEDPROFILEDEF(.AREA.,$,#17883);
#17885=IFCCARTESIANPOINT((0.,0.,0.));
#17886=IFCDIRECTION((0.,-1.,0.));
#17887=IFCDIRECTION((1.,0.,0.));
#17888=IFCAXIS2PLACEMENT3D(#17885,#17886,#17887);
#17889=IFCDIRECTION((0.,0.,-1.));
#17890=IFCEXTRUDEDAREASOLID(#17884,#17888,#17889,0.05000000074505806);
#17891=IFCCARTESIANPOINTLIST2D(((0.,0.),(1.9228127710521221,0.),(1.9228127710521221,0.10000000149011612),(0.,0.10000000149011612)));
#17892=IFCINDEXEDPOLYCURVE(#17891,(IFCLINEINDEX((1,2,3,4,1))),$);
#17893=IFCARBITRARYCLOSEDPROFILEDEF(.AREA.,$,#17892);
#17894=IFCCARTESIANPOINT((0.02500000037252903,0.,0.));
#17895=IFCDIRECTION((0.,0.,1.));
#17896=IFCDIRECTION((1.,0.,0.));
#17897=IFCAXIS2PLACEMENT3D(#17894,#17895,#17896);
#17898=IFCDIRECTION((0.,0.,1.));
#17899=IFCEXTRUDEDAREASOLID(#17893,#17897,#17898,0.02500000037252903);
#17900=IFCCARTESIANPOINTLIST2D(((0.,0.),(0.,2.0250000022351742),(2.0228127762675285,2.0250000022351742),(2.0228127762675285,0.),(1.9728127736598253,0.),(1.9728127736598253,1.974999999627471),(0.050000002607703209,1.974999999627471),(0.050000002607703209,0.)));
#17901=IFCINDEXEDPOLYCURVE(#17900,(IFCLINEINDEX((1,2,3,4,5,6,7,8,1))),$);
#17902=IFCARBITRARYCLOSEDPROFILEDEF(.AREA.,$,#17901);
#17903=IFCCARTESIANPOINT((-0.025000002235174179,-0.004999999888241291,0.));
#17904=IFCDIRECTION((0.,-1.,0.));
#17905=IFCDIRECTION((1.,0.,0.));
#17906=IFCAXIS2PLACEMENT3D(#17903,#17904,#17905);
#17907=IFCDIRECTION((0.,0.,-1.));
#17908=IFCEXTRUDEDAREASOLID(#17902,#17906,#17907,0.004999999888241291);
#17909=IFCCARTESIANPOINTLIST2D(((0.,0.),(0.,2.0250000022351742),(2.0228127762675285,2.0250000022351742),(2.0228127762675285,0.),(1.9728127736598253,0.),(1.9728127736598253,1.974999999627471),(0.050000002607703209,1.974999999627471),(0.050000002607703209,0.)));
#17910=IFCINDEXEDPOLYCURVE(#17909,(IFCLINEINDEX((1,2,3,4,5,6,7,8,1))),$);
#17911=IFCARBITRARYCLOSEDPROFILEDEF(.AREA.,$,#17910);
#17912=IFCCARTESIANPOINT((-0.025000002235174179,0.05000000074505806,0.));
#17913=IFCDIRECTION((0.,-1.,0.));
#17914=IFCDIRECTION((1.,0.,0.));
#17915=IFCAXIS2PLACEMENT3D(#17912,#17913,#17914);
#17916=IFCDIRECTION((0.,0.,-1.));
#17917=IFCEXTRUDEDAREASOLID(#17911,#17915,#17916,0.004999999888241291);
#17918=IFCCARTESIANPOINTLIST2D(((0.,0.),(1.9228127710521221,0.),(1.9228127710521221,0.035000000149011612),(0.,0.035000000149011612)));
#17919=IFCINDEXEDPOLYCURVE(#17918,(IFCLINEINDEX((1,2,3,4,1))),$);
#17920=IFCARBITRARYCLOSEDPROFILEDEF(.AREA.,$,#17919);
#17921=IFCCARTESIANPOINT((0.02500000037252903,0.02500000037252903,0.02500000037252903));
#17922=IFCDIRECTION((0.,0.,1.));
#17923=IFCDIRECTION((1.,0.,0.));
#17924=IFCAXIS2PLACEMENT3D(#17921,#17922,#17923);
#17925=IFCDIRECTION((0.,0.,1.));
#17926=IFCEXTRUDEDAREASOLID(#17920,#17924,#17925,1.9499999992549419);
#17927=IFCCARTESIANPOINTLIST2D(((0.,0.),(0.,-0.040000000000000001),(0.12,-0.040000000000000001),(0.12,-0.02),(0.02,-0.02),(0.02,0.)));
#17928=IFCINDEXEDPOLYCURVE(#17927,(IFCLINEINDEX((1,2,3,4,5,6,1))),$);
#17929=IFCARBITRARYCLOSEDPROFILEDEF(.AREA.,$,#17928);
#17930=IFCCARTESIANPOINT((0.075000000372529033,0.02500000037252903,1.015000000372529));
#17931=IFCDIRECTION((0.,0.,1.));
#17932=IFCDIRECTION((1.,0.,0.));
#17933=IFCAXIS2PLACEMENT3D(#17930,#17931,#17932);
#17934=IFCDIRECTION((0.,0.,1.));
#17935=IFCEXTRUDEDAREASOLID(#17929,#17933,#17934,0.02);
#17936=IFCEXTRUDEDAREASOLID(#17937,#17940,#17944,0.02);
#17937=IFCARBITRARYCLOSEDPROFILEDEF(.AREA.,$,#17938);
#17938=IFCINDEXEDPOLYCURVE(#17939,(IFCLINEINDEX((1,2,3,4,5,6,1))),$);
#17939=IFCCARTESIANPOINTLIST2D(((0.,0.),(0.,0.040000000000000008),(0.11999999999999998,0.040000000000000008),(0.11999999999999998,0.020000000000000004),(0.020000000000000004,0.020000000000000004),(0.020000000000000004,0.)));
#17940=IFCAXIS2PLACEMENT3D(#17941,#17942,#17943);
#17941=IFCCARTESIANPOINT((0.075000000372529033,0.060000000521540642,1.015000000372529));
#17942=IFCDIRECTION((0.,0.,1.));
#17943=IFCDIRECTION((1.,0.,0.));
#17944=IFCDIRECTION((0.,0.,1.));
#18017=IFCCARTESIANPOINTLIST3D(((0.,0.,0.),(1.9728127717971802,0.,0.),(1.9728127717971802,0.,2.),(0.,0.,2.)));
#18018=IFCINDEXEDPOLYCURVE(#18017,(IFCLINEINDEX((1,2,3,4,1))),$);
#18019=IFCSHAPEREPRESENTATION(#18,'Profile','Curve3D',(#18018));
#18020=IFCCARTESIANPOINTLIST2D(((0.,0.),(0.,2.),(1.9728127717971802,2.),(1.9728127717971802,0.),(1.9478127714246511,0.),(1.9478127714246511,1.974999999627471),(0.02500000037252903,1.974999999627471),(0.02500000037252903,0.)));
#18021=IFCINDEXEDPOLYCURVE(#18020,(IFCLINEINDEX((1,2,3,4,5,6,7,8,1))),$);
#18022=IFCARBITRARYCLOSEDPROFILEDEF(.AREA.,$,#18021);
#18023=IFCCARTESIANPOINT((0.,0.,0.));
#18024=IFCDIRECTION((0.,-1.,0.));
#18025=IFCDIRECTION((1.,0.,0.));
#18026=IFCAXIS2PLACEMENT3D(#18023,#18024,#18025);
#18027=IFCDIRECTION((0.,0.,-1.));
#18028=IFCEXTRUDEDAREASOLID(#18022,#18026,#18027,0.05000000074505806);
#18029=IFCCARTESIANPOINTLIST2D(((0.,0.),(1.9228127710521221,0.),(1.9228127710521221,0.10000000149011612),(0.,0.10000000149011612)));
#18030=IFCINDEXEDPOLYCURVE(#18029,(IFCLINEINDEX((1,2,3,4,1))),$);
#18031=IFCARBITRARYCLOSEDPROFILEDEF(.AREA.,$,#18030);
#18032=IFCCARTESIANPOINT((0.02500000037252903,0.,0.));
#18033=IFCDIRECTION((0.,0.,1.));
#18034=IFCDIRECTION((1.,0.,0.));
#18035=IFCAXIS2PLACEMENT3D(#18032,#18033,#18034);
#18036=IFCDIRECTION((0.,0.,1.));
#18037=IFCEXTRUDEDAREASOLID(#18031,#18035,#18036,0.02500000037252903);
#18038=IFCCARTESIANPOINTLIST2D(((0.,0.),(0.,2.0250000022351742),(2.0228127762675285,2.0250000022351742),(2.0228127762675285,0.),(1.9728127736598253,0.),(1.9728127736598253,1.974999999627471),(0.050000002607703209,1.974999999627471),(0.050000002607703209,0.)));
#18039=IFCINDEXEDPOLYCURVE(#18038,(IFCLINEINDEX((1,2,3,4,5,6,7,8,1))),$);
#18040=IFCARBITRARYCLOSEDPROFILEDEF(.AREA.,$,#18039);
#18041=IFCCARTESIANPOINT((-0.025000002235174179,-0.004999999888241291,0.));
#18042=IFCDIRECTION((0.,-1.,0.));
#18043=IFCDIRECTION((1.,0.,0.));
#18044=IFCAXIS2PLACEMENT3D(#18041,#18042,#18043);
#18045=IFCDIRECTION((0.,0.,-1.));
#18046=IFCEXTRUDEDAREASOLID(#18040,#18044,#18045,0.004999999888241291);
#18047=IFCCARTESIANPOINTLIST2D(((0.,0.),(0.,2.0250000022351742),(2.0228127762675285,2.0250000022351742),(2.0228127762675285,0.),(1.9728127736598253,0.),(1.9728127736598253,1.974999999627471),(0.050000002607703209,1.974999999627471),(0.050000002607703209,0.)));
#18048=IFCINDEXEDPOLYCURVE(#18047,(IFCLINEINDEX((1,2,3,4,5,6,7,8,1))),$);
#18049=IFCARBITRARYCLOSEDPROFILEDEF(.AREA.,$,#18048);
#18050=IFCCARTESIANPOINT((-0.025000002235174179,0.05000000074505806,0.));
#18051=IFCDIRECTION((0.,-1.,0.));
#18052=IFCDIRECTION((1.,0.,0.));
#18053=IFCAXIS2PLACEMENT3D(#18050,#18051,#18052);
#18054=IFCDIRECTION((0.,0.,-1.));
#18055=IFCEXTRUDEDAREASOLID(#18049,#18053,#18054,0.004999999888241291);
#18056=IFCCARTESIANPOINTLIST2D(((0.,0.),(1.9228127710521221,0.),(1.9228127710521221,0.035000000149011612),(0.,0.035000000149011612)));
#18057=IFCINDEXEDPOLYCURVE(#18056,(IFCLINEINDEX((1,2,3,4,1))),$);
#18058=IFCARBITRARYCLOSEDPROFILEDEF(.AREA.,$,#18057);
#18059=IFCCARTESIANPOINT((0.02500000037252903,0.02500000037252903,0.02500000037252903));
#18060=IFCDIRECTION((0.,0.,1.));
#18061=IFCDIRECTION((1.,0.,0.));
#18062=IFCAXIS2PLACEMENT3D(#18059,#18060,#18061);
#18063=IFCDIRECTION((0.,0.,1.));
#18064=IFCEXTRUDEDAREASOLID(#18058,#18062,#18063,1.9499999992549419);
#18065=IFCCARTESIANPOINTLIST2D(((0.,0.),(0.,-0.040000000000000001),(0.12,-0.040000000000000001),(0.12,-0.02),(0.02,-0.02),(0.02,0.)));
#18066=IFCINDEXEDPOLYCURVE(#18065,(IFCLINEINDEX((1,2,3,4,5,6,1))),$);
#18067=IFCARBITRARYCLOSEDPROFILEDEF(.AREA.,$,#18066);
#18068=IFCCARTESIANPOINT((0.075000000372529033,0.02500000037252903,1.015000000372529));
#18069=IFCDIRECTION((0.,0.,1.));
#18070=IFCDIRECTION((1.,0.,0.));
#18071=IFCAXIS2PLACEMENT3D(#18068,#18069,#18070);
#18072=IFCDIRECTION((0.,0.,1.));
#18073=IFCEXTRUDEDAREASOLID(#18067,#18071,#18072,0.02);
#18074=IFCEXTRUDEDAREASOLID(#18075,#18078,#18082,0.02);
#18075=IFCARBITRARYCLOSEDPROFILEDEF(.AREA.,$,#18076);
#18076=IFCINDEXEDPOLYCURVE(#18077,(IFCLINEINDEX((1,2,3,4,5,6,1))),$);
#18077=IFCCARTESIANPOINTLIST2D(((0.,0.),(0.,0.040000000000000008),(0.11999999999999998,0.040000000000000008),(0.11999999999999998,0.020000000000000004),(0.020000000000000004,0.020000000000000004),(0.020000000000000004,0.)));
#18078=IFCAXIS2PLACEMENT3D(#18079,#18080,#18081);
#18079=IFCCARTESIANPOINT((0.075000000372529033,0.060000000521540642,1.015000000372529));
#18080=IFCDIRECTION((0.,0.,1.));
#18081=IFCDIRECTION((1.,0.,0.));
#18082=IFCDIRECTION((0.,0.,1.));
#18083=IFCSHAPEREPRESENTATION(#11,'Body','SweptSolid',(#18028,#18064,#18073,#18074,#18037,#18046,#18055));
#18084=IFCCARTESIANPOINTLIST2D(((0.,0.),(0.02500000037252903,0.),(0.02500000037252903,0.05000000074505806),(0.,0.05000000074505806)));
#18085=IFCINDEXEDPOLYCURVE(#18084,(IFCLINEINDEX((1,2,3,4,1))),$);
#18086=IFCINDEXEDPOLYCURVE(#18087,(IFCLINEINDEX((1,2,3,4,1))),$);
#18087=IFCCARTESIANPOINTLIST2D(((1.9728127717971802,0.),(1.9478127714246511,0.),(1.9478127714246511,0.05000000074505806),(1.9728127717971802,0.05000000074505806)));
#18088=IFCCARTESIANPOINTLIST2D(((1.9478127714246511,0.05000000074505806),(1.9478127714246511,-1.8728127703070641),(1.9128127712756395,-1.8728127703070641)));
#18089=IFCINDEXEDPOLYCURVE(#18088,$,$);
#18090=IFCDIRECTION((1.,0.));
#18091=IFCCARTESIANPOINT((1.9128127712756395,0.05000000074505806));
#18092=IFCAXIS2PLACEMENT2D(#18091,#18090);
#18093=IFCELLIPSE(#18092,1.8878127709031105,1.9228127710521221);
#18094=IFCCARTESIANPOINT((1.9128127712756395,1.9728127717971802));
#18095=IFCCARTESIANPOINT((1.9128127712756395,-1.8728127703070641));
#18096=IFCTRIMMEDCURVE(#18093,(#18094),(#18095),.T.,.CARTESIAN.);
#18097=IFCCARTESIANPOINTLIST2D(((1.9478127714246511,0.05000000074505806),(1.9128127712756395,0.05000000074505806),(1.9128127712756395,1.9728127717971802),(1.9478127714246511,1.9728127717971802)));
#18098=IFCINDEXEDPOLYCURVE(#18097,(IFCLINEINDEX((1,2,3,4,1))),$);
#18099=IFCSHAPEREPRESENTATION(#24,'Body','Curve2D',(#18085,#18086,#18089,#18096,#18098));
#18100=IFCCARTESIANPOINTLIST2D(((0.,0.),(1.9728127717971802,0.),(1.9728127717971802,2.),(0.,2.)));
#18101=IFCINDEXEDPOLYCURVE(#18100,(IFCLINEINDEX((1,2,3,4,1))),$);
#18102=IFCARBITRARYCLOSEDPROFILEDEF(.AREA.,$,#18101);
#18103=IFCCARTESIANPOINT((0.,-0.60000002384185791,0.));
#18104=IFCDIRECTION((0.,-1.,0.));
#18105=IFCDIRECTION((1.,0.,0.));
#18106=IFCAXIS2PLACEMENT3D(#18103,#18104,#18105);
#18107=IFCDIRECTION((0.,0.,-1.));
#18108=IFCEXTRUDEDAREASOLID(#18102,#18106,#18107,1.2);
#18109=IFCSHAPEREPRESENTATION(#11,'Body','SweptSolid',(#18108));
#18115=IFCCARTESIANPOINT((3.3760361024578907,0.15997505187988281,0.));
#18116=IFCDIRECTION((0.,0.,1.));
#18117=IFCDIRECTION((-0.99999999999678657,2.5351816930115479E-06,0.));
#18118=IFCAXIS2PLACEMENT3D(#18115,#18116,#18117);
#18119=IFCLOCALPLACEMENT(#21508,#18118);
#18120=IFCCARTESIANPOINT((2.7755575615628914E-17,0.,0.));
#18121=IFCDIRECTION((0.,0.,1.));
#18122=IFCDIRECTION((1.,0.,0.));
#18123=IFCAXIS2PLACEMENT3D(#18120,#18121,#18122);
#18124=IFCLOCALPLACEMENT(#18119,#18123);
#18128=IFCCARTESIANPOINTLIST2D(((0.,0.),(0.,2.),(0.90149378776550293,2.),(0.90149378776550293,0.),(0.8764937873929739,0.),(0.8764937873929739,1.974999999627471),(0.02500000037252903,1.974999999627471),(0.02500000037252903,0.)));
#18129=IFCINDEXEDPOLYCURVE(#18128,(IFCLINEINDEX((1,2,3,4,5,6,7,8,1))),$);
#18130=IFCARBITRARYCLOSEDPROFILEDEF(.AREA.,$,#18129);
#18131=IFCCARTESIANPOINT((0.,0.02500000037252903,0.));
#18132=IFCDIRECTION((0.,-1.,0.));
#18133=IFCDIRECTION((1.,0.,0.));
#18134=IFCAXIS2PLACEMENT3D(#18131,#18132,#18133);
#18135=IFCDIRECTION((0.,0.,-1.));
#18136=IFCEXTRUDEDAREASOLID(#18130,#18134,#18135,0.02500000037252903);
#18137=IFCCARTESIANPOINTLIST2D(((0.,0.),(0.,2.),(0.90149378776550293,2.),(0.90149378776550293,0.),(0.85149378702044487,0.),(0.85149378702044487,1.9499999992549419),(0.05000000074505806,1.9499999992549419),(0.05000000074505806,0.)));
#18138=IFCINDEXEDPOLYCURVE(#18137,(IFCLINEINDEX((1,2,3,4,5,6,7,8,1))),$);
#18139=IFCARBITRARYCLOSEDPROFILEDEF(.AREA.,$,#18138);
#18140=IFCCARTESIANPOINT((0.,0.,0.));
#18141=IFCDIRECTION((0.,-1.,0.));
#18142=IFCDIRECTION((1.,0.,0.));
#18143=IFCAXIS2PLACEMENT3D(#18140,#18141,#18142);
#18144=IFCDIRECTION((0.,0.,-1.));
#18145=IFCEXTRUDEDAREASOLID(#18139,#18143,#18144,0.02500000037252903);
#18146=IFCCARTESIANPOINTLIST2D(((0.,0.),(0.80149378627538681,0.),(0.80149378627538681,0.10000000149011612),(0.,0.10000000149011612)));
#18147=IFCINDEXEDPOLYCURVE(#18146,(IFCLINEINDEX((1,2,3,4,1))),$);
#18148=IFCARBITRARYCLOSEDPROFILEDEF(.AREA.,$,#18147);
#18149=IFCCARTESIANPOINT((0.05000000074505806,0.,0.));
#18150=IFCDIRECTION((0.,0.,1.));
#18151=IFCDIRECTION((1.,0.,0.));
#18152=IFCAXIS2PLACEMENT3D(#18149,#18150,#18151);
#18153=IFCDIRECTION((0.,0.,1.));
#18154=IFCEXTRUDEDAREASOLID(#18148,#18152,#18153,0.02500000037252903);
#18155=IFCCARTESIANPOINTLIST2D(((0.,0.),(0.,2.0250000022351742),(0.95149379223585129,2.0250000022351742),(0.95149379223585129,0.),(0.87649378925561905,0.),(0.87649378925561905,1.9499999992549419),(0.075000002980232239,1.9499999992549419),(0.075000002980232239,0.)));
#18156=IFCINDEXEDPOLYCURVE(#18155,(IFCLINEINDEX((1,2,3,4,5,6,7,8,1))),$);
#18157=IFCARBITRARYCLOSEDPROFILEDEF(.AREA.,$,#18156);
#18158=IFCCARTESIANPOINT((-0.025000002235174179,-0.004999999888241291,0.));
#18159=IFCDIRECTION((0.,-1.,0.));
#18160=IFCDIRECTION((1.,0.,0.));
#18161=IFCAXIS2PLACEMENT3D(#18158,#18159,#18160);
#18162=IFCDIRECTION((0.,0.,-1.));
#18163=IFCEXTRUDEDAREASOLID(#18157,#18161,#18162,0.004999999888241291);
#18164=IFCCARTESIANPOINTLIST2D(((0.,0.),(0.,2.0250000022351742),(0.95149379223585129,2.0250000022351742),(0.95149379223585129,0.),(0.90149378962814808,0.),(0.90149378962814808,1.974999999627471),(0.050000002607703209,1.974999999627471),(0.050000002607703209,0.)));
#18165=IFCINDEXEDPOLYCURVE(#18164,(IFCLINEINDEX((1,2,3,4,5,6,7,8,1))),$);
#18166=IFCARBITRARYCLOSEDPROFILEDEF(.AREA.,$,#18165);
#18167=IFCCARTESIANPOINT((-0.025000002235174179,0.05000000074505806,0.));
#18168=IFCDIRECTION((0.,-1.,0.));
#18169=IFCDIRECTION((1.,0.,0.));
#18170=IFCAXIS2PLACEMENT3D(#18167,#18168,#18169);
#18171=IFCDIRECTION((0.,0.,-1.));
#18172=IFCEXTRUDEDAREASOLID(#18166,#18170,#18171,0.004999999888241291);
#18173=IFCCARTESIANPOINTLIST2D(((0.,0.),(0.85149378702044487,0.),(0.85149378702044487,0.035000000149011612),(0.,0.035000000149011612)));
#18174=IFCINDEXEDPOLYCURVE(#18173,(IFCLINEINDEX((1,2,3,4,1))),$);
#18175=IFCARBITRARYCLOSEDPROFILEDEF(.AREA.,$,#18174);
#18176=IFCCARTESIANPOINT((0.02500000037252903,0.02500000037252903,0.02500000037252903));
#18177=IFCDIRECTION((0.,0.,1.));
#18178=IFCDIRECTION((1.,0.,0.));
#18179=IFCAXIS2PLACEMENT3D(#18176,#18177,#18178);
#18180=IFCDIRECTION((0.,0.,1.));
#18181=IFCEXTRUDEDAREASOLID(#18175,#18179,#18180,1.9499999992549419);
#18182=IFCCARTESIANPOINTLIST2D(((0.,0.),(0.,-0.040000000000000001),(0.12,-0.040000000000000001),(0.12,-0.02),(0.02,-0.02),(0.02,0.)));
#18183=IFCINDEXEDPOLYCURVE(#18182,(IFCLINEINDEX((1,2,3,4,5,6,1))),$);
#18184=IFCARBITRARYCLOSEDPROFILEDEF(.AREA.,$,#18183);
#18185=IFCCARTESIANPOINT((0.075000000372529033,0.02500000037252903,1.015000000372529));
#18186=IFCDIRECTION((0.,0.,1.));
#18187=IFCDIRECTION((1.,0.,0.));
#18188=IFCAXIS2PLACEMENT3D(#18185,#18186,#18187);
#18189=IFCDIRECTION((0.,0.,1.));
#18190=IFCEXTRUDEDAREASOLID(#18184,#18188,#18189,0.02);
#18191=IFCEXTRUDEDAREASOLID(#18192,#18195,#18199,0.02);
#18192=IFCARBITRARYCLOSEDPROFILEDEF(.AREA.,$,#18193);
#18193=IFCINDEXEDPOLYCURVE(#18194,(IFCLINEINDEX((1,2,3,4,5,6,1))),$);
#18194=IFCCARTESIANPOINTLIST2D(((0.,0.),(0.,0.040000000000000008),(0.11999999999999998,0.040000000000000008),(0.11999999999999998,0.020000000000000004),(0.020000000000000004,0.020000000000000004),(0.020000000000000004,0.)));
#18195=IFCAXIS2PLACEMENT3D(#18196,#18197,#18198);
#18196=IFCCARTESIANPOINT((0.075000000372529033,0.060000000521540642,1.015000000372529));
#18197=IFCDIRECTION((0.,0.,1.));
#18198=IFCDIRECTION((1.,0.,0.));
#18199=IFCDIRECTION((0.,0.,1.));
#18240=IFCCARTESIANPOINTLIST3D(((0.,0.,0.),(0.90149378776550293,0.,0.),(0.90149378776550293,0.,2.),(0.,0.,2.)));
#18241=IFCINDEXEDPOLYCURVE(#18240,(IFCLINEINDEX((1,2,3,4,1))),$);
#18242=IFCSHAPEREPRESENTATION(#18,'Profile','Curve3D',(#18241));
#18243=IFCCARTESIANPOINTLIST2D(((0.,0.),(0.,2.),(0.90149378776550293,2.),(0.90149378776550293,0.),(0.8764937873929739,0.),(0.8764937873929739,1.974999999627471),(0.02500000037252903,1.974999999627471),(0.02500000037252903,0.)));
#18244=IFCINDEXEDPOLYCURVE(#18243,(IFCLINEINDEX((1,2,3,4,5,6,7,8,1))),$);
#18245=IFCARBITRARYCLOSEDPROFILEDEF(.AREA.,$,#18244);
#18246=IFCCARTESIANPOINT((0.,0.02500000037252903,0.));
#18247=IFCDIRECTION((0.,-1.,0.));
#18248=IFCDIRECTION((1.,0.,0.));
#18249=IFCAXIS2PLACEMENT3D(#18246,#18247,#18248);
#18250=IFCDIRECTION((0.,0.,-1.));
#18251=IFCEXTRUDEDAREASOLID(#18245,#18249,#18250,0.02500000037252903);
#18252=IFCCARTESIANPOINTLIST2D(((0.,0.),(0.,2.),(0.90149378776550293,2.),(0.90149378776550293,0.),(0.85149378702044487,0.),(0.85149378702044487,1.9499999992549419),(0.05000000074505806,1.9499999992549419),(0.05000000074505806,0.)));
#18253=IFCINDEXEDPOLYCURVE(#18252,(IFCLINEINDEX((1,2,3,4,5,6,7,8,1))),$);
#18254=IFCARBITRARYCLOSEDPROFILEDEF(.AREA.,$,#18253);
#18255=IFCCARTESIANPOINT((0.,0.,0.));
#18256=IFCDIRECTION((0.,-1.,0.));
#18257=IFCDIRECTION((1.,0.,0.));
#18258=IFCAXIS2PLACEMENT3D(#18255,#18256,#18257);
#18259=IFCDIRECTION((0.,0.,-1.));
#18260=IFCEXTRUDEDAREASOLID(#18254,#18258,#18259,0.02500000037252903);
#18261=IFCCARTESIANPOINTLIST2D(((0.,0.),(0.80149378627538681,0.),(0.80149378627538681,0.10000000149011612),(0.,0.10000000149011612)));
#18262=IFCINDEXEDPOLYCURVE(#18261,(IFCLINEINDEX((1,2,3,4,1))),$);
#18263=IFCARBITRARYCLOSEDPROFILEDEF(.AREA.,$,#18262);
#18264=IFCCARTESIANPOINT((0.05000000074505806,0.,0.));
#18265=IFCDIRECTION((0.,0.,1.));
#18266=IFCDIRECTION((1.,0.,0.));
#18267=IFCAXIS2PLACEMENT3D(#18264,#18265,#18266);
#18268=IFCDIRECTION((0.,0.,1.));
#18269=IFCEXTRUDEDAREASOLID(#18263,#18267,#18268,0.02500000037252903);
#18270=IFCCARTESIANPOINTLIST2D(((0.,0.),(0.,2.0250000022351742),(0.95149379223585129,2.0250000022351742),(0.95149379223585129,0.),(0.87649378925561905,0.),(0.87649378925561905,1.9499999992549419),(0.075000002980232239,1.9499999992549419),(0.075000002980232239,0.)));
#18271=IFCINDEXEDPOLYCURVE(#18270,(IFCLINEINDEX((1,2,3,4,5,6,7,8,1))),$);
#18272=IFCARBITRARYCLOSEDPROFILEDEF(.AREA.,$,#18271);
#18273=IFCCARTESIANPOINT((-0.025000002235174179,-0.004999999888241291,0.));
#18274=IFCDIRECTION((0.,-1.,0.));
#18275=IFCDIRECTION((1.,0.,0.));
#18276=IFCAXIS2PLACEMENT3D(#18273,#18274,#18275);
#18277=IFCDIRECTION((0.,0.,-1.));
#18278=IFCEXTRUDEDAREASOLID(#18272,#18276,#18277,0.004999999888241291);
#18279=IFCCARTESIANPOINTLIST2D(((0.,0.),(0.,2.0250000022351742),(0.95149379223585129,2.0250000022351742),(0.95149379223585129,0.),(0.90149378962814808,0.),(0.90149378962814808,1.974999999627471),(0.050000002607703209,1.974999999627471),(0.050000002607703209,0.)));
#18280=IFCINDEXEDPOLYCURVE(#18279,(IFCLINEINDEX((1,2,3,4,5,6,7,8,1))),$);
#18281=IFCARBITRARYCLOSEDPROFILEDEF(.AREA.,$,#18280);
#18282=IFCCARTESIANPOINT((-0.025000002235174179,0.05000000074505806,0.));
#18283=IFCDIRECTION((0.,-1.,0.));
#18284=IFCDIRECTION((1.,0.,0.));
#18285=IFCAXIS2PLACEMENT3D(#18282,#18283,#18284);
#18286=IFCDIRECTION((0.,0.,-1.));
#18287=IFCEXTRUDEDAREASOLID(#18281,#18285,#18286,0.004999999888241291);
#18288=IFCCARTESIANPOINTLIST2D(((0.,0.),(0.85149378702044487,0.),(0.85149378702044487,0.035000000149011612),(0.,0.035000000149011612)));
#18289=IFCINDEXEDPOLYCURVE(#18288,(IFCLINEINDEX((1,2,3,4,1))),$);
#18290=IFCARBITRARYCLOSEDPROFILEDEF(.AREA.,$,#18289);
#18291=IFCCARTESIANPOINT((0.02500000037252903,0.02500000037252903,0.02500000037252903));
#18292=IFCDIRECTION((0.,0.,1.));
#18293=IFCDIRECTION((1.,0.,0.));
#18294=IFCAXIS2PLACEMENT3D(#18291,#18292,#18293);
#18295=IFCDIRECTION((0.,0.,1.));
#18296=IFCEXTRUDEDAREASOLID(#18290,#18294,#18295,1.9499999992549419);
#18297=IFCCARTESIANPOINTLIST2D(((0.,0.),(0.,-0.040000000000000001),(0.12,-0.040000000000000001),(0.12,-0.02),(0.02,-0.02),(0.02,0.)));
#18298=IFCINDEXEDPOLYCURVE(#18297,(IFCLINEINDEX((1,2,3,4,5,6,1))),$);
#18299=IFCARBITRARYCLOSEDPROFILEDEF(.AREA.,$,#18298);
#18300=IFCCARTESIANPOINT((0.075000000372529033,0.02500000037252903,1.015000000372529));
#18301=IFCDIRECTION((0.,0.,1.));
#18302=IFCDIRECTION((1.,0.,0.));
#18303=IFCAXIS2PLACEMENT3D(#18300,#18301,#18302);
#18304=IFCDIRECTION((0.,0.,1.));
#18305=IFCEXTRUDEDAREASOLID(#18299,#18303,#18304,0.02);
#18306=IFCEXTRUDEDAREASOLID(#18307,#18310,#18314,0.02);
#18307=IFCARBITRARYCLOSEDPROFILEDEF(.AREA.,$,#18308);
#18308=IFCINDEXEDPOLYCURVE(#18309,(IFCLINEINDEX((1,2,3,4,5,6,1))),$);
#18309=IFCCARTESIANPOINTLIST2D(((0.,0.),(0.,0.040000000000000008),(0.11999999999999998,0.040000000000000008),(0.11999999999999998,0.020000000000000004),(0.020000000000000004,0.020000000000000004),(0.020000000000000004,0.)));
#18310=IFCAXIS2PLACEMENT3D(#18311,#18312,#18313);
#18311=IFCCARTESIANPOINT((0.075000000372529033,0.060000000521540642,1.015000000372529));
#18312=IFCDIRECTION((0.,0.,1.));
#18313=IFCDIRECTION((1.,0.,0.));
#18314=IFCDIRECTION((0.,0.,1.));
#18315=IFCSHAPEREPRESENTATION(#11,'Body','SweptSolid',(#18251,#18260,#18296,#18305,#18306,#18269,#18278,#18287));
#18316=IFCCARTESIANPOINTLIST2D(((0.,0.),(0.,0.05000000074505806),(0.02500000037252903,0.05000000074505806),(0.02500000037252903,0.02500000037252903),(0.05000000074505806,0.02500000037252903),(0.05000000074505806,0.)));
#18317=IFCINDEXEDPOLYCURVE(#18316,(IFCLINEINDEX((1,2,3,4,5,6,1))),$);
#18318=IFCINDEXEDPOLYCURVE(#18319,(IFCLINEINDEX((1,2,3,4,5,6,1))),$);
#18319=IFCCARTESIANPOINTLIST2D(((0.90149378776550293,0.),(0.90149378776550293,0.05000000074505806),(0.8764937873929739,0.05000000074505806),(0.8764937873929739,0.02500000037252903),(0.85149378702044487,0.02500000037252903),(0.85149378702044487,0.)));
#18320=IFCDIRECTION((1.,0.));
#18321=IFCCARTESIANPOINT((0.84149378724396229,0.05000000074505806));
#18322=IFCAXIS2PLACEMENT2D(#18321,#18320);
#18323=IFCELLIPSE(#18322,0.81649378687143326,0.85149378702044487);
#18324=IFCCARTESIANPOINT((0.84149378724396229,0.90149378776550293));
#18325=IFCCARTESIANPOINT((0.02500000037252903,0.05000000074505806));
#18326=IFCTRIMMEDCURVE(#18323,(#18324),(#18325),.T.,.CARTESIAN.);
#18327=IFCCARTESIANPOINTLIST2D(((0.8764937873929739,0.05000000074505806),(0.84149378724396229,0.05000000074505806),(0.84149378724396229,0.90149378776550293),(0.8764937873929739,0.90149378776550293)));
#18328=IFCINDEXEDPOLYCURVE(#18327,(IFCLINEINDEX((1,2,3,4,1))),$);
#18329=IFCSHAPEREPRESENTATION(#24,'Body','Curve2D',(#18317,#18318,#18326,#18328));
#18330=IFCCARTESIANPOINTLIST2D(((0.,0.),(0.90149378776550293,0.),(0.90149378776550293,2.),(0.,2.)));
#18331=IFCINDEXEDPOLYCURVE(#18330,(IFCLINEINDEX((1,2,3,4,1))),$);
#18332=IFCARBITRARYCLOSEDPROFILEDEF(.AREA.,$,#18331);
#18333=IFCCARTESIANPOINT((0.,-0.60000002384185791,0.));
#18334=IFCDIRECTION((0.,-1.,0.));
#18335=IFCDIRECTION((1.,0.,0.));
#18336=IFCAXIS2PLACEMENT3D(#18333,#18334,#18335);
#18337=IFCDIRECTION((0.,0.,-1.));
#18338=IFCEXTRUDEDAREASOLID(#18332,#18336,#18337,1.2);
#18339=IFCSHAPEREPRESENTATION(#11,'Body','SweptSolid',(#18338));
#18350=IFCCARTESIANPOINT((-4.4408920985006262E-16,5.5511151231257827E-17,0.));
#18351=IFCDIRECTION((0.,0.,1.));
#18352=IFCDIRECTION((1.,0.,0.));
#18353=IFCAXIS2PLACEMENT3D(#18350,#18351,#18352);
#18354=IFCLOCALPLACEMENT(#18561,#18353);
#18356=IFCCARTESIANPOINTLIST2D(((0.,0.),(0.099573729209704157,0.10000000149011612),(3.9069365498366913,0.10000000149011612),(4.0069365318560912,0.)));
#18357=IFCINDEXEDPOLYCURVE(#18356,(IFCLINEINDEX((1,2,3,4,1))),$);
#18358=IFCARBITRARYCLOSEDPROFILEDEF(.AREA.,$,#18357);
#18359=IFCCARTESIANPOINT((0.,0.,0.));
#18360=IFCDIRECTION((0.,0.,1.));
#18361=IFCDIRECTION((1.,0.,0.));
#18362=IFCAXIS2PLACEMENT3D(#18359,#18360,#18361);
#18363=IFCDIRECTION((0.,0.,1.));
#18364=IFCEXTRUDEDAREASOLID(#18358,#18362,#18363,3.);
#18365=IFCSHAPEREPRESENTATION(#11,'Body','SweptSolid',(#18364));
#18366=IFCCARTESIANPOINTLIST2D(((0.,0.),(4.0069365318560912,0.)));
#18367=IFCINDEXEDPOLYCURVE(#18366,$,$);
#18368=IFCSHAPEREPRESENTATION(#23,'Axis','Curve2D',(#18367));
#18369=IFCCARTESIANPOINT((0.22660495679137041,-2.5901062488555908,0.));
#18370=IFCDIRECTION((0.,0.,1.));
#18371=IFCDIRECTION((1.,0.,0.));
#18372=IFCAXIS2PLACEMENT3D(#18369,#18370,#18371);
#18373=IFCLOCALPLACEMENT(#79,#18372);
#18374=IFCCARTESIANPOINT((0.3350606973910637,1.6689300537109375E-06,0.));
#18375=IFCDIRECTION((0.,0.,1.));
#18376=IFCDIRECTION((0.99999999999988631,-4.7683715820307079E-07,0.));
#18377=IFCAXIS2PLACEMENT3D(#18374,#18375,#18376);
#18378=IFCLOCALPLACEMENT(#18373,#18377);
#18379=IFCCARTESIANPOINT((2.5818443115496938,0.099995851516723633,1.));
#18380=IFCDIRECTION((0.,0.,1.));
#18381=IFCDIRECTION((-0.99999999999938993,1.1046701047228081E-06,0.));
#18382=IFCAXIS2PLACEMENT3D(#18379,#18380,#18381);
#18383=IFCLOCALPLACEMENT(#18373,#18382);
#18507=IFCCARTESIANPOINTLIST2D(((0.,0.),(0.10000004798135449,0.10000000149011612),(5.0504496302012694,0.10000000149011612),(5.1500009984113166,0.)));
#18508=IFCINDEXEDPOLYCURVE(#18507,(IFCLINEINDEX((1,2,3,4,1))),$);
#18509=IFCARBITRARYCLOSEDPROFILEDEF(.AREA.,$,#18508);
#18510=IFCCARTESIANPOINT((0.,0.,0.));
#18511=IFCDIRECTION((0.,0.,1.));
#18512=IFCDIRECTION((1.,0.,0.));
#18513=IFCAXIS2PLACEMENT3D(#18510,#18511,#18512);
#18514=IFCDIRECTION((0.,0.,1.));
#18515=IFCEXTRUDEDAREASOLID(#18509,#18513,#18514,3.);
#18516=IFCSHAPEREPRESENTATION(#11,'Body','SweptSolid',(#18515));
#18517=IFCCARTESIANPOINTLIST2D(((0.,0.),(5.1500009984113166,0.)));
#18518=IFCINDEXEDPOLYCURVE(#18517,$,$);
#18519=IFCSHAPEREPRESENTATION(#23,'Axis','Curve2D',(#18518));
#18552=IFCCARTESIANPOINT((4.3532829255462406,0.015000163503361308,0.));
#18553=IFCDIRECTION((0.,0.,1.));
#18554=IFCDIRECTION((0.99999999999999301,-1.192092895507731E-07,0.));
#18555=IFCAXIS2PLACEMENT3D(#18552,#18553,#18554);
#18556=IFCLOCALPLACEMENT(#21553,#18555);
#18557=IFCCARTESIANPOINT((3.1774444550872376,0.015000143175420921,0.));
#18558=IFCDIRECTION((0.,0.,1.));
#18559=IFCDIRECTION((0.99999999999999301,-1.192092895507731E-07,0.));
#18560=IFCAXIS2PLACEMENT3D(#18557,#18558,#18559);
#18561=IFCLOCALPLACEMENT(#21553,#18560);
#18602=IFCRELCONNECTSPATHELEMENTS('2YqT4lXg5CswhkXEkQb$4Y',$,$,$,$,#8946,#8921,(),(),.ATEND.,.ATSTART.);
#18603=IFCCARTESIANPOINTLIST2D(((0.,0.),(-0.09999999394032616,0.10000000149011612),(0.49545037267726805,0.10000000149011612),(0.59545039045945347,0.)));
#18604=IFCINDEXEDPOLYCURVE(#18603,(IFCLINEINDEX((1,2,3,4,1))),$);
#18605=IFCARBITRARYCLOSEDPROFILEDEF(.AREA.,$,#18604);
#18606=IFCCARTESIANPOINT((0.,0.,0.));
#18607=IFCDIRECTION((0.,0.,1.));
#18608=IFCDIRECTION((1.,0.,0.));
#18609=IFCAXIS2PLACEMENT3D(#18606,#18607,#18608);
#18610=IFCDIRECTION((0.,0.,1.));
#18611=IFCEXTRUDEDAREASOLID(#18605,#18609,#18610,3.);
#18612=IFCSHAPEREPRESENTATION(#11,'Body','SweptSolid',(#18611));
#18613=IFCCARTESIANPOINTLIST2D(((0.,0.),(0.59545039045945347,0.)));
#18614=IFCINDEXEDPOLYCURVE(#18613,$,$);
#18615=IFCSHAPEREPRESENTATION(#23,'Axis','Curve2D',(#18614));
#18629=IFCRELCONNECTSPATHELEMENTS('1EirU87w12jfja7PsBtk5S',$,$,$,$,#9718,#8921,(),(),.ATPATH.,.ATSTART.);
#18643=IFCCARTESIANPOINTLIST2D(((0.,0.),(0.099999993940326173,0.10000000149011612),(3.6454942153987098,0.10000000149011612),(3.5454942214583838,0.)));
#18644=IFCINDEXEDPOLYCURVE(#18643,(IFCLINEINDEX((1,2,3,4,1))),$);
#18645=IFCARBITRARYCLOSEDPROFILEDEF(.AREA.,$,#18644);
#18646=IFCCARTESIANPOINT((0.,0.,0.));
#18647=IFCDIRECTION((0.,0.,1.));
#18648=IFCDIRECTION((1.,0.,0.));
#18649=IFCAXIS2PLACEMENT3D(#18646,#18647,#18648);
#18650=IFCDIRECTION((0.,0.,1.));
#18651=IFCEXTRUDEDAREASOLID(#18645,#18649,#18650,3.);
#18652=IFCSHAPEREPRESENTATION(#11,'Body','SweptSolid',(#18651));
#18653=IFCCARTESIANPOINTLIST2D(((0.,0.),(3.5454942214583838,0.)));
#18654=IFCINDEXEDPOLYCURVE(#18653,$,$);
#18655=IFCSHAPEREPRESENTATION(#23,'Axis','Curve2D',(#18654));
#18797=IFCDOOR('2sRm0PIY16HPLO1Svq7AsJ',$,'Door',$,$,#19326,#18805,$,2.,0.72898072004318237,$,.DOUBLE_SWING_LEFT.,$);
#18798=IFCCARTESIANPOINT((0.,0.,0.));
#18799=IFCDIRECTION((1.,0.,0.));
#18800=IFCDIRECTION((0.,1.,0.));
#18801=IFCDIRECTION((0.,0.,1.));
#18802=IFCCARTESIANTRANSFORMATIONOPERATOR3D(#18799,#18800,#18798,1.,#18801);
#18803=IFCMAPPEDITEM(#4280,#18802);
#18804=IFCSHAPEREPRESENTATION(#18,'Profile','MappedRepresentation',(#18803));
#18805=IFCPRODUCTDEFINITIONSHAPE($,$,(#18804,#18812,#18819));
#18806=IFCCARTESIANPOINT((0.,0.,0.));
#18807=IFCDIRECTION((1.,0.,0.));
#18808=IFCDIRECTION((0.,1.,0.));
#18809=IFCDIRECTION((0.,0.,1.));
#18810=IFCCARTESIANTRANSFORMATIONOPERATOR3D(#18807,#18808,#18806,1.,#18809);
#18811=IFCMAPPEDITEM(#4288,#18810);
#18812=IFCSHAPEREPRESENTATION(#11,'Body','MappedRepresentation',(#18811));
#18813=IFCCARTESIANPOINT((0.,0.,0.));
#18814=IFCDIRECTION((1.,0.,0.));
#18815=IFCDIRECTION((0.,1.,0.));
#18816=IFCDIRECTION((0.,0.,1.));
#18817=IFCCARTESIANTRANSFORMATIONOPERATOR3D(#18814,#18815,#18813,1.,#18816);
#18818=IFCMAPPEDITEM(#4357,#18817);
#18819=IFCSHAPEREPRESENTATION(#24,'Body','MappedRepresentation',(#18818));
#18827=IFCOPENINGELEMENT('2o964wAWLDxuMzwIMp4kX_',$,'Opening',$,$,#19321,#18855,$,.OPENING.);
#18843=IFCCARTESIANPOINT((0.,0.,0.));
#18844=IFCDIRECTION((1.,0.,0.));
#18845=IFCDIRECTION((0.,0.,1.));
#18846=IFCAXIS2PLACEMENT3D(#18843,#18845,#18844);
#18847=IFCREPRESENTATIONMAP(#18846,#19311);
#18848=IFCCARTESIANPOINT((0.,0.,0.));
#18849=IFCDIRECTION((1.,0.,0.));
#18850=IFCDIRECTION((0.,1.,0.));
#18851=IFCDIRECTION((0.,0.,1.));
#18852=IFCCARTESIANTRANSFORMATIONOPERATOR3D(#18849,#18850,#18848,1.,#18851);
#18853=IFCMAPPEDITEM(#18847,#18852);
#18854=IFCSHAPEREPRESENTATION(#11,'Body','MappedRepresentation',(#18853));
#18855=IFCPRODUCTDEFINITIONSHAPE($,$,(#18854));
#18856=IFCRELVOIDSELEMENT('2wJ49e7uPBEf6ftfNK3ZTi',$,$,$,#920,#18827);
#18862=IFCRELFILLSELEMENT('1bU0RAz$L77P1ekx0FbVtz',$,$,$,#18827,#18797);
#18871=IFCCARTESIANPOINTLIST2D(((0.,0.),(0.,2.),(0.66647380590438843,2.),(0.66647380590438843,0.),(0.6414738055318594,0.),(0.6414738055318594,1.974999999627471),(0.02500000037252903,1.974999999627471),(0.02500000037252903,0.)));
#18872=IFCINDEXEDPOLYCURVE(#18871,(IFCLINEINDEX((1,2,3,4,5,6,7,8,1))),$);
#18873=IFCARBITRARYCLOSEDPROFILEDEF(.AREA.,$,#18872);
#18874=IFCCARTESIANPOINT((0.,0.02500000037252903,0.));
#18875=IFCDIRECTION((0.,-1.,0.));
#18876=IFCDIRECTION((1.,0.,0.));
#18877=IFCAXIS2PLACEMENT3D(#18874,#18875,#18876);
#18878=IFCDIRECTION((0.,0.,-1.));
#18879=IFCEXTRUDEDAREASOLID(#18873,#18877,#18878,0.02500000037252903);
#18880=IFCCARTESIANPOINTLIST2D(((0.,0.),(0.,2.),(0.66647380590438843,2.),(0.66647380590438843,0.),(0.61647380515933037,0.),(0.61647380515933037,1.9499999992549419),(0.05000000074505806,1.9499999992549419),(0.05000000074505806,0.)));
#18881=IFCINDEXEDPOLYCURVE(#18880,(IFCLINEINDEX((1,2,3,4,5,6,7,8,1))),$);
#18882=IFCARBITRARYCLOSEDPROFILEDEF(.AREA.,$,#18881);
#18883=IFCCARTESIANPOINT((0.,0.,0.));
#18884=IFCDIRECTION((0.,-1.,0.));
#18885=IFCDIRECTION((1.,0.,0.));
#18886=IFCAXIS2PLACEMENT3D(#18883,#18884,#18885);
#18887=IFCDIRECTION((0.,0.,-1.));
#18888=IFCEXTRUDEDAREASOLID(#18882,#18886,#18887,0.02500000037252903);
#18889=IFCCARTESIANPOINTLIST2D(((0.,0.),(0.56647380441427231,0.),(0.56647380441427231,0.10000000149011612),(0.,0.10000000149011612)));
#18890=IFCINDEXEDPOLYCURVE(#18889,(IFCLINEINDEX((1,2,3,4,1))),$);
#18891=IFCARBITRARYCLOSEDPROFILEDEF(.AREA.,$,#18890);
#18892=IFCCARTESIANPOINT((0.05000000074505806,0.,0.));
#18893=IFCDIRECTION((0.,0.,1.));
#18894=IFCDIRECTION((1.,0.,0.));
#18895=IFCAXIS2PLACEMENT3D(#18892,#18893,#18894);
#18896=IFCDIRECTION((0.,0.,1.));
#18897=IFCEXTRUDEDAREASOLID(#18891,#18895,#18896,0.02500000037252903);
#18898=IFCCARTESIANPOINTLIST2D(((0.,0.),(0.,2.0250000022351742),(0.71647381037473679,2.0250000022351742),(0.71647381037473679,0.),(0.64147380739450455,0.),(0.64147380739450455,1.9499999992549419),(0.075000002980232239,1.9499999992549419),(0.075000002980232239,0.)));
#18899=IFCINDEXEDPOLYCURVE(#18898,(IFCLINEINDEX((1,2,3,4,5,6,7,8,1))),$);
#18900=IFCARBITRARYCLOSEDPROFILEDEF(.AREA.,$,#18899);
#18901=IFCCARTESIANPOINT((-0.025000002235174179,-0.004999999888241291,0.));
#18902=IFCDIRECTION((0.,-1.,0.));
#18903=IFCDIRECTION((1.,0.,0.));
#18904=IFCAXIS2PLACEMENT3D(#18901,#18902,#18903);
#18905=IFCDIRECTION((0.,0.,-1.));
#18906=IFCEXTRUDEDAREASOLID(#18900,#18904,#18905,0.004999999888241291);
#18907=IFCCARTESIANPOINTLIST2D(((0.,0.),(0.,2.0250000022351742),(0.71647381037473679,2.0250000022351742),(0.71647381037473679,0.),(0.66647380776703358,0.),(0.66647380776703358,1.974999999627471),(0.050000002607703209,1.974999999627471),(0.050000002607703209,0.)));
#18908=IFCINDEXEDPOLYCURVE(#18907,(IFCLINEINDEX((1,2,3,4,5,6,7,8,1))),$);
#18909=IFCARBITRARYCLOSEDPROFILEDEF(.AREA.,$,#18908);
#18910=IFCCARTESIANPOINT((-0.025000002235174179,0.05000000074505806,0.));
#18911=IFCDIRECTION((0.,-1.,0.));
#18912=IFCDIRECTION((1.,0.,0.));
#18913=IFCAXIS2PLACEMENT3D(#18910,#18911,#18912);
#18914=IFCDIRECTION((0.,0.,-1.));
#18915=IFCEXTRUDEDAREASOLID(#18909,#18913,#18914,0.004999999888241291);
#18916=IFCCARTESIANPOINTLIST2D(((0.,0.),(0.61647380515933037,0.),(0.61647380515933037,0.035000000149011612),(0.,0.035000000149011612)));
#18917=IFCINDEXEDPOLYCURVE(#18916,(IFCLINEINDEX((1,2,3,4,1))),$);
#18918=IFCARBITRARYCLOSEDPROFILEDEF(.AREA.,$,#18917);
#18919=IFCCARTESIANPOINT((0.02500000037252903,0.02500000037252903,0.02500000037252903));
#18920=IFCDIRECTION((0.,0.,1.));
#18921=IFCDIRECTION((1.,0.,0.));
#18922=IFCAXIS2PLACEMENT3D(#18919,#18920,#18921);
#18923=IFCDIRECTION((0.,0.,1.));
#18924=IFCEXTRUDEDAREASOLID(#18918,#18922,#18923,1.9499999992549419);
#18925=IFCCARTESIANPOINTLIST2D(((0.,0.),(0.,-0.040000000000000001),(0.12,-0.040000000000000001),(0.12,-0.02),(0.02,-0.02),(0.02,0.)));
#18926=IFCINDEXEDPOLYCURVE(#18925,(IFCLINEINDEX((1,2,3,4,5,6,1))),$);
#18927=IFCARBITRARYCLOSEDPROFILEDEF(.AREA.,$,#18926);
#18928=IFCCARTESIANPOINT((0.075000000372529033,0.02500000037252903,1.015000000372529));
#18929=IFCDIRECTION((0.,0.,1.));
#18930=IFCDIRECTION((1.,0.,0.));
#18931=IFCAXIS2PLACEMENT3D(#18928,#18929,#18930);
#18932=IFCDIRECTION((0.,0.,1.));
#18933=IFCEXTRUDEDAREASOLID(#18927,#18931,#18932,0.02);
#18934=IFCEXTRUDEDAREASOLID(#18935,#18938,#18942,0.02);
#18935=IFCARBITRARYCLOSEDPROFILEDEF(.AREA.,$,#18936);
#18936=IFCINDEXEDPOLYCURVE(#18937,(IFCLINEINDEX((1,2,3,4,5,6,1))),$);
#18937=IFCCARTESIANPOINTLIST2D(((0.,0.),(0.,0.040000000000000008),(0.11999999999999998,0.040000000000000008),(0.11999999999999998,0.020000000000000004),(0.020000000000000004,0.020000000000000004),(0.020000000000000004,0.)));
#18938=IFCAXIS2PLACEMENT3D(#18939,#18940,#18941);
#18939=IFCCARTESIANPOINT((0.075000000372529033,0.060000000521540642,1.015000000372529));
#18940=IFCDIRECTION((0.,0.,1.));
#18941=IFCDIRECTION((1.,0.,0.));
#18942=IFCDIRECTION((0.,0.,1.));
#18944=IFCSHAPEREPRESENTATION(#11,'Body','SweptSolid',(#19014,#18888,#19230,#18897,#19131,#18879,#19023,#18915,#19140,#19149,#19041,#19122,#18906,#19257,#19032,#19248,#19239));
#18945=IFCSHAPEASPECT((#18944),'Lining',$,.T.,#18805);
#18946=IFCSHAPEREPRESENTATION(#11,'Body','SweptSolid',(#18933,#18934,#19059,#18924,#19060,#19168,#19050,#19167,#19158,#19275,#19276,#19266));
#18947=IFCSHAPEASPECT((#18946),'Framing',$,.T.,#18805);
#19006=IFCCARTESIANPOINTLIST2D(((0.,0.),(0.,2.),(0.66647380590438843,2.),(0.66647380590438843,0.),(0.6414738055318594,0.),(0.6414738055318594,1.974999999627471),(0.02500000037252903,1.974999999627471),(0.02500000037252903,0.)));
#19007=IFCINDEXEDPOLYCURVE(#19006,(IFCLINEINDEX((1,2,3,4,5,6,7,8,1))),$);
#19008=IFCARBITRARYCLOSEDPROFILEDEF(.AREA.,$,#19007);
#19009=IFCCARTESIANPOINT((0.,0.,0.));
#19010=IFCDIRECTION((0.,-1.,0.));
#19011=IFCDIRECTION((1.,0.,0.));
#19012=IFCAXIS2PLACEMENT3D(#19009,#19010,#19011);
#19013=IFCDIRECTION((0.,0.,-1.));
#19014=IFCEXTRUDEDAREASOLID(#19008,#19012,#19013,0.05000000074505806);
#19015=IFCCARTESIANPOINTLIST2D(((0.,0.),(0.61647380515933037,0.),(0.61647380515933037,0.10000000149011612),(0.,0.10000000149011612)));
#19016=IFCINDEXEDPOLYCURVE(#19015,(IFCLINEINDEX((1,2,3,4,1))),$);
#19017=IFCARBITRARYCLOSEDPROFILEDEF(.AREA.,$,#19016);
#19018=IFCCARTESIANPOINT((0.02500000037252903,0.,0.));
#19019=IFCDIRECTION((0.,0.,1.));
#19020=IFCDIRECTION((1.,0.,0.));
#19021=IFCAXIS2PLACEMENT3D(#19018,#19019,#19020);
#19022=IFCDIRECTION((0.,0.,1.));
#19023=IFCEXTRUDEDAREASOLID(#19017,#19021,#19022,0.02500000037252903);
#19024=IFCCARTESIANPOINTLIST2D(((0.,0.),(0.,2.0250000022351742),(0.71647381037473679,2.0250000022351742),(0.71647381037473679,0.),(0.66647380776703358,0.),(0.66647380776703358,1.974999999627471),(0.050000002607703209,1.974999999627471),(0.050000002607703209,0.)));
#19025=IFCINDEXEDPOLYCURVE(#19024,(IFCLINEINDEX((1,2,3,4,5,6,7,8,1))),$);
#19026=IFCARBITRARYCLOSEDPROFILEDEF(.AREA.,$,#19025);
#19027=IFCCARTESIANPOINT((-0.025000002235174179,-0.004999999888241291,0.));
#19028=IFCDIRECTION((0.,-1.,0.));
#19029=IFCDIRECTION((1.,0.,0.));
#19030=IFCAXIS2PLACEMENT3D(#19027,#19028,#19029);
#19031=IFCDIRECTION((0.,0.,-1.));
#19032=IFCEXTRUDEDAREASOLID(#19026,#19030,#19031,0.004999999888241291);
#19033=IFCCARTESIANPOINTLIST2D(((0.,0.),(0.,2.0250000022351742),(0.71647381037473679,2.0250000022351742),(0.71647381037473679,0.),(0.66647380776703358,0.),(0.66647380776703358,1.974999999627471),(0.050000002607703209,1.974999999627471),(0.050000002607703209,0.)));
#19034=IFCINDEXEDPOLYCURVE(#19033,(IFCLINEINDEX((1,2,3,4,5,6,7,8,1))),$);
#19035=IFCARBITRARYCLOSEDPROFILEDEF(.AREA.,$,#19034);
#19036=IFCCARTESIANPOINT((-0.025000002235174179,0.05000000074505806,0.));
#19037=IFCDIRECTION((0.,-1.,0.));
#19038=IFCDIRECTION((1.,0.,0.));
#19039=IFCAXIS2PLACEMENT3D(#19036,#19037,#19038);
#19040=IFCDIRECTION((0.,0.,-1.));
#19041=IFCEXTRUDEDAREASOLID(#19035,#19039,#19040,0.004999999888241291);
#19042=IFCCARTESIANPOINTLIST2D(((0.,0.),(0.61647380515933037,0.),(0.61647380515933037,0.035000000149011612),(0.,0.035000000149011612)));
#19043=IFCINDEXEDPOLYCURVE(#19042,(IFCLINEINDEX((1,2,3,4,1))),$);
#19044=IFCARBITRARYCLOSEDPROFILEDEF(.AREA.,$,#19043);
#19045=IFCCARTESIANPOINT((0.02500000037252903,0.02500000037252903,0.02500000037252903));
#19046=IFCDIRECTION((0.,0.,1.));
#19047=IFCDIRECTION((1.,0.,0.));
#19048=IFCAXIS2PLACEMENT3D(#19045,#19046,#19047);
#19049=IFCDIRECTION((0.,0.,1.));
#19050=IFCEXTRUDEDAREASOLID(#19044,#19048,#19049,1.9499999992549419);
#19051=IFCCARTESIANPOINTLIST2D(((0.,0.),(0.,-0.040000000000000001),(-0.11999999999999994,-0.040000000000000001),(-0.11999999999999994,-0.02),(-0.020000000000000018,-0.02),(-0.020000000000000018,0.)));
#19052=IFCINDEXEDPOLYCURVE(#19051,(IFCLINEINDEX((1,2,3,4,5,6,1))),$);
#19053=IFCARBITRARYCLOSEDPROFILEDEF(.AREA.,$,#19052);
#19054=IFCCARTESIANPOINT((0.59147380553185935,0.02500000037252903,1.015000000372529));
#19055=IFCDIRECTION((0.,0.,1.));
#19056=IFCDIRECTION((1.,0.,0.));
#19057=IFCAXIS2PLACEMENT3D(#19054,#19055,#19056);
#19058=IFCDIRECTION((0.,0.,1.));
#19059=IFCEXTRUDEDAREASOLID(#19053,#19057,#19058,0.02);
#19060=IFCEXTRUDEDAREASOLID(#19061,#19064,#19068,0.02);
#19061=IFCARBITRARYCLOSEDPROFILEDEF(.AREA.,$,#19062);
#19062=IFCINDEXEDPOLYCURVE(#19063,(IFCLINEINDEX((1,2,3,4,5,6,1))),$);
#19063=IFCCARTESIANPOINTLIST2D(((0.,0.),(0.,0.040000000000000008),(-0.11999999999999994,0.040000000000000008),(-0.11999999999999994,0.020000000000000004),(-0.020000000000000018,0.020000000000000004),(-0.020000000000000018,0.)));
#19064=IFCAXIS2PLACEMENT3D(#19065,#19066,#19067);
#19065=IFCCARTESIANPOINT((0.59147380553185935,0.060000000521540642,1.015000000372529));
#19066=IFCDIRECTION((0.,0.,1.));
#19067=IFCDIRECTION((1.,0.,0.));
#19068=IFCDIRECTION((0.,0.,1.));
#19114=IFCCARTESIANPOINTLIST2D(((0.,0.),(0.,2.),(0.7684590220451355,2.),(0.7684590220451355,0.),(0.74345902167260647,0.),(0.74345902167260647,1.974999999627471),(0.02500000037252903,1.974999999627471),(0.02500000037252903,0.)));
#19115=IFCINDEXEDPOLYCURVE(#19114,(IFCLINEINDEX((1,2,3,4,5,6,7,8,1))),$);
#19116=IFCARBITRARYCLOSEDPROFILEDEF(.AREA.,$,#19115);
#19117=IFCCARTESIANPOINT((0.,0.,0.));
#19118=IFCDIRECTION((0.,-1.,0.));
#19119=IFCDIRECTION((1.,0.,0.));
#19120=IFCAXIS2PLACEMENT3D(#19117,#19118,#19119);
#19121=IFCDIRECTION((0.,0.,-1.));
#19122=IFCEXTRUDEDAREASOLID(#19116,#19120,#19121,0.05000000074505806);
#19123=IFCCARTESIANPOINTLIST2D(((0.,0.),(0.71845902130007744,0.),(0.71845902130007744,0.10000000149011612),(0.,0.10000000149011612)));
#19124=IFCINDEXEDPOLYCURVE(#19123,(IFCLINEINDEX((1,2,3,4,1))),$);
#19125=IFCARBITRARYCLOSEDPROFILEDEF(.AREA.,$,#19124);
#19126=IFCCARTESIANPOINT((0.02500000037252903,0.,0.));
#19127=IFCDIRECTION((0.,0.,1.));
#19128=IFCDIRECTION((1.,0.,0.));
#19129=IFCAXIS2PLACEMENT3D(#19126,#19127,#19128);
#19130=IFCDIRECTION((0.,0.,1.));
#19131=IFCEXTRUDEDAREASOLID(#19125,#19129,#19130,0.02500000037252903);
#19132=IFCCARTESIANPOINTLIST2D(((0.,0.),(0.,2.0250000022351742),(0.81845902651548386,2.0250000022351742),(0.81845902651548386,0.),(0.76845902390778065,0.),(0.76845902390778065,1.974999999627471),(0.050000002607703209,1.974999999627471),(0.050000002607703209,0.)));
#19133=IFCINDEXEDPOLYCURVE(#19132,(IFCLINEINDEX((1,2,3,4,5,6,7,8,1))),$);
#19134=IFCARBITRARYCLOSEDPROFILEDEF(.AREA.,$,#19133);
#19135=IFCCARTESIANPOINT((-0.025000002235174179,-0.004999999888241291,0.));
#19136=IFCDIRECTION((0.,-1.,0.));
#19137=IFCDIRECTION((1.,0.,0.));
#19138=IFCAXIS2PLACEMENT3D(#19135,#19136,#19137);
#19139=IFCDIRECTION((0.,0.,-1.));
#19140=IFCEXTRUDEDAREASOLID(#19134,#19138,#19139,0.004999999888241291);
#19141=IFCCARTESIANPOINTLIST2D(((0.,0.),(0.,2.0250000022351742),(0.81845902651548386,2.0250000022351742),(0.81845902651548386,0.),(0.76845902390778065,0.),(0.76845902390778065,1.974999999627471),(0.050000002607703209,1.974999999627471),(0.050000002607703209,0.)));
#19142=IFCINDEXEDPOLYCURVE(#19141,(IFCLINEINDEX((1,2,3,4,5,6,7,8,1))),$);
#19143=IFCARBITRARYCLOSEDPROFILEDEF(.AREA.,$,#19142);
#19144=IFCCARTESIANPOINT((-0.025000002235174179,0.05000000074505806,0.));
#19145=IFCDIRECTION((0.,-1.,0.));
#19146=IFCDIRECTION((1.,0.,0.));
#19147=IFCAXIS2PLACEMENT3D(#19144,#19145,#19146);
#19148=IFCDIRECTION((0.,0.,-1.));
#19149=IFCEXTRUDEDAREASOLID(#19143,#19147,#19148,0.004999999888241291);
#19150=IFCCARTESIANPOINTLIST2D(((0.,0.),(0.71845902130007744,0.),(0.71845902130007744,0.035000000149011612),(0.,0.035000000149011612)));
#19151=IFCINDEXEDPOLYCURVE(#19150,(IFCLINEINDEX((1,2,3,4,1))),$);
#19152=IFCARBITRARYCLOSEDPROFILEDEF(.AREA.,$,#19151);
#19153=IFCCARTESIANPOINT((0.02500000037252903,0.02500000037252903,0.02500000037252903));
#19154=IFCDIRECTION((0.,0.,1.));
#19155=IFCDIRECTION((1.,0.,0.));
#19156=IFCAXIS2PLACEMENT3D(#19153,#19154,#19155);
#19157=IFCDIRECTION((0.,0.,1.));
#19158=IFCEXTRUDEDAREASOLID(#19152,#19156,#19157,1.9499999992549419);
#19159=IFCCARTESIANPOINTLIST2D(((0.,0.),(0.,-0.040000000000000001),(-0.11999999999999988,-0.040000000000000001),(-0.11999999999999988,-0.02),(-0.020000000000000018,-0.02),(-0.020000000000000018,0.)));
#19160=IFCINDEXEDPOLYCURVE(#19159,(IFCLINEINDEX((1,2,3,4,5,6,1))),$);
#19161=IFCARBITRARYCLOSEDPROFILEDEF(.AREA.,$,#19160);
#19162=IFCCARTESIANPOINT((0.69345902167260642,0.02500000037252903,1.015000000372529));
#19163=IFCDIRECTION((0.,0.,1.));
#19164=IFCDIRECTION((1.,0.,0.));
#19165=IFCAXIS2PLACEMENT3D(#19162,#19163,#19164);
#19166=IFCDIRECTION((0.,0.,1.));
#19167=IFCEXTRUDEDAREASOLID(#19161,#19165,#19166,0.02);
#19168=IFCEXTRUDEDAREASOLID(#19169,#19172,#19176,0.02);
#19169=IFCARBITRARYCLOSEDPROFILEDEF(.AREA.,$,#19170);
#19170=IFCINDEXEDPOLYCURVE(#19171,(IFCLINEINDEX((1,2,3,4,5,6,1))),$);
#19171=IFCCARTESIANPOINTLIST2D(((0.,0.),(0.,0.040000000000000008),(-0.11999999999999988,0.040000000000000008),(-0.11999999999999988,0.020000000000000004),(-0.020000000000000018,0.020000000000000004),(-0.020000000000000018,0.)));
#19172=IFCAXIS2PLACEMENT3D(#19173,#19174,#19175);
#19173=IFCCARTESIANPOINT((0.69345902167260642,0.060000000521540642,1.015000000372529));
#19174=IFCDIRECTION((0.,0.,1.));
#19175=IFCDIRECTION((1.,0.,0.));
#19176=IFCDIRECTION((0.,0.,1.));
#19219=IFCCARTESIANPOINTLIST3D(((0.,0.,0.),(0.72898072004318237,0.,0.),(0.72898072004318237,0.,2.),(0.,0.,2.)));
#19220=IFCINDEXEDPOLYCURVE(#19219,(IFCLINEINDEX((1,2,3,4,1))),$);
#19221=IFCSHAPEREPRESENTATION(#18,'Profile','Curve3D',(#19220));
#19222=IFCCARTESIANPOINTLIST2D(((0.,0.),(0.,2.),(0.72898072004318237,2.),(0.72898072004318237,0.),(0.70398071967065334,0.),(0.70398071967065334,1.974999999627471),(0.02500000037252903,1.974999999627471),(0.02500000037252903,0.)));
#19223=IFCINDEXEDPOLYCURVE(#19222,(IFCLINEINDEX((1,2,3,4,5,6,7,8,1))),$);
#19224=IFCARBITRARYCLOSEDPROFILEDEF(.AREA.,$,#19223);
#19225=IFCCARTESIANPOINT((0.,0.,0.));
#19226=IFCDIRECTION((0.,-1.,0.));
#19227=IFCDIRECTION((1.,0.,0.));
#19228=IFCAXIS2PLACEMENT3D(#19225,#19226,#19227);
#19229=IFCDIRECTION((0.,0.,-1.));
#19230=IFCEXTRUDEDAREASOLID(#19224,#19228,#19229,0.05000000074505806);
#19231=IFCCARTESIANPOINTLIST2D(((0.,0.),(0.67898071929812431,0.),(0.67898071929812431,0.10000000149011612),(0.,0.10000000149011612)));
#19232=IFCINDEXEDPOLYCURVE(#19231,(IFCLINEINDEX((1,2,3,4,1))),$);
#19233=IFCARBITRARYCLOSEDPROFILEDEF(.AREA.,$,#19232);
#19234=IFCCARTESIANPOINT((0.02500000037252903,0.,0.));
#19235=IFCDIRECTION((0.,0.,1.));
#19236=IFCDIRECTION((1.,0.,0.));
#19237=IFCAXIS2PLACEMENT3D(#19234,#19235,#19236);
#19238=IFCDIRECTION((0.,0.,1.));
#19239=IFCEXTRUDEDAREASOLID(#19233,#19237,#19238,0.02500000037252903);
#19240=IFCCARTESIANPOINTLIST2D(((0.,0.),(0.,2.0250000022351742),(0.77898072451353073,2.0250000022351742),(0.77898072451353073,0.),(0.72898072190582752,0.),(0.72898072190582752,1.974999999627471),(0.050000002607703209,1.974999999627471),(0.050000002607703209,0.)));
#19241=IFCINDEXEDPOLYCURVE(#19240,(IFCLINEINDEX((1,2,3,4,5,6,7,8,1))),$);
#19242=IFCARBITRARYCLOSEDPROFILEDEF(.AREA.,$,#19241);
#19243=IFCCARTESIANPOINT((-0.025000002235174179,-0.004999999888241291,0.));
#19244=IFCDIRECTION((0.,-1.,0.));
#19245=IFCDIRECTION((1.,0.,0.));
#19246=IFCAXIS2PLACEMENT3D(#19243,#19244,#19245);
#19247=IFCDIRECTION((0.,0.,-1.));
#19248=IFCEXTRUDEDAREASOLID(#19242,#19246,#19247,0.004999999888241291);
#19249=IFCCARTESIANPOINTLIST2D(((0.,0.),(0.,2.0250000022351742),(0.77898072451353073,2.0250000022351742),(0.77898072451353073,0.),(0.72898072190582752,0.),(0.72898072190582752,1.974999999627471),(0.050000002607703209,1.974999999627471),(0.050000002607703209,0.)));
#19250=IFCINDEXEDPOLYCURVE(#19249,(IFCLINEINDEX((1,2,3,4,5,6,7,8,1))),$);
#19251=IFCARBITRARYCLOSEDPROFILEDEF(.AREA.,$,#19250);
#19252=IFCCARTESIANPOINT((-0.025000002235174179,0.05000000074505806,0.));
#19253=IFCDIRECTION((0.,-1.,0.));
#19254=IFCDIRECTION((1.,0.,0.));
#19255=IFCAXIS2PLACEMENT3D(#19252,#19253,#19254);
#19256=IFCDIRECTION((0.,0.,-1.));
#19257=IFCEXTRUDEDAREASOLID(#19251,#19255,#19256,0.004999999888241291);
#19258=IFCCARTESIANPOINTLIST2D(((0.,0.),(0.67898071929812431,0.),(0.67898071929812431,0.035000000149011612),(0.,0.035000000149011612)));
#19259=IFCINDEXEDPOLYCURVE(#19258,(IFCLINEINDEX((1,2,3,4,1))),$);
#19260=IFCARBITRARYCLOSEDPROFILEDEF(.AREA.,$,#19259);
#19261=IFCCARTESIANPOINT((0.02500000037252903,0.02500000037252903,0.02500000037252903));
#19262=IFCDIRECTION((0.,0.,1.));
#19263=IFCDIRECTION((1.,0.,0.));
#19264=IFCAXIS2PLACEMENT3D(#19261,#19262,#19263);
#19265=IFCDIRECTION((0.,0.,1.));
#19266=IFCEXTRUDEDAREASOLID(#19260,#19264,#19265,1.9499999992549419);
#19267=IFCCARTESIANPOINTLIST2D(((0.,0.),(0.,-0.040000000000000001),(-0.11999999999999988,-0.040000000000000001),(-0.11999999999999988,-0.02),(-0.020000000000000018,-0.02),(-0.020000000000000018,0.)));
#19268=IFCINDEXEDPOLYCURVE(#19267,(IFCLINEINDEX((1,2,3,4,5,6,1))),$);
#19269=IFCARBITRARYCLOSEDPROFILEDEF(.AREA.,$,#19268);
#19270=IFCCARTESIANPOINT((0.6539807196706533,0.02500000037252903,1.015000000372529));
#19271=IFCDIRECTION((0.,0.,1.));
#19272=IFCDIRECTION((1.,0.,0.));
#19273=IFCAXIS2PLACEMENT3D(#19270,#19271,#19272);
#19274=IFCDIRECTION((0.,0.,1.));
#19275=IFCEXTRUDEDAREASOLID(#19269,#19273,#19274,0.02);
#19276=IFCEXTRUDEDAREASOLID(#19277,#19280,#19284,0.02);
#19277=IFCARBITRARYCLOSEDPROFILEDEF(.AREA.,$,#19278);
#19278=IFCINDEXEDPOLYCURVE(#19279,(IFCLINEINDEX((1,2,3,4,5,6,1))),$);
#19279=IFCCARTESIANPOINTLIST2D(((0.,0.),(0.,0.040000000000000008),(-0.11999999999999988,0.040000000000000008),(-0.11999999999999988,0.020000000000000004),(-0.020000000000000018,0.020000000000000004),(-0.020000000000000018,0.)));
#19280=IFCAXIS2PLACEMENT3D(#19281,#19282,#19283);
#19281=IFCCARTESIANPOINT((0.6539807196706533,0.060000000521540642,1.015000000372529));
#19282=IFCDIRECTION((0.,0.,1.));
#19283=IFCDIRECTION((1.,0.,0.));
#19284=IFCDIRECTION((0.,0.,1.));
#19285=IFCSHAPEREPRESENTATION(#11,'Body','SweptSolid',(#19230,#19266,#19275,#19276,#19239,#19248,#19257));
#19286=IFCCARTESIANPOINTLIST2D(((0.,0.),(0.02500000037252903,0.),(0.02500000037252903,0.05000000074505806),(0.,0.05000000074505806)));
#19287=IFCINDEXEDPOLYCURVE(#19286,(IFCLINEINDEX((1,2,3,4,1))),$);
#19288=IFCINDEXEDPOLYCURVE(#19289,(IFCLINEINDEX((1,2,3,4,1))),$);
#19289=IFCCARTESIANPOINTLIST2D(((0.72898072004318237,0.),(0.70398071967065334,0.),(0.70398071967065334,0.05000000074505806),(0.72898072004318237,0.05000000074505806)));
#19290=IFCCARTESIANPOINTLIST2D(((0.02500000037252903,0.05000000074505806),(0.02500000037252903,-0.62898071855306625),(0.060000000521540642,-0.62898071855306625)));
#19291=IFCINDEXEDPOLYCURVE(#19290,$,$);
#19292=IFCDIRECTION((1.,0.));
#19293=IFCCARTESIANPOINT((0.060000000521540642,0.05000000074505806));
#19294=IFCAXIS2PLACEMENT2D(#19293,#19292);
#19295=IFCELLIPSE(#19294,0.6439807191491127,0.67898071929812431);
#19296=IFCCARTESIANPOINT((0.060000000521540642,-0.62898071855306625));
#19297=IFCCARTESIANPOINT((0.060000000521540642,0.72898072004318237));
#19298=IFCTRIMMEDCURVE(#19295,(#19296),(#19297),.T.,.CARTESIAN.);
#19299=IFCCARTESIANPOINTLIST2D(((0.02500000037252903,0.05000000074505806),(0.060000000521540642,0.05000000074505806),(0.060000000521540642,0.72898072004318237),(0.02500000037252903,0.72898072004318237)));
#19300=IFCINDEXEDPOLYCURVE(#19299,(IFCLINEINDEX((1,2,3,4,1))),$);
#19301=IFCSHAPEREPRESENTATION(#24,'Body','Curve2D',(#19287,#19288,#19291,#19298,#19300));
#19302=IFCCARTESIANPOINTLIST2D(((0.,0.),(0.72898072004318237,0.),(0.72898072004318237,2.),(0.,2.)));
#19303=IFCINDEXEDPOLYCURVE(#19302,(IFCLINEINDEX((1,2,3,4,1))),$);
#19304=IFCARBITRARYCLOSEDPROFILEDEF(.AREA.,$,#19303);
#19305=IFCCARTESIANPOINT((0.,-0.60000002384185791,0.));
#19306=IFCDIRECTION((0.,-1.,0.));
#19307=IFCDIRECTION((1.,0.,0.));
#19308=IFCAXIS2PLACEMENT3D(#19305,#19306,#19307);
#19309=IFCDIRECTION((0.,0.,-1.));
#19310=IFCEXTRUDEDAREASOLID(#19304,#19308,#19309,1.2);
#19311=IFCSHAPEREPRESENTATION(#11,'Body','SweptSolid',(#19310));
#19317=IFCCARTESIANPOINT((0.051713335295669793,-2.2834959545470213E-07,0.));
#19318=IFCDIRECTION((0.,0.,1.));
#19319=IFCDIRECTION((0.99999999999999289,-1.1920928955077312E-07,0.));
#19320=IFCAXIS2PLACEMENT3D(#19317,#19318,#19319);
#19321=IFCLOCALPLACEMENT(#1222,#19320);
#19322=IFCCARTESIANPOINT((-8.8817841970012523E-16,2.2204460492503131E-16,0.));
#19323=IFCDIRECTION((0.,0.,1.));
#19324=IFCDIRECTION((1.,0.,0.));
#19325=IFCAXIS2PLACEMENT3D(#19322,#19323,#19324);
#19326=IFCLOCALPLACEMENT(#19321,#19325);
#19354=IFCWALL('2y6wemdsrDG8U17b770D6C',$,'Wall',$,$,#21558,#19360,$,$);
#19355=IFCMATERIALLAYERSETUSAGE(#82,.AXIS2.,.POSITIVE.,0.,$);
#19356=IFCRELASSOCIATESMATERIAL('1ra9609jn4SgjDoYLWCoKy',$,$,$,(#19354),#19355);
#19360=IFCPRODUCTDEFINITIONSHAPE($,$,(#19679,#19676));
#19376=IFCPROPERTYSET('2IZu5w8$55T85jnsdNjEmB',$,'EPset_Parametric',$,(#19378));
#19377=IFCRELDEFINESBYPROPERTIES('3E$W4Pu$9D2RJGMCyKkH5m',$,$,$,(#19354),#19376);
#19378=IFCPROPERTYSINGLEVALUE('Engine',$,IFCLABEL('Bonsai.DumbLayer2'),$);
#19392=IFCRELCONNECTSPATHELEMENTS('30zyPl1t16MO6ti$VA3JFv',$,$,$,$,#8821,#19354,(),(),.ATEND.,.ATEND.);
#19393=IFCCARTESIANPOINTLIST2D(((0.,0.),(0.10000001221855756,0.10000000149011612),(3.8454057122228913,0.10000000149011612),(3.9454057149054953,0.)));
#19394=IFCINDEXEDPOLYCURVE(#19393,(IFCLINEINDEX((1,2,3,4,1))),$);
#19395=IFCARBITRARYCLOSEDPROFILEDEF(.AREA.,$,#19394);
#19396=IFCCARTESIANPOINT((0.,0.,0.));
#19397=IFCDIRECTION((0.,0.,1.));
#19398=IFCDIRECTION((1.,0.,0.));
#19399=IFCAXIS2PLACEMENT3D(#19396,#19397,#19398);
#19400=IFCDIRECTION((0.,0.,1.));
#19401=IFCEXTRUDEDAREASOLID(#19395,#19399,#19400,3.);
#19402=IFCSHAPEREPRESENTATION(#11,'Body','SweptSolid',(#19401));
#19403=IFCCARTESIANPOINTLIST2D(((0.,0.),(3.8454057134153792,0.)));
#19404=IFCINDEXEDPOLYCURVE(#19403,$,$);
#19405=IFCSHAPEREPRESENTATION(#23,'Axis','Curve2D',(#19404));
#19653=IFCRELCONNECTSPATHELEMENTS('3JyfpZWqD9VOPTicz1$vnG',$,$,$,$,#8871,#19354,(),(),.ATSTART.,.ATSTART.);
#19667=IFCCARTESIANPOINTLIST2D(((-0.10000000149012106,0.),(3.1391647083246171E-08,0.10000000149011612),(0.99594722231918842,0.10000000149011612),(0.89594721963658475,0.)));
#19668=IFCINDEXEDPOLYCURVE(#19667,(IFCLINEINDEX((1,2,3,4,1))),$);
#19669=IFCARBITRARYCLOSEDPROFILEDEF(.AREA.,$,#19668);
#19670=IFCCARTESIANPOINT((0.,0.,0.));
#19671=IFCDIRECTION((0.,0.,1.));
#19672=IFCDIRECTION((1.,0.,0.));
#19673=IFCAXIS2PLACEMENT3D(#19670,#19671,#19672);
#19674=IFCDIRECTION((0.,0.,1.));
#19675=IFCEXTRUDEDAREASOLID(#19669,#19673,#19674,3.);
#19676=IFCSHAPEREPRESENTATION(#11,'Body','SweptSolid',(#19675));
#19677=IFCCARTESIANPOINTLIST2D(((0.,0.),(0.99594722112670087,0.)));
#19678=IFCINDEXEDPOLYCURVE(#19677,$,$);
#19679=IFCSHAPEREPRESENTATION(#23,'Axis','Curve2D',(#19678));
#19680=IFCRELCONNECTSPATHELEMENTS('1bdYOdaiz2bB7fpMkVieF$',$,$,$,$,#9718,#8871,(),(),.ATPATH.,.ATEND.);
#19681=IFCCARTESIANPOINTLIST2D(((0.10000000149011801,0.),(0.099999982019399344,0.10000000149011612),(7.0267557323972385,0.10000000149011612),(7.0267557129265201,0.)));
#19682=IFCINDEXEDPOLYCURVE(#19681,(IFCLINEINDEX((1,2,3,4,1))),$);
#19683=IFCARBITRARYCLOSEDPROFILEDEF(.AREA.,$,#19682);
#19684=IFCCARTESIANPOINT((0.,0.,0.));
#19685=IFCDIRECTION((0.,0.,1.));
#19686=IFCDIRECTION((1.,0.,0.));
#19687=IFCAXIS2PLACEMENT3D(#19684,#19685,#19686);
#19688=IFCDIRECTION((0.,0.,1.));
#19689=IFCEXTRUDEDAREASOLID(#19683,#19687,#19688,3.);
#19690=IFCSHAPEREPRESENTATION(#11,'Body','SweptSolid',(#19689));
#19691=IFCCARTESIANPOINTLIST2D(((0.,0.),(7.126755714416638,0.)));
#19692=IFCINDEXEDPOLYCURVE(#19691,$,$);
#19693=IFCSHAPEREPRESENTATION(#23,'Axis','Curve2D',(#19692));
#19694=IFCCARTESIANPOINTLIST2D(((0.10000000149012105,0.),(-3.1391647083246171E-08,0.10000000149011612),(3.5454960785397089,0.10000000149011612),(3.6454961265210635,0.)));
#19695=IFCINDEXEDPOLYCURVE(#19694,(IFCLINEINDEX((1,2,3,4,1))),$);
#19696=IFCARBITRARYCLOSEDPROFILEDEF(.AREA.,$,#19695);
#19697=IFCCARTESIANPOINT((0.,0.,0.));
#19698=IFCDIRECTION((0.,0.,1.));
#19699=IFCDIRECTION((1.,0.,0.));
#19700=IFCAXIS2PLACEMENT3D(#19697,#19698,#19699);
#19701=IFCDIRECTION((0.,0.,1.));
#19702=IFCEXTRUDEDAREASOLID(#19696,#19700,#19701,3.);
#19703=IFCSHAPEREPRESENTATION(#11,'Body','SweptSolid',(#19702));
#19704=IFCCARTESIANPOINTLIST2D(((0.,0.),(3.6454961265210635,0.)));
#19705=IFCINDEXEDPOLYCURVE(#19704,$,$);
#19706=IFCSHAPEREPRESENTATION(#23,'Axis','Curve2D',(#19705));
#19707=IFCCOVERINGTYPE('2yomUo3_v2ZhkTbcjiCq74',$,'FL-1-GF',$,$,(#19711),$,$,$,.FLOORING.);
#19708=IFCMATERIALLAYERSET((#19735,#19736),$,$);
#19709=IFCRELASSOCIATESMATERIAL('0SE0xUS7L0QRKA1cRruP0q',$,$,$,(#19707),#19708);
#19711=IFCPROPERTYSET('0suGaQewT1mvAXvQpmAFlf',$,'EPset_Parametric',$,(#19712));
#19712=IFCPROPERTYSINGLEVALUE('LayerSetDirection',$,IFCLABEL('AXIS3'),$);
#19713=IFCCOVERING('2U907IzYH8BAxotpDU7NK9',$,'Covering',$,$,#20661,#19727,$,$);
#19714=IFCRELDEFINESBYTYPE('2rt$iOSYbEXut37yjny$Q1',$,$,$,(#19713),#19707);
#19715=IFCMATERIALLAYERSETUSAGE(#19708,.AXIS3.,.POSITIVE.,0.,$);
#19716=IFCRELASSOCIATESMATERIAL('1pmvCUuGP139vAJdmxYsnv',$,$,$,(#19713),#19715);
#19717=IFCCARTESIANPOINTLIST2D(((-2.2049896717071533,-2.4361879825592041),(-3.657989501953125,-2.4361879825592041),(-3.7079896926879883,-2.4361879825592041),(-3.7079896926879883,-1.6881880760192871),(-3.7079896926879883,-1.6381881237030029),(-1.6549896001815796,-1.6381881237030029),(-1.6549896001815796,-0.1861882209777832),(-1.6549896001815796,-0.13618803024291992),(-1.6549896001815796,-0.086187839508056641),(-1.6549896001815796,1.3208117485046387),(-1.6549896001815796,1.3208117485046387),(1.6020102500915527,1.3208117485046387),(1.6020102500915527,-7.5861883163452148),(-2.2049896717071533,-7.5861883163452148),(-2.2049896717071533,-7.5851778984069824),(-2.2049896717071533,-5.1361880302429199),(-2.2049896717071533,-5.0861878395080566),(-2.2049896717071533,-5.0861878395080566),(-2.2049896717071533,-5.0361881256103516)));
#19718=IFCINDEXEDPOLYCURVE(#19717,(IFCLINEINDEX((1,2,3,4,5,6,7,8,9,10,11,12,13,14,15,16,17,18,19,1))),$);
#19719=IFCARBITRARYCLOSEDPROFILEDEF(.AREA.,$,#19718);
#19720=IFCCARTESIANPOINT((0.,0.,0.));
#19721=IFCDIRECTION((0.,0.,1.));
#19722=IFCDIRECTION((1.,0.,0.));
#19723=IFCAXIS2PLACEMENT3D(#19720,#19721,#19722);
#19724=IFCDIRECTION((0.,0.,1.));
#19725=IFCEXTRUDEDAREASOLID(#19719,#19723,#19724,0.09999999962747097);
#19726=IFCSHAPEREPRESENTATION(#11,'Body','SweptSolid',(#19725));
#19727=IFCPRODUCTDEFINITIONSHAPE($,$,(#19726));
#19733=IFCMATERIAL('screed',$,'cement');
#19734=IFCMATERIAL('parquet',$,'wood');
#19735=IFCMATERIALLAYER(#19733,0.070000000298023224,$,$,$,$,$);
#19736=IFCMATERIALLAYER(#19734,0.029999999329447746,$,$,$,$,$);
#19737=IFCSTAIRFLIGHTTYPE('2YqxtSD15FXwpRGBgsDhnE',$,'Stair-1',$,$,(#19738,#19740),(#19782,#22878),$,$,.STRAIGHT.);
#19738=IFCPROPERTYSET('2EJyNWbsL02BYPo_Yn1sOS',$,'BBIM_Stair',$,(#19739));
#19739=IFCPROPERTYSINGLEVALUE('Data',$,IFCTEXT('{"stair_type": "GENERIC", "width": 0.8898768424987793, "height": 1.7999999523162842, "number_of_treads": 7, "tread_run": 0.186702162027359, "nosing_length": 0.0, "nosing_depth": 0.0, "custom_first_last_tread_run": [null, null], "custom_tread_lock": true}'),$);
#19740=IFCPROPERTYSET('0ZUcy8zfL1mB9N3YPqjMUK',$,'Pset_StairFlightCommon',$,(#19741,#19742,#19743,#19744,#19745));
#19741=IFCPROPERTYSINGLEVALUE('NumberOfRiser',$,IFCCOUNTMEASURE(8.),$);
#19742=IFCPROPERTYSINGLEVALUE('NumberOfTreads',$,IFCCOUNTMEASURE(7.),$);
#19743=IFCPROPERTYSINGLEVALUE('RiserHeight',$,IFCPOSITIVELENGTHMEASURE(0.22499999403953552),$);
#19744=IFCPROPERTYSINGLEVALUE('TreadLength',$,IFCPOSITIVELENGTHMEASURE(0.25),$);
#19745=IFCPROPERTYSINGLEVALUE('NosingLength',$,IFCLENGTHMEASURE(0.),$);
#19778=IFCCARTESIANPOINT((0.,0.,0.));
#19779=IFCDIRECTION((1.,0.,0.));
#19780=IFCDIRECTION((0.,0.,1.));
#19781=IFCAXIS2PLACEMENT3D(#19778,#19780,#19779);
#19782=IFCREPRESENTATIONMAP(#19781,#22869);
#19783=IFCSTAIRFLIGHT('3t5FgJ8xr8yQw3V6UbdZ9O',$,'StairFlight',$,$,#22895,#19792,$,8,7,0.22499999403953552,0.25,.STRAIGHT.);
#19784=IFCRELDEFINESBYTYPE('1gaaBE5Dr1dQot3vDuUgCY',$,$,$,(#19783),#19737);
#19792=IFCPRODUCTDEFINITIONSHAPE($,$,(#19799,#22885));
#19793=IFCCARTESIANPOINT((0.,0.,0.));
#19794=IFCDIRECTION((1.,0.,0.));
#19795=IFCDIRECTION((0.,1.,0.));
#19796=IFCDIRECTION((0.,0.,1.));
#19797=IFCCARTESIANTRANSFORMATIONOPERATOR3D(#19794,#19795,#19793,1.,#19796);
#19798=IFCMAPPEDITEM(#19782,#19797);
#19799=IFCSHAPEREPRESENTATION(#11,'Body','MappedRepresentation',(#19798));
#19888=IFCSLABTYPE('1gtOFhzw1BXxBZB8Tj9NFw',$,'Slab landing',$,$,(#19892),$,$,$,.LANDING.);
#19889=IFCMATERIALLAYERSET((#19891),$,$);
#19890=IFCRELASSOCIATESMATERIAL('0QJJnzdYH7FeLBhuznE36x',$,$,$,(#19888),#19889);
#19891=IFCMATERIALLAYER(#81,1.7999999523162842,$,$,$,$,$);
#19892=IFCPROPERTYSET('1eS136wHHEz80tL4TZQhDo',$,'EPset_Parametric',$,(#19893));
#19893=IFCPROPERTYSINGLEVALUE('LayerSetDirection',$,IFCLABEL('AXIS3'),$);
#19895=IFCRELDEFINESBYTYPE('37EcKD7lj70eW_NNeKFZak',$,$,$,(#19917),#19888);
#19917=IFCSLAB('3ZYG1YLb1BDuz2faeZHrVY',$,'Slab',$,$,#24940,#19931,$,$);
#19918=IFCMATERIALLAYERSETUSAGE(#19889,.AXIS3.,.POSITIVE.,-0.10000000149011612,$);
#19919=IFCRELASSOCIATESMATERIAL('3f5WLIqqX4_RBZKkUrB97E',$,$,$,(#19917),#19918);
#19927=IFCDIRECTION((0.,0.,1.));
#19929=IFCEXTRUDEDAREASOLID(#22937,#19938,#19927,1.7999999523162842);
#19930=IFCSHAPEREPRESENTATION(#11,'Body','SweptSolid',(#19929));
#19931=IFCPRODUCTDEFINITIONSHAPE($,$,(#19930));
#19932=IFCPROPERTYSET('2jH$kVq7bAFB7t9Xa5OnC5',$,'EPset_Parametric',$,(#19934));
#19933=IFCRELDEFINESBYPROPERTIES('1SKrWNEHv2g8ijnr8_LNEu',$,$,$,(#19917),#19932);
#19934=IFCPROPERTYSINGLEVALUE('Engine',$,IFCLABEL('Bonsai.DumbLayer3'),$);
#19935=IFCCARTESIANPOINT((-0.,-0.,-0.10000000149011612));
#19936=IFCDIRECTION((0.,0.,1.));
#19937=IFCDIRECTION((1.,0.,0.));
#19938=IFCAXIS2PLACEMENT3D(#19935,#19936,#19937);
#20077=IFCRAILINGTYPE('11OrF8m4vFUQ5QGWVi$Zsf',$,'Balcony-2',$,$,(#20078,#20080),(#20082,#20180),$,$,.USERDEFINED.);
#20078=IFCPROPERTYSET('0pwLJKuHb4MgkVBeXabv8Z',$,'BBIM_Railing',$,(#20079));
#20079=IFCPROPERTYSINGLEVALUE('Data',$,IFCTEXT('{"railing_type": "FRAMELESS_PANEL", "height": 1.0, "thickness": 0.05000000074505806, "spacing": 0.05000000074505806, "path_data": {"edges": [[0, 1], [1, 2]], "verts": [[-0.16068363189697266, 0.0, 0.0], [0.0, 0.0, 0.0], [1.0, 0.0, 0.0]]}}'),$);
#20080=IFCPROPERTYSET('3B43PNwVPAgPypI4oSq9Cy',$,'Pset_RailingCommon',$,(#20081));
#20081=IFCPROPERTYSINGLEVALUE('Height',$,IFCPOSITIVELENGTHMEASURE(1.),$);
#20082=IFCREPRESENTATIONMAP(#20083,#20171);
#20083=IFCAXIS2PLACEMENT3D(#20084,#20085,#20086);
#20084=IFCCARTESIANPOINT((0.,0.,0.));
#20085=IFCDIRECTION((0.,0.,1.));
#20086=IFCDIRECTION((1.,0.,0.));
#20130=IFCRAILING('1HtSZqDlf9xxYLqbzBN6Cu',$,'Railing',$,'FRAMELESS_PANEL',#21563,#20139,$,.USERDEFINED.);
#20131=IFCRELDEFINESBYTYPE('142$wPKSL1KhQZzYkvjizX',$,$,$,(#20130),#20077);
#20132=IFCCARTESIANPOINT((0.,0.,0.));
#20133=IFCDIRECTION((1.,0.,0.));
#20134=IFCDIRECTION((0.,1.,0.));
#20135=IFCDIRECTION((0.,0.,1.));
#20136=IFCCARTESIANTRANSFORMATIONOPERATOR3D(#20133,#20134,#20132,1.,#20135);
#20137=IFCMAPPEDITEM(#20082,#20136);
#20138=IFCSHAPEREPRESENTATION(#11,'Body','MappedRepresentation',(#20137));
#20139=IFCPRODUCTDEFINITIONSHAPE($,$,(#20138,#20187));
#20157=IFCINDEXEDPOLYGONALFACE((16,19,18,17));
#20158=IFCINDEXEDPOLYGONALFACE((20,23,22,21));
#20159=IFCINDEXEDPOLYGONALFACE((5,11,10,4,8,9));
#20160=IFCINDEXEDPOLYGONALFACE((7,15,14,6,12,13));
#20161=IFCINDEXEDPOLYGONALFACE((6,14,21,22,12));
#20162=IFCINDEXEDPOLYGONALFACE((15,20,21,14));
#20163=IFCINDEXEDPOLYGONALFACE((5,9,19,16,11));
#20164=IFCINDEXEDPOLYGONALFACE((7,13,23,20,15));
#20165=IFCINDEXEDPOLYGONALFACE((11,16,17,10));
#20166=IFCINDEXEDPOLYGONALFACE((8,18,19,9));
#20167=IFCINDEXEDPOLYGONALFACE((12,22,23,13));
#20168=IFCINDEXEDPOLYGONALFACE((10,17,18,8,4));
#20169=IFCCARTESIANPOINTLIST3D(((-0.16068363189697266,0.,0.),(0.,0.,0.),(1.,0.,0.),(-0.13568362593650818,0.,0.),(-0.024999998509883881,0.,0.),(0.02500000037252903,0.,0.),(0.97500002384185791,0.,0.),(-0.13568362593650818,0.024999998509883881,0.),(-0.024999998509883881,0.024999998509883881,0.),(-0.13568362593650818,-0.024999998509883881,0.),(-0.024999998509883881,-0.024999998509883881,0.),(0.02500000037252903,0.02500000037252903,0.),(0.97500002384185791,0.02500000037252903,0.),(0.02500000037252903,-0.02500000037252903,0.),(0.97500002384185791,-0.02500000037252903,0.),(-0.024999998509883881,-0.024999998509883881,1.),(-0.13568362593650818,-0.024999998509883881,1.),(-0.13568362593650818,0.024999998509883881,1.),(-0.024999998509883881,0.024999998509883881,1.),(0.97500002384185791,-0.02500000037252903,1.),(0.02500000037252903,-0.02500000037252903,1.),(0.02500000037252903,0.02500000037252903,1.),(0.97500002384185791,0.02500000037252903,1.)));
#20170=IFCPOLYGONALFACESET(#20169,.F.,(#20157,#20158,#20159,#20160,#20161,#20162,#20163,#20164,#20165,#20166,#20167,#20168),$);
#20171=IFCSHAPEREPRESENTATION(#11,'Body','Tessellation',(#20170));
#20173=IFCCARTESIANPOINT((-0.16068363189697266,-0.02500000037252903,0.));
#20174=IFCBOUNDINGBOX(#20173,1.1606836318969727,0.05000000074505806,1.);
#20175=IFCSHAPEREPRESENTATION(#13,'Box','BoundingBox',(#20174));
#20176=IFCCARTESIANPOINT((0.,0.,0.));
#20177=IFCDIRECTION((1.,0.,0.));
#20178=IFCDIRECTION((0.,0.,1.));
#20179=IFCAXIS2PLACEMENT3D(#20176,#20178,#20177);
#20180=IFCREPRESENTATIONMAP(#20179,#20175);
#20181=IFCCARTESIANPOINT((0.,0.,0.));
#20182=IFCDIRECTION((1.,0.,0.));
#20183=IFCDIRECTION((0.,1.,0.));
#20184=IFCDIRECTION((0.,0.,1.));
#20185=IFCCARTESIANTRANSFORMATIONOPERATOR3D(#20182,#20183,#20181,1.,#20184);
#20186=IFCMAPPEDITEM(#20180,#20185);
#20187=IFCSHAPEREPRESENTATION(#13,'Box','MappedRepresentation',(#20186));
#20245=IFCRAILINGTYPE('3_GD9aPtH0qfw_O02x84qM',$,'Balcony-3',$,$,(#20246,#20248),(#20250,#20463),$,$,.USERDEFINED.);
#20246=IFCPROPERTYSET('223tIA_xzBMe3Z_dtL0wYx',$,'BBIM_Railing',$,(#20247));
#20247=IFCPROPERTYSINGLEVALUE('Data',$,IFCTEXT('{"railing_type": "FRAMELESS_PANEL", "height": 1.0, "thickness": 0.05000000074505806, "spacing": 0.05000000074505806, "path_data": {"edges": [[0, 1], [1, 2]], "verts": [[-0.4892280101776123, 2.232655305078879e-08, 0.0], [0.0, 0.0, 0.0], [1.0, 0.0, 0.0]]}}'),$);
#20248=IFCPROPERTYSET('0WkAKt7YLAdu702cgrsqWc',$,'Pset_RailingCommon',$,(#20249));
#20249=IFCPROPERTYSINGLEVALUE('Height',$,IFCPOSITIVELENGTHMEASURE(1.),$);
#20250=IFCREPRESENTATIONMAP(#20251,#20454);
#20251=IFCAXIS2PLACEMENT3D(#20252,#20253,#20254);
#20252=IFCCARTESIANPOINT((0.,0.,0.));
#20253=IFCDIRECTION((0.,0.,1.));
#20254=IFCDIRECTION((1.,0.,0.));
#20418=IFCRAILING('1ywCVt9LXBJe7CPLtCUlqx',$,'Railing',$,'FRAMELESS_PANEL',#21583,#20427,$,.USERDEFINED.);
#20419=IFCRELDEFINESBYTYPE('0FC8PVrSn6NBtdHkS5cJxV',$,$,$,(#20418),#20245);
#20420=IFCCARTESIANPOINT((0.,0.,0.));
#20421=IFCDIRECTION((1.,0.,0.));
#20422=IFCDIRECTION((0.,1.,0.));
#20423=IFCDIRECTION((0.,0.,1.));
#20424=IFCCARTESIANTRANSFORMATIONOPERATOR3D(#20421,#20422,#20420,1.,#20423);
#20425=IFCMAPPEDITEM(#20250,#20424);
#20426=IFCSHAPEREPRESENTATION(#11,'Body','MappedRepresentation',(#20425));
#20427=IFCPRODUCTDEFINITIONSHAPE($,$,(#20426,#20470));
#20440=IFCINDEXEDPOLYGONALFACE((16,19,18,17));
#20441=IFCINDEXEDPOLYGONALFACE((20,23,22,21));
#20442=IFCINDEXEDPOLYGONALFACE((5,11,10,4,8,9));
#20443=IFCINDEXEDPOLYGONALFACE((7,15,14,6,12,13));
#20444=IFCINDEXEDPOLYGONALFACE((11,16,17,10));
#20445=IFCINDEXEDPOLYGONALFACE((8,18,19,9));
#20446=IFCINDEXEDPOLYGONALFACE((13,23,20,15,7));
#20447=IFCINDEXEDPOLYGONALFACE((5,9,19,16,11));
#20448=IFCINDEXEDPOLYGONALFACE((12,22,23,13));
#20449=IFCINDEXEDPOLYGONALFACE((14,21,22,12,6));
#20450=IFCINDEXEDPOLYGONALFACE((15,20,21,14));
#20451=IFCINDEXEDPOLYGONALFACE((4,10,17,18,8));
#20452=IFCCARTESIANPOINTLIST3D(((-0.4892280101776123,2.2326553050788789E-08,0.),(0.,0.,0.),(1.,0.,0.),(-0.46422800421714783,2.1185645238119832E-08,0.),(-0.02500000037252903,1.1409073685797466E-09,0.),(0.02500000037252903,0.,0.),(0.97500002384185791,0.,0.),(-0.46422800421714783,0.025000020861625671,0.),(-0.024999998509883881,0.025000002235174179,0.),(-0.46422800421714783,-0.024999979883432388,0.),(-0.025000002235174179,-0.024999998509883881,0.),(0.02500000037252903,0.02500000037252903,0.),(0.97500002384185791,0.02500000037252903,0.),(0.02500000037252903,-0.02500000037252903,0.),(0.97500002384185791,-0.02500000037252903,0.),(-0.025000002235174179,-0.024999998509883881,1.),(-0.46422800421714783,-0.024999979883432388,1.),(-0.46422800421714783,0.025000020861625671,1.),(-0.024999998509883881,0.025000002235174179,1.),(0.97500002384185791,-0.02500000037252903,1.),(0.02500000037252903,-0.02500000037252903,1.),(0.02500000037252903,0.02500000037252903,1.),(0.97500002384185791,0.02500000037252903,1.)));
#20453=IFCPOLYGONALFACESET(#20452,.F.,(#20440,#20441,#20442,#20443,#20444,#20445,#20446,#20447,#20448,#20449,#20450,#20451),$);
#20454=IFCSHAPEREPRESENTATION(#11,'Body','Tessellation',(#20453));
#20456=IFCCARTESIANPOINT((-0.4892280101776123,-0.02500000037252903,0.));
#20457=IFCBOUNDINGBOX(#20456,1.4892280101776123,0.050000019371509552,1.);
#20458=IFCSHAPEREPRESENTATION(#13,'Box','BoundingBox',(#20457));
#20459=IFCCARTESIANPOINT((0.,0.,0.));
#20460=IFCDIRECTION((1.,0.,0.));
#20461=IFCDIRECTION((0.,0.,1.));
#20462=IFCAXIS2PLACEMENT3D(#20459,#20461,#20460);
#20463=IFCREPRESENTATIONMAP(#20462,#20458);
#20464=IFCCARTESIANPOINT((0.,0.,0.));
#20465=IFCDIRECTION((1.,0.,0.));
#20466=IFCDIRECTION((0.,1.,0.));
#20467=IFCDIRECTION((0.,0.,1.));
#20468=IFCCARTESIANTRANSFORMATIONOPERATOR3D(#20465,#20466,#20464,1.,#20467);
#20469=IFCMAPPEDITEM(#20463,#20468);
#20470=IFCSHAPEREPRESENTATION(#13,'Box','MappedRepresentation',(#20469));
#20471=IFCRAILINGTYPE('3WGehe2vDD5hTb4q9PF$uj',$,'Balcony-1',$,$,(#20472,#20474),(#20503,#24342),$,$,.USERDEFINED.);
#20472=IFCPROPERTYSET('0aP_xg2pn4fgSWBLoW26Nq',$,'BBIM_Railing',$,(#20473));
#20473=IFCPROPERTYSINGLEVALUE('Data',$,IFCTEXT('{"railing_type": "FRAMELESS_PANEL", "height": 1.0, "thickness": 0.05000000074505806, "spacing": 0.05000000074505806, "path_data": {"edges": [[0, 1], [1, 2]], "verts": [[-0.9613072872161865, 0.0, 0.0], [0.006509963423013687, 0.0, 0.0], [1.0, 0.0, 0.0]]}}'),$);
#20474=IFCPROPERTYSET('1lmulLNtD7CRAerGdbYC0F',$,'Pset_RailingCommon',$,(#20475));
#20475=IFCPROPERTYSINGLEVALUE('Height',$,IFCPOSITIVELENGTHMEASURE(1.),$);
#20499=IFCCARTESIANPOINT((0.,0.,0.));
#20500=IFCDIRECTION((1.,0.,0.));
#20501=IFCDIRECTION((0.,0.,1.));
#20502=IFCAXIS2PLACEMENT3D(#20499,#20501,#20500);
#20503=IFCREPRESENTATIONMAP(#20502,#24333);
#20548=IFCRAILING('21dfte7QPA2upz6UR6fiX8',$,'Railing',$,'FRAMELESS_PANEL',#21568,#20557,$,.USERDEFINED.);
#20549=IFCRELDEFINESBYTYPE('1WzdgDik50Qf$3TDiHwA5W',$,$,$,(#20596,#20548,#20575),#20471);
#20550=IFCCARTESIANPOINT((0.,0.,0.));
#20551=IFCDIRECTION((1.,0.,0.));
#20552=IFCDIRECTION((0.,1.,0.));
#20553=IFCDIRECTION((0.,0.,1.));
#20554=IFCCARTESIANTRANSFORMATIONOPERATOR3D(#20551,#20552,#20550,1.,#20553);
#20555=IFCMAPPEDITEM(#20503,#20554);
#20556=IFCSHAPEREPRESENTATION(#11,'Body','MappedRepresentation',(#20555));
#20557=IFCPRODUCTDEFINITIONSHAPE($,$,(#20556,#24356));
#20575=IFCRAILING('1kYHk$6w12wQtU3N7HJAW$',$,'Railing',$,'FRAMELESS_PANEL',#21573,#20588,$,$);
#20581=IFCCARTESIANPOINT((0.,0.,0.));
#20582=IFCDIRECTION((1.,0.,0.));
#20583=IFCDIRECTION((0.,1.,0.));
#20584=IFCDIRECTION((0.,0.,1.));
#20585=IFCCARTESIANTRANSFORMATIONOPERATOR3D(#20582,#20583,#20581,1.,#20584);
#20586=IFCMAPPEDITEM(#20503,#20585);
#20587=IFCSHAPEREPRESENTATION(#11,'Body','MappedRepresentation',(#20586));
#20588=IFCPRODUCTDEFINITIONSHAPE($,$,(#20587,#24363));
#20596=IFCRAILING('1mLvE_XsP0mg$ye0fWz$Yx',$,'Railing',$,'FRAMELESS_PANEL',#21578,#20609,$,.USERDEFINED.);
#20602=IFCCARTESIANPOINT((0.,0.,0.));
#20603=IFCDIRECTION((1.,0.,0.));
#20604=IFCDIRECTION((0.,1.,0.));
#20605=IFCDIRECTION((0.,0.,1.));
#20606=IFCCARTESIANTRANSFORMATIONOPERATOR3D(#20603,#20604,#20602,1.,#20605);
#20607=IFCMAPPEDITEM(#20503,#20606);
#20608=IFCSHAPEREPRESENTATION(#11,'Body','MappedRepresentation',(#20607));
#20609=IFCPRODUCTDEFINITIONSHAPE($,$,(#20608,#24349));
#20657=IFCCARTESIANPOINT((2.531989574432373,5.0961880683898926,0.));
#20658=IFCDIRECTION((0.,0.,1.));
#20659=IFCDIRECTION((1.,0.,0.));
#20660=IFCAXIS2PLACEMENT3D(#20657,#20658,#20659);
#20661=IFCLOCALPLACEMENT(#79,#20660);
#20667=IFCSLABTYPE('3zVjvByojEkR5YrvybIlgU',$,'Slab Landing 2',$,$,(#20668),$,$,$,.LANDING.);
#20668=IFCPROPERTYSET('1W$3aaK1n9sxZJ7TSyiuCZ',$,'EPset_Parametric',$,(#20669));
#20669=IFCPROPERTYSINGLEVALUE('LayerSetDirection',$,IFCLABEL('AXIS3'),$);
#20670=IFCRELASSOCIATESMATERIAL('1a_n3nTif6neA4BGonwTMC',$,$,$,(#20667),#20671);
#20671=IFCMATERIALLAYERSET((#20672),$,$);
#20672=IFCMATERIALLAYER(#81,1.7999999523162842,$,$,$,$,$);
#20863=IFCSLABTYPE('3XRuMtky5BQgN99GtAnFGk',$,'Slab (Stair)',$,$,(#20867),$,$,$,.FLOOR.);
#20864=IFCMATERIALLAYERSET((#20866),$,$);
#20865=IFCRELASSOCIATESMATERIAL('2RVZIewCf9He2DdEuvbqD6',$,$,$,(#20863),#20864);
#20866=IFCMATERIALLAYER(#81,1.6440000534057617,$,$,$,$,$);
#20867=IFCPROPERTYSET('1u445u61z67OqfL8mrg_dw',$,'EPset_Parametric',$,(#20868));
#20868=IFCPROPERTYSINGLEVALUE('LayerSetDirection',$,IFCLABEL('AXIS3'),$);
#20869=IFCSLAB('3No$Jydk1AVwOxP8DBxm3l',$,'Slab',$,$,#25096,#20884,$,$);
#20870=IFCRELDEFINESBYTYPE('1F5JkROkHAQR_gWAzIWN$d',$,$,$,(#20869),#20863);
#20871=IFCMATERIALLAYERSETUSAGE(#20864,.AXIS3.,.POSITIVE.,-0.10000000149011612,$);
#20872=IFCRELASSOCIATESMATERIAL('2dpHnwlKz6hBuNXzopMWti',$,$,$,(#20869),#20871);
#20880=IFCDIRECTION((0.,0.,1.));
#20882=IFCEXTRUDEDAREASOLID(#25091,#20891,#20880,1.6440000534057617);
#20883=IFCSHAPEREPRESENTATION(#11,'Body','SweptSolid',(#20882));
#20884=IFCPRODUCTDEFINITIONSHAPE($,$,(#20883));
#20885=IFCPROPERTYSET('0fUy7s40b9TRVWhY4NEN1t',$,'EPset_Parametric',$,(#20887));
#20886=IFCRELDEFINESBYPROPERTIES('3qiYoF8brCkhgQ2u89qOlS',$,$,$,(#20869),#20885);
#20887=IFCPROPERTYSINGLEVALUE('Engine',$,IFCLABEL('Bonsai.DumbLayer3'),$);
#20888=IFCCARTESIANPOINT((-0.,-0.,-0.10000000149011612));
#20889=IFCDIRECTION((0.,0.,1.));
#20890=IFCDIRECTION((1.,0.,0.));
#20891=IFCAXIS2PLACEMENT3D(#20888,#20889,#20890);
#20905=IFCSTAIRFLIGHTTYPE('2CoXHuyO5FufOpXe7gW8oW',$,'Stair-2',$,$,(#20906,#20908),(#20914,#25128),$,$,.STRAIGHT.);
#20906=IFCPROPERTYSET('3AsylzDWrCGRH8PRvRhkjw',$,'BBIM_Stair',$,(#20907));
#20907=IFCPROPERTYSINGLEVALUE('Data',$,IFCTEXT('{"stair_type": "GENERIC", "width": 0.8889328241348267, "height": 1.2577030658721924, "number_of_treads": 7, "tread_run": 0.186702162027359, "nosing_length": 0.0, "nosing_depth": 0.0, "custom_first_last_tread_run": [null, null], "custom_tread_lock": true}'),$);
#20908=IFCPROPERTYSET('3tc7zS0ej31eIdr79YbfZb',$,'Pset_StairFlightCommon',$,(#20909,#20910,#20911,#20912,#20913));
#20909=IFCPROPERTYSINGLEVALUE('NumberOfRiser',$,IFCCOUNTMEASURE(8.),$);
#20910=IFCPROPERTYSINGLEVALUE('NumberOfTreads',$,IFCCOUNTMEASURE(7.),$);
#20911=IFCPROPERTYSINGLEVALUE('RiserHeight',$,IFCPOSITIVELENGTHMEASURE(0.15721288323402405),$);
#20912=IFCPROPERTYSINGLEVALUE('TreadLength',$,IFCPOSITIVELENGTHMEASURE(0.25),$);
#20913=IFCPROPERTYSINGLEVALUE('NosingLength',$,IFCLENGTHMEASURE(0.),$);
#20914=IFCREPRESENTATIONMAP(#20915,#25119);
#20915=IFCAXIS2PLACEMENT3D(#20916,#20917,#20918);
#20916=IFCCARTESIANPOINT((0.,0.,0.));
#20917=IFCDIRECTION((0.,0.,1.));
#20918=IFCDIRECTION((1.,0.,0.));
#20950=IFCSTAIRFLIGHT('3I3uVfASn1ugi59AhwdMFC',$,'StairFlight',$,$,#24945,#20959,$,8,7,0.15721288323402405,0.25,.STRAIGHT.);
#20951=IFCRELDEFINESBYTYPE('1yxC6YJGXEofYJ6SC7o879',$,$,$,(#20950),#20905);
#20952=IFCCARTESIANPOINT((0.,0.,0.));
#20953=IFCDIRECTION((1.,0.,0.));
#20954=IFCDIRECTION((0.,1.,0.));
#20955=IFCDIRECTION((0.,0.,1.));
#20956=IFCCARTESIANTRANSFORMATIONOPERATOR3D(#20953,#20954,#20952,1.,#20955);
#20957=IFCMAPPEDITEM(#20914,#20956);
#20958=IFCSHAPEREPRESENTATION(#11,'Body','MappedRepresentation',(#20957));
#20959=IFCPRODUCTDEFINITIONSHAPE($,$,(#20958,#25135));
#21474=IFCCARTESIANPOINT((0.,0.,3.));
#21475=IFCDIRECTION((0.,0.,1.));
#21476=IFCDIRECTION((1.,0.,0.));
#21477=IFCAXIS2PLACEMENT3D(#21474,#21475,#21476);
#21478=IFCLOCALPLACEMENT(#56,#21477);
#21484=IFCCARTESIANPOINT((0.28813625691229111,-2.201584805132303,0.));
#21485=IFCDIRECTION((0.,0.,1.));
#21486=IFCDIRECTION((0.99999999999997158,2.3841857910155572E-07,0.));
#21487=IFCAXIS2PLACEMENT3D(#21484,#21485,#21486);
#21488=IFCLOCALPLACEMENT(#21478,#21487);
#21489=IFCCARTESIANPOINT((1.8608396105197857,-2.2015844301706045,0.));
#21490=IFCDIRECTION((0.,0.,1.));
#21491=IFCDIRECTION((-1.6292068494294439E-07,-0.99999999999998679,0.));
#21492=IFCAXIS2PLACEMENT3D(#21489,#21490,#21491);
#21493=IFCLOCALPLACEMENT(#21478,#21492);
#21494=IFCCARTESIANPOINT((1.8608394638911685,-3.1015844345092773,0.));
#21495=IFCDIRECTION((0.,0.,1.));
#21496=IFCDIRECTION((1.,0.,0.));
#21497=IFCAXIS2PLACEMENT3D(#21494,#21495,#21496);
#21498=IFCLOCALPLACEMENT(#21478,#21497);
#21499=IFCCARTESIANPOINT((4.2335414948481151,-3.1015844345092773,0.));
#21500=IFCDIRECTION((0.,0.,1.));
#21501=IFCDIRECTION((1.9470718370939353E-07,0.99999999999998113,0.));
#21502=IFCAXIS2PLACEMENT3D(#21499,#21500,#21501);
#21503=IFCLOCALPLACEMENT(#21478,#21502);
#21504=IFCCARTESIANPOINT((-3.2573580095013477,-1.6061344146728516,0.));
#21505=IFCDIRECTION((0.,0.,1.));
#21506=IFCDIRECTION((1.,0.,0.));
#21507=IFCAXIS2PLACEMENT3D(#21504,#21505,#21506);
#21508=IFCLOCALPLACEMENT(#21478,#21507);
#21509=IFCCARTESIANPOINT((0.28813621195703631,-1.6061344146728516,0.));
#21510=IFCDIRECTION((0.,0.,1.));
#21511=IFCDIRECTION((7.5497901264043123E-08,-0.99999999999999722,0.));
#21512=IFCAXIS2PLACEMENT3D(#21509,#21510,#21511);
#21513=IFCLOCALPLACEMENT(#21478,#21512);
#21514=IFCCARTESIANPOINT((0.38813701886606933,2.6308153478237126,0.));
#21515=IFCDIRECTION((0.,0.,1.));
#21516=IFCDIRECTION((-0.99999276978762719,0.0038026796433125913,0.));
#21517=IFCAXIS2PLACEMENT3D(#21514,#21515,#21516);
#21518=IFCLOCALPLACEMENT(#21478,#21517);
#21519=IFCCARTESIANPOINT((0.38813658203712259,0.38729798793792725,0.));
#21520=IFCDIRECTION((0.,0.,1.));
#21521=IFCDIRECTION((1.,0.,0.));
#21522=IFCAXIS2PLACEMENT3D(#21519,#21520,#21521);
#21523=IFCLOCALPLACEMENT(#21478,#21522);
#21524=IFCCARTESIANPOINT((4.2335433675715235,6.5165681846943055,0.));
#21525=IFCDIRECTION((0.,0.,1.));
#21526=IFCDIRECTION((-0.99999999999999623,8.7422776573475527E-08,0.));
#21527=IFCAXIS2PLACEMENT3D(#21524,#21525,#21526);
#21528=IFCLOCALPLACEMENT(#21478,#21527);
#21529=IFCCARTESIANPOINT((0.38813746532817572,4.9238078191566679,0.));
#21530=IFCDIRECTION((0.,0.,1.));
#21531=IFCDIRECTION((0.99999358463953647,0.003581993826096213,0.));
#21532=IFCAXIS2PLACEMENT3D(#21529,#21530,#21531);
#21533=IFCLOCALPLACEMENT(#21478,#21532);
#21534=IFCCARTESIANPOINT((0.3881375789642334,5.5206212997436523,0.));
#21535=IFCDIRECTION((0.,0.,1.));
#21536=IFCDIRECTION((-0.99999999999992428,3.8941436741876494E-07,0.));
#21537=IFCAXIS2PLACEMENT3D(#21534,#21535,#21536);
#21538=IFCLOCALPLACEMENT(#21478,#21537);
#21539=IFCCARTESIANPOINT((-3.2573585475565543,5.5206227193522208,0.));
#21540=IFCDIRECTION((0.,0.,1.));
#21541=IFCDIRECTION((7.5497901264043123E-08,-0.99999999999999722,0.));
#21542=IFCAXIS2PLACEMENT3D(#21539,#21540,#21541);
#21543=IFCLOCALPLACEMENT(#21478,#21542);
#21544=IFCCARTESIANPOINT((4.2335414886474609,-3.1015844345092773,0.));
#21545=IFCDIRECTION((0.,0.,1.));
#21546=IFCDIRECTION((1.,0.,0.));
#21547=IFCAXIS2PLACEMENT3D(#21544,#21545,#21546);
#21548=IFCLOCALPLACEMENT(#21478,#21547);
#21549=IFCCARTESIANPOINT((0.3881361939015136,-1.6061344146728518,0.));
#21550=IFCDIRECTION((0.,0.,1.));
#21551=IFCDIRECTION((1.9470718370939353E-07,0.99999999999998113,0.));
#21552=IFCAXIS2PLACEMENT3D(#21549,#21550,#21551);
#21553=IFCLOCALPLACEMENT(#21478,#21552);
#21554=IFCCARTESIANPOINT((0.3881375789642334,5.5206212997436523,0.));
#21555=IFCDIRECTION((0.,0.,1.));
#21556=IFCDIRECTION((7.5497901264043123E-08,0.99999999999999722,0.));
#21557=IFCAXIS2PLACEMENT3D(#21554,#21555,#21556);
#21558=IFCLOCALPLACEMENT(#21478,#21557);
#21559=IFCCARTESIANPOINT((-3.0966765880584717,-3.0577316284179688,0.));
#21560=IFCDIRECTION((0.,0.,1.));
#21561=IFCDIRECTION((1.,0.,0.));
#21562=IFCAXIS2PLACEMENT3D(#21559,#21560,#21561);
#21563=IFCLOCALPLACEMENT(#21478,#21562);
#21564=IFCCARTESIANPOINT((0.88761180639266968,-3.0627572536468506,0.));
#21565=IFCDIRECTION((0.,0.,1.));
#21566=IFCDIRECTION((1.,0.,0.));
#21567=IFCAXIS2PLACEMENT3D(#21564,#21565,#21566);
#21568=IFCLOCALPLACEMENT(#21478,#21567);
#21569=IFCCARTESIANPOINT((0.88761180639266968,-3.0627572536468506,0.));
#21570=IFCDIRECTION((0.,0.,1.));
#21571=IFCDIRECTION((1.,0.,0.));
#21572=IFCAXIS2PLACEMENT3D(#21569,#21570,#21571);
#21573=IFCLOCALPLACEMENT(#21478,#21572);
#21574=IFCCARTESIANPOINT((-1.1084569692611694,-3.0578572750091553,0.));
#21575=IFCDIRECTION((0.,0.,1.));
#21576=IFCDIRECTION((1.,0.,0.));
#21577=IFCAXIS2PLACEMENT3D(#21574,#21575,#21576);
#21578=IFCLOCALPLACEMENT(#21478,#21577);
#21579=IFCCARTESIANPOINT((-3.2323603630065918,-2.1043775081634521,0.));
#21580=IFCDIRECTION((0.,0.,1.));
#21581=IFCDIRECTION((-4.3711388286737889E-08,-0.99999999999999911,0.));
#21582=IFCAXIS2PLACEMENT3D(#21579,#21580,#21581);
#21583=IFCLOCALPLACEMENT(#21478,#21582);
#21589=IFCCARTESIANPOINT((0.,0.,3.));
#21590=IFCDIRECTION((0.,0.,1.));
#21591=IFCDIRECTION((1.,0.,0.));
#21592=IFCAXIS2PLACEMENT3D(#21589,#21590,#21591);
#21593=IFCLOCALPLACEMENT(#21478,#21592);
#21594=IFCCARTESIANPOINT((4.2335433959960938,6.5165681838989258,0.));
#21595=IFCDIRECTION((0.,0.,1.));
#21596=IFCDIRECTION((1.,0.,0.));
#21597=IFCAXIS2PLACEMENT3D(#21594,#21595,#21596);
#21598=IFCLOCALPLACEMENT(#21593,#21597);
#21627=IFCOPENINGELEMENT('2Zg38NwW12IPrIule7xlVy',$,'Unnamed',$,$,#21649,#21638,$,.OPENING.);
#21628=IFCCARTESIANPOINTLIST2D(((0.,0.),(0.5,0.),(0.5,0.5),(0.,0.5)));
#21629=IFCINDEXEDPOLYCURVE(#21628,(IFCLINEINDEX((1,2,3,4,1))),$);
#21630=IFCARBITRARYCLOSEDPROFILEDEF(.AREA.,$,#21629);
#21631=IFCCARTESIANPOINT((0.,0.,0.));
#21632=IFCDIRECTION((0.,0.,1.));
#21633=IFCDIRECTION((1.,0.,0.));
#21634=IFCAXIS2PLACEMENT3D(#21631,#21632,#21633);
#21635=IFCDIRECTION((0.,0.,1.));
#21636=IFCEXTRUDEDAREASOLID(#21630,#21634,#21635,0.5);
#21637=IFCSHAPEREPRESENTATION(#11,'Body','SweptSolid',(#21636));
#21638=IFCPRODUCTDEFINITIONSHAPE($,$,(#21637));
#21639=IFCRELVOIDSELEMENT('0WXXq_1rn9XOAnVGoPg2QC',$,$,$,#19713,#21627);
#21645=IFCCARTESIANPOINT((0.34179019927978516,-3.6571519374847412,3.0000119209289551));
#21646=IFCDIRECTION((0.,0.,1.));
#21647=IFCDIRECTION((1.,0.,0.));
#21648=IFCAXIS2PLACEMENT3D(#21645,#21646,#21647);
#21649=IFCLOCALPLACEMENT(#20661,#21648);
#22024=IFCRAILINGTYPE('1WG$9$_cT2XuOH6Eb1igVT',$,'Stair-1',$,$,(#22025,#22027),(#22056,#24266),$,$,.USERDEFINED.);
#22025=IFCPROPERTYSET('2JMFvdrLr8mueliW6ZlcqA',$,'BBIM_Railing',$,(#22026));
#22026=IFCPROPERTYSINGLEVALUE('Data',$,IFCTEXT('{"railing_type": "FRAMELESS_PANEL", "height": 0.8800000548362732, "thickness": 0.05000000074505806, "spacing": 0.0, "path_data": {"edges": [[0, 1], [1, 2]], "verts": [[0.15498971939086914, -0.02499997615814209, 0.0], [0.15483713150024414, -0.02499997615814209, -1.1920928955078125e-07], [0.9752198457717896, -0.0007329994696192443, -3.4952172267566084e-09]]}}'),$);
#22027=IFCPROPERTYSET('1K_dDXvHLDpRR82_4OwUpd',$,'Pset_RailingCommon',$,(#22028));
#22028=IFCPROPERTYSINGLEVALUE('Height',$,IFCPOSITIVELENGTHMEASURE(0.88000005483627319),$);
#22052=IFCCARTESIANPOINT((0.,0.,0.));
#22053=IFCDIRECTION((1.,0.,0.));
#22054=IFCDIRECTION((0.,0.,1.));
#22055=IFCAXIS2PLACEMENT3D(#22052,#22054,#22053);
#22056=IFCREPRESENTATIONMAP(#22055,#24257);
#22101=IFCRAILING('2JuqWG30DCyf5HUt3G2OG7',$,'Railing',$,'FRAMELESS_PANEL',#22846,#22110,$,.USERDEFINED.);
#22102=IFCRELDEFINESBYTYPE('22Kfxg1RD75hZO7mXaWdKL',$,$,$,(#22101,#22158),#22024);
#22103=IFCCARTESIANPOINT((0.,0.,0.));
#22104=IFCDIRECTION((1.,0.,0.));
#22105=IFCDIRECTION((0.,1.,0.));
#22106=IFCDIRECTION((0.,0.,1.));
#22107=IFCCARTESIANTRANSFORMATIONOPERATOR3D(#22104,#22105,#22103,1.,#22106);
#22108=IFCMAPPEDITEM(#22056,#22107);
#22109=IFCSHAPEREPRESENTATION(#11,'Body','MappedRepresentation',(#22108));
#22110=IFCPRODUCTDEFINITIONSHAPE($,$,(#22109,#24273));
#22158=IFCRAILING('1wBBGnhab1zfCPay7WQmgl',$,'Railing',$,'FRAMELESS_PANEL',#22421,#22171,$,.USERDEFINED.);
#22164=IFCCARTESIANPOINT((0.,0.,0.));
#22165=IFCDIRECTION((1.,0.,0.));
#22166=IFCDIRECTION((0.,1.,0.));
#22167=IFCDIRECTION((0.,0.,1.));
#22168=IFCCARTESIANTRANSFORMATIONOPERATOR3D(#22165,#22166,#22164,1.,#22167);
#22169=IFCMAPPEDITEM(#22056,#22168);
#22170=IFCSHAPEREPRESENTATION(#11,'Body','MappedRepresentation',(#22169));
#22171=IFCPRODUCTDEFINITIONSHAPE($,$,(#22170,#24280));
#22189=IFCRAILINGTYPE('0M7nquCNDEIxZReqwvfZQk',$,'Stair-2',$,$,(#22190,#22192),(#22221,#24304),$,$,.USERDEFINED.);
#22190=IFCPROPERTYSET('2Vi1k4NivFfxcHiYKKiCVT',$,'BBIM_Railing',$,(#22191));
#22191=IFCPROPERTYSINGLEVALUE('Data',$,IFCTEXT('{"railing_type": "FRAMELESS_PANEL", "height": 0.9100000858306885, "thickness": 0.05000000074505806, "spacing": 0.05000000074505806, "path_data": {"edges": [[0, 1], [1, 2]], "verts": [[-0.5184645652770996, 0.0, 7.450580596923828e-09], [0.4066410958766937, 0.0, 1.1324712038040161], [1.0, 0.0, 1.7999999523162842]]}}'),$);
#22192=IFCPROPERTYSET('2wy2I0L3v5jApb7i4KPVtY',$,'Pset_RailingCommon',$,(#22193));
#22193=IFCPROPERTYSINGLEVALUE('Height',$,IFCPOSITIVELENGTHMEASURE(0.91000008583068848),$);
#22217=IFCCARTESIANPOINT((0.,0.,0.));
#22218=IFCDIRECTION((1.,0.,0.));
#22219=IFCDIRECTION((0.,0.,1.));
#22220=IFCAXIS2PLACEMENT3D(#22217,#22219,#22218);
#22221=IFCREPRESENTATIONMAP(#22220,#24295);
#22266=IFCRAILING('0FkMo_x45CagYVE3HkY4xf',$,'Railing',$,'FRAMELESS_PANEL',#22890,#22275,$,.USERDEFINED.);
#22267=IFCRELDEFINESBYTYPE('123TaJ5bz9JOXnWYkEXIPk',$,$,$,(#22266,#22391),#22189);
#22268=IFCCARTESIANPOINT((0.,0.,0.));
#22269=IFCDIRECTION((1.,0.,0.));
#22270=IFCDIRECTION((0.,1.,0.));
#22271=IFCDIRECTION((0.,0.,1.));
#22272=IFCCARTESIANTRANSFORMATIONOPERATOR3D(#22269,#22270,#22268,1.,#22271);
#22273=IFCMAPPEDITEM(#22221,#22272);
#22274=IFCSHAPEREPRESENTATION(#11,'Body','MappedRepresentation',(#22273));
#22275=IFCPRODUCTDEFINITIONSHAPE($,$,(#22274,#24311));
#22391=IFCRAILING('3Susfq$lL5GRfiH522KxLs',$,'Railing',$,'FRAMELESS_PANEL',#22841,#22404,$,.USERDEFINED.);
#22397=IFCCARTESIANPOINT((0.,0.,0.));
#22398=IFCDIRECTION((1.,0.,0.));
#22399=IFCDIRECTION((0.,1.,0.));
#22400=IFCDIRECTION((0.,0.,1.));
#22401=IFCCARTESIANTRANSFORMATIONOPERATOR3D(#22398,#22399,#22397,1.,#22400);
#22402=IFCMAPPEDITEM(#22221,#22401);
#22403=IFCSHAPEREPRESENTATION(#11,'Body','MappedRepresentation',(#22402));
#22404=IFCPRODUCTDEFINITIONSHAPE($,$,(#22403,#24318));
#22417=IFCCARTESIANPOINT((3.1585426330566406,2.276907205581665,1.9000000953674316));
#22418=IFCDIRECTION((0.,0.,1.));
#22419=IFCDIRECTION((0.999762027969189,-0.021814844279402744,0.));
#22420=IFCAXIS2PLACEMENT3D(#22417,#22418,#22419);
#22421=IFCLOCALPLACEMENT(#79,#22420);
#22451=IFCRAILINGTYPE('2m2ozveenFC9fPfrSDxXiM',$,'Stair-3',$,$,(#22452,#22454),(#22456,#24082),$,$,.USERDEFINED.);
#22452=IFCPROPERTYSET('0ht_InfdD8VfRzOF5Hu$Kp',$,'BBIM_Railing',$,(#22453));
#22453=IFCPROPERTYSINGLEVALUE('Data',$,IFCTEXT('{"railing_type": "FRAMELESS_PANEL", "height": 1.0399999618530273, "thickness": 0.05000000074505806, "spacing": 0.05000000074505806, "path_data": {"edges": [[0, 1], [1, 2]], "verts": [[-0.5184645652770996, 0.0, -0.15373367071151733], [0.4066410958766937, 0.0, 0.6469613313674927], [1.0, 0.0, 1.1248347759246826]]}}'),$);
#22454=IFCPROPERTYSET('0FBEy6hp13VuptQFTKT93m',$,'Pset_RailingCommon',$,(#22455));
#22455=IFCPROPERTYSINGLEVALUE('Height',$,IFCPOSITIVELENGTHMEASURE(1.0399999618530273),$);
#22456=IFCREPRESENTATIONMAP(#22457,#24073);
#22457=IFCAXIS2PLACEMENT3D(#22458,#22459,#22460);
#22458=IFCCARTESIANPOINT((0.,0.,0.));
#22459=IFCDIRECTION((0.,0.,1.));
#22460=IFCDIRECTION((1.,0.,0.));
#22484=IFCRAILING('3uO8pz26r83v0ZHnwEYjod',$,'Railing',$,'FRAMELESS_PANEL',#22608,#22493,$,.USERDEFINED.);
#22485=IFCRELDEFINESBYTYPE('18drambVXFQQzlGIEvuROb',$,$,$,(#22484,#22671),#22451);
#22486=IFCCARTESIANPOINT((0.,0.,0.));
#22487=IFCDIRECTION((1.,0.,0.));
#22488=IFCDIRECTION((0.,1.,0.));
#22489=IFCDIRECTION((0.,0.,1.));
#22490=IFCCARTESIANTRANSFORMATIONOPERATOR3D(#22487,#22488,#22486,1.,#22489);
#22491=IFCMAPPEDITEM(#22456,#22490);
#22492=IFCSHAPEREPRESENTATION(#11,'Body','MappedRepresentation',(#22491));
#22493=IFCPRODUCTDEFINITIONSHAPE($,$,(#22492,#24089));
#22604=IFCCARTESIANPOINT((2.8179447650909424,2.2437882423400879,1.8730452060699463));
#22605=IFCDIRECTION((0.,0.,1.));
#22606=IFCDIRECTION((-0.9999985320480792,-0.0017134473107547996,0.));
#22607=IFCAXIS2PLACEMENT3D(#22604,#22605,#22606);
#22608=IFCLOCALPLACEMENT(#79,#22607);
#22671=IFCRAILING('1JmMtmYmT7vPdwzY3uneQw',$,'Railing',$,'FRAMELESS_PANEL',#22942,#22684,$,.USERDEFINED.);
#22677=IFCCARTESIANPOINT((0.,0.,0.));
#22678=IFCDIRECTION((1.,0.,0.));
#22679=IFCDIRECTION((0.,1.,0.));
#22680=IFCDIRECTION((0.,0.,1.));
#22681=IFCCARTESIANTRANSFORMATIONOPERATOR3D(#22678,#22679,#22677,1.,#22680);
#22682=IFCMAPPEDITEM(#22456,#22681);
#22683=IFCSHAPEREPRESENTATION(#11,'Body','MappedRepresentation',(#22682));
#22684=IFCPRODUCTDEFINITIONSHAPE($,$,(#22683,#24096));
#22837=IFCCARTESIANPOINT((2.3383798599243164,1.3186105489730835,0.10000001639127731));
#22838=IFCDIRECTION((0.,0.,1.));
#22839=IFCDIRECTION((0.99999405985067913,-0.0034467757914082814,0.));
#22840=IFCAXIS2PLACEMENT3D(#22837,#22838,#22839);
#22841=IFCLOCALPLACEMENT(#79,#22840);
#22842=IFCCARTESIANPOINT((3.1585426330566406,0.56316244602203369,1.9000000953674316));
#22843=IFCDIRECTION((0.,0.,1.));
#22844=IFCDIRECTION((0.99964247664585759,-0.026737967113002005,0.));
#22845=IFCAXIS2PLACEMENT3D(#22842,#22843,#22844);
#22846=IFCLOCALPLACEMENT(#79,#22845);
#22847=IFCINDEXEDPOLYGONALFACE((2,1,18,17,16,15,14,13,12,11,10,9,8,7,6,5,4,3));
#22848=IFCINDEXEDPOLYGONALFACE((19,20,21,22,23,24,25,26,27,28,29,30,31,32,33,34,35,36));
#22849=IFCINDEXEDPOLYGONALFACE((4,5,22,21));
#22850=IFCINDEXEDPOLYGONALFACE((12,13,30,29));
#22851=IFCINDEXEDPOLYGONALFACE((5,6,23,22));
#22852=IFCINDEXEDPOLYGONALFACE((13,14,31,30));
#22853=IFCINDEXEDPOLYGONALFACE((6,7,24,23));
#22854=IFCINDEXEDPOLYGONALFACE((14,15,32,31));
#22855=IFCINDEXEDPOLYGONALFACE((7,8,25,24));
#22856=IFCINDEXEDPOLYGONALFACE((15,16,33,32));
#22857=IFCINDEXEDPOLYGONALFACE((8,9,26,25));
#22858=IFCINDEXEDPOLYGONALFACE((1,2,19,36));
#22859=IFCINDEXEDPOLYGONALFACE((16,17,34,33));
#22860=IFCINDEXEDPOLYGONALFACE((9,10,27,26));
#22861=IFCINDEXEDPOLYGONALFACE((2,3,20,19));
#22862=IFCINDEXEDPOLYGONALFACE((17,18,35,34));
#22863=IFCINDEXEDPOLYGONALFACE((10,11,28,27));
#22864=IFCINDEXEDPOLYGONALFACE((3,4,21,20));
#22865=IFCINDEXEDPOLYGONALFACE((18,1,36,35));
#22866=IFCINDEXEDPOLYGONALFACE((11,12,29,28));
#22867=IFCCARTESIANPOINTLIST3D(((0.,0.,0.),(0.,0.,0.22499999403953552),(0.18670216202735901,0.,0.22499999403953552),(0.18670216202735901,0.,0.44999998807907104),(0.37340432405471802,0.,0.44999998807907104),(0.37340432405471802,0.,0.67499995231628418),(0.56010651588439941,0.,0.67499995231628418),(0.56010651588439941,0.,0.89999997615814209),(0.74680864810943604,0.,0.89999997615814209),(0.74680864810943604,0.,1.125),(0.93351078033447266,0.,1.125),(0.93351078033447266,0.,1.3500000238418579),(1.1202129125595093,0.,1.3500000238418579),(1.1202129125595093,0.,1.5750000476837158),(1.3069150447845459,0.,1.5750000476837158),(1.3069150447845459,0.,1.8000000715255737),(1.4936171770095825,0.,1.8000000715255737),(1.4936171770095825,0.,0.),(0.,0.8898768424987793,0.22499999403953552),(0.18670216202735901,0.8898768424987793,0.22499999403953552),(0.18670216202735901,0.8898768424987793,0.44999998807907104),(0.37340432405471802,0.8898768424987793,0.44999998807907104),(0.37340432405471802,0.8898768424987793,0.67499995231628418),(0.56010651588439941,0.8898768424987793,0.67499995231628418),(0.56010651588439941,0.8898768424987793,0.89999997615814209),(0.74680864810943604,0.8898768424987793,0.89999997615814209),(0.74680864810943604,0.8898768424987793,1.125),(0.93351078033447266,0.8898768424987793,1.125),(0.93351078033447266,0.8898768424987793,1.3500000238418579),(1.1202129125595093,0.8898768424987793,1.3500000238418579),(1.1202129125595093,0.8898768424987793,1.5750000476837158),(1.3069150447845459,0.8898768424987793,1.5750000476837158),(1.3069150447845459,0.8898768424987793,1.8000000715255737),(1.4936171770095825,0.8898768424987793,1.8000000715255737),(1.4936171770095825,0.8898768424987793,0.),(0.,0.8898768424987793,0.)));
#22868=IFCPOLYGONALFACESET(#22867,.T.,(#22847,#22848,#22849,#22850,#22851,#22852,#22853,#22854,#22855,#22856,#22857,#22858,#22859,#22860,#22861,#22862,#22863,#22864,#22865,#22866),$);
#22869=IFCSHAPEREPRESENTATION(#11,'Body','Tessellation',(#22868));
#22871=IFCCARTESIANPOINT((0.,0.,0.));
#22872=IFCBOUNDINGBOX(#22871,1.4936171770095825,0.8898768424987793,1.8000000715255737);
#22873=IFCSHAPEREPRESENTATION(#13,'Box','BoundingBox',(#22872));
#22874=IFCCARTESIANPOINT((0.,0.,0.));
#22875=IFCDIRECTION((1.,0.,0.));
#22876=IFCDIRECTION((0.,0.,1.));
#22877=IFCAXIS2PLACEMENT3D(#22874,#22876,#22875);
#22878=IFCREPRESENTATIONMAP(#22877,#22873);
#22879=IFCCARTESIANPOINT((0.,0.,0.));
#22880=IFCDIRECTION((1.,0.,0.));
#22881=IFCDIRECTION((0.,1.,0.));
#22882=IFCDIRECTION((0.,0.,1.));
#22883=IFCCARTESIANTRANSFORMATIONOPERATOR3D(#22880,#22881,#22879,1.,#22882);
#22884=IFCMAPPEDITEM(#22878,#22883);
#22885=IFCSHAPEREPRESENTATION(#13,'Box','MappedRepresentation',(#22884));
#22886=IFCCARTESIANPOINT((2.3383798599243164,0.53585189580917358,0.10000001639127731));
#22887=IFCDIRECTION((0.,0.,1.));
#22888=IFCDIRECTION((0.99999405985067913,-0.0034467757914082814,0.));
#22889=IFCAXIS2PLACEMENT3D(#22886,#22887,#22888);
#22890=IFCLOCALPLACEMENT(#79,#22889);
#22891=IFCCARTESIANPOINT((1.8199152946472168,0.48258873820304871,0.10000002384185791));
#22892=IFCDIRECTION((0.,0.,1.));
#22893=IFCDIRECTION((1.,0.,0.));
#22894=IFCAXIS2PLACEMENT3D(#22891,#22892,#22893);
#22895=IFCLOCALPLACEMENT(#79,#22894);
#22935=IFCCARTESIANPOINTLIST2D(((0.,-0.060515433549880981),(0.,1.7322721481323242),(0.82016277313232422,1.7318507432937622),(0.82016277313232422,-0.059201240539550781),(0.,-0.060515433549880981)));
#22936=IFCINDEXEDPOLYCURVE(#22935,$,$);
#22937=IFCARBITRARYCLOSEDPROFILEDEF(.AREA.,$,#22936);
#22938=IFCCARTESIANPOINT((2.8179447650909424,1.4331402778625488,1.8730452060699463));
#22939=IFCDIRECTION((0.,0.,1.));
#22940=IFCDIRECTION((-0.99999853208438272,-0.0017134261232279611,0.));
#22941=IFCAXIS2PLACEMENT3D(#22938,#22939,#22940);
#22942=IFCLOCALPLACEMENT(#79,#22941);
#22969=IFCOPENINGELEMENT('0HzUgxQin6rB5ChGRwLw0a',$,'Unnamed',$,$,#23006,#22980,$,.OPENING.);
#22973=IFCCARTESIANPOINT((0.,0.,0.));
#22974=IFCDIRECTION((0.,0.,1.));
#22975=IFCDIRECTION((1.,0.,0.));
#22976=IFCAXIS2PLACEMENT3D(#22973,#22974,#22975);
#22977=IFCDIRECTION((0.,0.,1.));
#22978=IFCEXTRUDEDAREASOLID(#23113,#22976,#22977,0.5);
#22979=IFCSHAPEREPRESENTATION(#11,'Body','SweptSolid',(#22978));
#22980=IFCPRODUCTDEFINITIONSHAPE($,$,(#22979));
#22981=IFCRELVOIDSELEMENT('0qlqoLIZvFrBVVf6YUFcv8',$,$,$,#17768,#22969);
#23002=IFCCARTESIANPOINT((-1.7757129669189453,4.3126039505004883,-0.099999904632568359));
#23003=IFCDIRECTION((0.,0.,1.));
#23004=IFCDIRECTION((1.,0.,0.));
#23005=IFCAXIS2PLACEMENT3D(#23002,#23003,#23004);
#23006=IFCLOCALPLACEMENT(#21548,#23005);
#23099=IFCCARTESIANPOINTLIST2D(((0.,0.),(1.9073486328125E-06,9.6181526184082031),(-3.9454035758972168,9.6181526184082031),(-3.9454038143157959,8.6222057342529297),(-7.4909000396728516,8.6222076416015625),(-7.4909019470214844,0.022206783294677734),(0.,0.)));
#23100=IFCINDEXEDPOLYCURVE(#23099,$,$);
#23101=IFCARBITRARYCLOSEDPROFILEDEF(.AREA.,$,#23100);
#23111=IFCCARTESIANPOINTLIST2D(((-0.62737345695495605,-0.72372150421142578),(1.6757135391235352,-0.72372150421142578),(1.6757144927978516,1.1045258045196533),(-0.63791215419769287,1.1094682216644287),(-0.62737345695495605,-0.72372150421142578)));
#23112=IFCINDEXEDPOLYCURVE(#23111,$,$);
#23113=IFCARBITRARYCLOSEDPROFILEDEF(.AREA.,$,#23112);
#23114=IFCRAILINGTYPE('0ms$ispLT0BQERLF3qGl3l',$,'Stairs-1-2F',$,$,(#23115,#23117),(#23119,#23948),$,$,.USERDEFINED.);
#23115=IFCPROPERTYSET('0CtQ3Imaf8BPldDyaj5ZP9',$,'BBIM_Railing',$,(#23116));
#23116=IFCPROPERTYSINGLEVALUE('Data',$,IFCTEXT('{"railing_type": "FRAMELESS_PANEL", "height": 1.0, "thickness": 0.05000000074505806, "spacing": 0.0, "path_data": {"edges": [[0, 1], [1, 2]], "verts": [[-1.3136272430419922, 0.0, 0.0], [0.0, 0.0, 0.0], [1.0, 0.0, 0.0]]}}'),$);
#23117=IFCPROPERTYSET('1QmB99Sn15v8_QBzylu2DT',$,'Pset_RailingCommon',$,(#23118));
#23118=IFCPROPERTYSINGLEVALUE('Height',$,IFCPOSITIVELENGTHMEASURE(1.),$);
#23119=IFCREPRESENTATIONMAP(#23120,#23939);
#23120=IFCAXIS2PLACEMENT3D(#23121,#23122,#23123);
#23121=IFCCARTESIANPOINT((0.,0.,0.));
#23122=IFCDIRECTION((0.,0.,1.));
#23123=IFCDIRECTION((1.,0.,0.));
#23771=IFCRAILING('15ATg6Xv1EdOjZiAlIY73h',$,'Railing',$,'FRAMELESS_PANEL',#23827,#23780,$,.USERDEFINED.);
#23772=IFCRELDEFINESBYTYPE('3zj862vb50OQ5e2gobsF5M',$,$,$,(#23771),#23114);
#23773=IFCCARTESIANPOINT((0.,0.,0.));
#23774=IFCDIRECTION((1.,0.,0.));
#23775=IFCDIRECTION((0.,1.,0.));
#23776=IFCDIRECTION((0.,0.,1.));
#23777=IFCCARTESIANTRANSFORMATIONOPERATOR3D(#23774,#23775,#23773,1.,#23776);
#23778=IFCMAPPEDITEM(#23119,#23777);
#23779=IFCSHAPEREPRESENTATION(#11,'Body','MappedRepresentation',(#23778));
#23780=IFCPRODUCTDEFINITIONSHAPE($,$,(#23779,#23955));
#23823=IFCCARTESIANPOINT((3.1335434913635254,2.3405451774597168,0.));
#23824=IFCDIRECTION((0.,0.,1.));
#23825=IFCDIRECTION((1.,0.,0.));
#23826=IFCAXIS2PLACEMENT3D(#23823,#23824,#23825);
#23827=IFCLOCALPLACEMENT(#21478,#23826);
#23851=IFCRAILINGTYPE('3It0GD1Zr4MgGxC_xLKQe7',$,'Stairs-2-2F',$,$,(#23852,#23854),(#23856,#24051),$,$,.USERDEFINED.);
#23852=IFCPROPERTYSET('3g6On8O0b94RjFBX72OSrF',$,'BBIM_Railing',$,(#23853));
#23853=IFCPROPERTYSINGLEVALUE('Data',$,IFCTEXT('{"railing_type": "FRAMELESS_PANEL", "height": 1.0, "thickness": 0.05000000074505806, "spacing": 0.0, "path_data": {"edges": [[0, 1]], "verts": [[-1.0, 0.0, 0.0], [-0.029953230172395706, 1.3092972261929958e-09, 0.0]]}}'),$);
#23854=IFCPROPERTYSET('1II8WJv$LD6hHUgr$c3mNm',$,'Pset_RailingCommon',$,(#23855));
#23855=IFCPROPERTYSINGLEVALUE('Height',$,IFCPOSITIVELENGTHMEASURE(1.),$);
#23856=IFCREPRESENTATIONMAP(#23857,#24042);
#23857=IFCAXIS2PLACEMENT3D(#23858,#23859,#23860);
#23858=IFCCARTESIANPOINT((0.,0.,0.));
#23859=IFCDIRECTION((0.,0.,1.));
#23860=IFCDIRECTION((1.,0.,0.));
#23926=IFCINDEXEDPOLYGONALFACE((10,13,12,11));
#23927=IFCINDEXEDPOLYGONALFACE((14,15,13,10));
#23928=IFCINDEXEDPOLYGONALFACE((2,8,5,1,4,6));
#23929=IFCINDEXEDPOLYGONALFACE((3,9,8,2,6,7));
#23930=IFCINDEXEDPOLYGONALFACE((2,8,10,13,6));
#23931=IFCINDEXEDPOLYGONALFACE((6,13,15,7));
#23932=IFCINDEXEDPOLYGONALFACE((9,14,10,8));
#23933=IFCINDEXEDPOLYGONALFACE((3,7,15,14,9));
#23934=IFCINDEXEDPOLYGONALFACE((8,10,11,5));
#23935=IFCINDEXEDPOLYGONALFACE((4,12,13,6));
#23936=IFCINDEXEDPOLYGONALFACE((1,5,11,12,4));
#23937=IFCCARTESIANPOINTLIST3D(((-1.3136272430419922,0.,0.),(0.,0.,0.),(1.,0.,0.),(-1.3136272430419922,0.02500000037252903,0.),(-1.3136272430419922,-0.02500000037252903,0.),(0.,0.02500000037252903,0.),(1.,0.02500000037252903,0.),(0.,-0.02500000037252903,0.),(1.,-0.02500000037252903,0.),(0.,-0.02500000037252903,1.),(-1.3136272430419922,-0.02500000037252903,1.),(-1.3136272430419922,0.02500000037252903,1.),(0.,0.02500000037252903,1.),(1.,-0.02500000037252903,1.),(1.,0.02500000037252903,1.)));
#23938=IFCPOLYGONALFACESET(#23937,.F.,(#23926,#23927,#23928,#23929,#23930,#23931,#23932,#23933,#23934,#23935,#23936),$);
#23939=IFCSHAPEREPRESENTATION(#11,'Body','Tessellation',(#23938));
#23941=IFCCARTESIANPOINT((-1.3136272430419922,-0.02500000037252903,0.));
#23942=IFCBOUNDINGBOX(#23941,2.3136272430419922,0.05000000074505806,1.);
#23943=IFCSHAPEREPRESENTATION(#13,'Box','BoundingBox',(#23942));
#23944=IFCCARTESIANPOINT((0.,0.,0.));
#23945=IFCDIRECTION((1.,0.,0.));
#23946=IFCDIRECTION((0.,0.,1.));
#23947=IFCAXIS2PLACEMENT3D(#23944,#23946,#23945);
#23948=IFCREPRESENTATIONMAP(#23947,#23943);
#23949=IFCCARTESIANPOINT((0.,0.,0.));
#23950=IFCDIRECTION((1.,0.,0.));
#23951=IFCDIRECTION((0.,1.,0.));
#23952=IFCDIRECTION((0.,0.,1.));
#23953=IFCCARTESIANTRANSFORMATIONOPERATOR3D(#23950,#23951,#23949,1.,#23952);
#23954=IFCMAPPEDITEM(#23948,#23953);
#23955=IFCSHAPEREPRESENTATION(#13,'Box','MappedRepresentation',(#23954));
#23977=IFCRAILING('2jSGKZmrP2RxC96avhVKWE',$,'Railing',$,'FRAMELESS_PANEL',#24008,#23986,$,.USERDEFINED.);
#23978=IFCRELDEFINESBYTYPE('06hEnf74PD59uBkDoh0e_7',$,$,$,(#23977),#23851);
#23979=IFCCARTESIANPOINT((0.,0.,0.));
#23980=IFCDIRECTION((1.,0.,0.));
#23981=IFCDIRECTION((0.,1.,0.));
#23982=IFCDIRECTION((0.,0.,1.));
#23983=IFCCARTESIANTRANSFORMATIONOPERATOR3D(#23980,#23981,#23979,1.,#23982);
#23984=IFCMAPPEDITEM(#23856,#23983);
#23985=IFCSHAPEREPRESENTATION(#11,'Body','MappedRepresentation',(#23984));
#23986=IFCPRODUCTDEFINITIONSHAPE($,$,(#23985,#24058));
#24004=IFCCARTESIANPOINT((1.7987650632858276,1.4872980117797852,0.));
#24005=IFCDIRECTION((0.,0.,1.));
#24006=IFCDIRECTION((-4.3711388286737889E-08,0.99999999999999911,0.));
#24007=IFCAXIS2PLACEMENT3D(#24004,#24005,#24006);
#24008=IFCLOCALPLACEMENT(#21478,#24007);
#24034=IFCINDEXEDPOLYGONALFACE((7,10,9,8));
#24035=IFCINDEXEDPOLYGONALFACE((4,10,7,6,2));
#24036=IFCINDEXEDPOLYGONALFACE((2,6,5,1,3,4));
#24037=IFCINDEXEDPOLYGONALFACE((3,9,10,4));
#24038=IFCINDEXEDPOLYGONALFACE((6,7,8,5));
#24039=IFCINDEXEDPOLYGONALFACE((1,5,8,9,3));
#24040=IFCCARTESIANPOINTLIST3D(((-1.,0.,0.),(-0.029953230172395706,1.3092972261929958E-09,0.),(-1.,0.02500000037252903,0.),(-0.029953230172395706,0.025000002235174179,0.),(-1.,-0.02500000037252903,0.),(-0.029953230172395706,-0.024999998509883881,0.),(-0.029953230172395706,-0.024999998509883881,1.),(-1.,-0.02500000037252903,1.),(-1.,0.02500000037252903,1.),(-0.029953230172395706,0.025000002235174179,1.)));
#24041=IFCPOLYGONALFACESET(#24040,.T.,(#24034,#24035,#24036,#24037,#24038,#24039),$);
#24042=IFCSHAPEREPRESENTATION(#11,'Body','Tessellation',(#24041));
#24044=IFCCARTESIANPOINT((-1.,-0.02500000037252903,0.));
#24045=IFCBOUNDINGBOX(#24044,0.9700467586517334,0.050000004470348358,1.);
#24046=IFCSHAPEREPRESENTATION(#13,'Box','BoundingBox',(#24045));
#24047=IFCCARTESIANPOINT((0.,0.,0.));
#24048=IFCDIRECTION((1.,0.,0.));
#24049=IFCDIRECTION((0.,0.,1.));
#24050=IFCAXIS2PLACEMENT3D(#24047,#24049,#24048);
#24051=IFCREPRESENTATIONMAP(#24050,#24046);
#24052=IFCCARTESIANPOINT((0.,0.,0.));
#24053=IFCDIRECTION((1.,0.,0.));
#24054=IFCDIRECTION((0.,1.,0.));
#24055=IFCDIRECTION((0.,0.,1.));
#24056=IFCCARTESIANTRANSFORMATIONOPERATOR3D(#24053,#24054,#24052,1.,#24055);
#24057=IFCMAPPEDITEM(#24051,#24056);
#24058=IFCSHAPEREPRESENTATION(#13,'Box','MappedRepresentation',(#24057));
#24059=IFCINDEXEDPOLYGONALFACE((16,19,18,17));
#24060=IFCINDEXEDPOLYGONALFACE((20,23,22,21));
#24061=IFCINDEXEDPOLYGONALFACE((5,11,10,4,8,9));
#24062=IFCINDEXEDPOLYGONALFACE((7,15,14,6,12,13));
#24063=IFCINDEXEDPOLYGONALFACE((5,9,19,16,11));
#24064=IFCINDEXEDPOLYGONALFACE((12,22,23,13));
#24065=IFCINDEXEDPOLYGONALFACE((6,14,21,22,12));
#24066=IFCINDEXEDPOLYGONALFACE((15,20,21,14));
#24067=IFCINDEXEDPOLYGONALFACE((7,13,23,20,15));
#24068=IFCINDEXEDPOLYGONALFACE((11,16,17,10));
#24069=IFCINDEXEDPOLYGONALFACE((8,18,19,9));
#24070=IFCINDEXEDPOLYGONALFACE((4,10,17,18,8));
#24071=IFCCARTESIANPOINTLIST3D(((-0.51846456527709961,0.,-0.15373367071151733),(0.40664109587669373,0.,0.64696133136749268),(1.,0.,1.1248347759246826),(-0.49346455931663513,0.,-0.13209573924541473),(0.38164108991622925,0.,0.62532341480255127),(0.4316411018371582,0.,0.6670956015586853),(0.97500002384185791,0.,1.1047005653381348),(-0.49346455931663513,0.024999998509883881,-0.13209573924541473),(0.38164108991622925,0.024999998509883881,0.62532341480255127),(-0.49346455931663513,-0.024999998509883881,-0.13209573924541473),(0.38164108991622925,-0.024999998509883881,0.62532341480255127),(0.4316411018371582,0.02500000037252903,0.6670956015586853),(0.97500002384185791,0.02500000037252903,1.1047005653381348),(0.4316411018371582,-0.02500000037252903,0.6670956015586853),(0.97500002384185791,-0.02500000037252903,1.1047005653381348),(0.38164108991622925,-0.024999998509883881,1.6653233766555786),(-0.49346455931663513,-0.024999998509883881,0.90790420770645142),(-0.49346455931663513,0.024999998509883881,0.90790420770645142),(0.38164108991622925,0.024999998509883881,1.6653233766555786),(0.97500002384185791,-0.02500000037252903,2.1447005271911621),(0.4316411018371582,-0.02500000037252903,1.7070956230163574),(0.4316411018371582,0.02500000037252903,1.7070956230163574),(0.97500002384185791,0.02500000037252903,2.1447005271911621)));
#24072=IFCPOLYGONALFACESET(#24071,.F.,(#24059,#24060,#24061,#24062,#24063,#24064,#24065,#24066,#24067,#24068,#24069,#24070),$);
#24073=IFCSHAPEREPRESENTATION(#11,'Body','Tessellation',(#24072));
#24075=IFCCARTESIANPOINT((-0.51846456527709961,-0.02500000037252903,-0.15373367071151733));
#24076=IFCBOUNDINGBOX(#24075,1.5184644460678101,0.049999997019767761,2.2984342575073242);
#24077=IFCSHAPEREPRESENTATION(#13,'Box','BoundingBox',(#24076));
#24078=IFCCARTESIANPOINT((0.,0.,0.));
#24079=IFCDIRECTION((1.,0.,0.));
#24080=IFCDIRECTION((0.,0.,1.));
#24081=IFCAXIS2PLACEMENT3D(#24078,#24080,#24079);
#24082=IFCREPRESENTATIONMAP(#24081,#24077);
#24083=IFCCARTESIANPOINT((0.,0.,0.));
#24084=IFCDIRECTION((1.,0.,0.));
#24085=IFCDIRECTION((0.,1.,0.));
#24086=IFCDIRECTION((0.,0.,1.));
#24087=IFCCARTESIANTRANSFORMATIONOPERATOR3D(#24084,#24085,#24083,1.,#24086);
#24088=IFCMAPPEDITEM(#24082,#24087);
#24089=IFCSHAPEREPRESENTATION(#13,'Box','MappedRepresentation',(#24088));
#24090=IFCCARTESIANPOINT((0.,0.,0.));
#24091=IFCDIRECTION((1.,0.,0.));
#24092=IFCDIRECTION((0.,1.,0.));
#24093=IFCDIRECTION((0.,0.,1.));
#24094=IFCCARTESIANTRANSFORMATIONOPERATOR3D(#24091,#24092,#24090,1.,#24093);
#24095=IFCMAPPEDITEM(#24082,#24094);
#24096=IFCSHAPEREPRESENTATION(#13,'Box','MappedRepresentation',(#24095));
#24243=IFCINDEXEDPOLYGONALFACE((12,15,14,13));
#24244=IFCINDEXEDPOLYGONALFACE((16,19,18,17));
#24245=IFCINDEXEDPOLYGONALFACE((3,7,6,2,4,5));
#24246=IFCINDEXEDPOLYGONALFACE((1,11,10,3,8,9));
#24247=IFCINDEXEDPOLYGONALFACE((1,9,19,16,11));
#24248=IFCINDEXEDPOLYGONALFACE((7,12,13,6));
#24249=IFCINDEXEDPOLYGONALFACE((4,14,15,5));
#24250=IFCINDEXEDPOLYGONALFACE((3,5,15,12,7));
#24251=IFCINDEXEDPOLYGONALFACE((8,18,19,9));
#24252=IFCINDEXEDPOLYGONALFACE((3,10,17,18,8));
#24253=IFCINDEXEDPOLYGONALFACE((11,16,17,10));
#24254=IFCINDEXEDPOLYGONALFACE((2,6,13,14,4));
#24255=IFCCARTESIANPOINTLIST3D(((0.97521984577178955,-0.00073299946961924434,-3.4952172267566084E-09),(0.15498971939086914,-0.02499997615814209,0.),(0.15483713150024414,-0.02499997615814209,-1.1920928955078125E-07),(0.15498971939086914,-0.04999997466802597,0.),(0.15483713150024414,-0.04999997466802597,-1.1920928955078125E-07),(0.15498971939086914,2.4214386940002441E-08,0.),(0.15483713150024414,2.4214386940002441E-08,-1.1920928955078125E-07),(0.15409795939922333,-1.0905787348747253E-05,-1.1920928955078125E-07),(0.97448068857192993,0.024256071075797081,-3.4952172267566084E-09),(0.15557630360126495,-0.049989044666290283,-1.1920928955078125E-07),(0.97595900297164917,-0.025722069665789604,-3.4952172267566084E-09),(0.15483713150024414,2.4214386940002441E-08,0.87999993562698364),(0.15498971939086914,2.4214386940002441E-08,0.88000005483627319),(0.15498971939086914,-0.04999997466802597,0.88000005483627319),(0.15483713150024414,-0.04999997466802597,0.87999993562698364),(0.97595900297164917,-0.025722069665789604,0.88000005483627319),(0.15557630360126495,-0.049989044666290283,0.87999993562698364),(0.15409795939922333,-1.0905787348747253E-05,0.87999993562698364),(0.97448068857192993,0.024256071075797081,0.88000005483627319)));
#24256=IFCPOLYGONALFACESET(#24255,.T.,(#24243,#24244,#24245,#24246,#24247,#24248,#24249,#24250,#24251,#24252,#24253,#24254),$);
#24257=IFCSHAPEREPRESENTATION(#11,'Body','Tessellation',(#24256));
#24259=IFCCARTESIANPOINT((0.15409795939922333,-0.04999997466802597,-1.1920928955078125E-07));
#24260=IFCBOUNDINGBOX(#24259,0.82186096906661987,0.074256040155887604,0.88000017404556274);
#24261=IFCSHAPEREPRESENTATION(#13,'Box','BoundingBox',(#24260));
#24262=IFCCARTESIANPOINT((0.,0.,0.));
#24263=IFCDIRECTION((1.,0.,0.));
#24264=IFCDIRECTION((0.,0.,1.));
#24265=IFCAXIS2PLACEMENT3D(#24262,#24264,#24263);
#24266=IFCREPRESENTATIONMAP(#24265,#24261);
#24267=IFCCARTESIANPOINT((0.,0.,0.));
#24268=IFCDIRECTION((1.,0.,0.));
#24269=IFCDIRECTION((0.,1.,0.));
#24270=IFCDIRECTION((0.,0.,1.));
#24271=IFCCARTESIANTRANSFORMATIONOPERATOR3D(#24268,#24269,#24267,1.,#24270);
#24272=IFCMAPPEDITEM(#24266,#24271);
#24273=IFCSHAPEREPRESENTATION(#13,'Box','MappedRepresentation',(#24272));
#24274=IFCCARTESIANPOINT((0.,0.,0.));
#24275=IFCDIRECTION((1.,0.,0.));
#24276=IFCDIRECTION((0.,1.,0.));
#24277=IFCDIRECTION((0.,0.,1.));
#24278=IFCCARTESIANTRANSFORMATIONOPERATOR3D(#24275,#24276,#24274,1.,#24277);
#24279=IFCMAPPEDITEM(#24266,#24278);
#24280=IFCSHAPEREPRESENTATION(#13,'Box','MappedRepresentation',(#24279));
#24281=IFCINDEXEDPOLYGONALFACE((16,19,18,17));
#24282=IFCINDEXEDPOLYGONALFACE((20,23,22,21));
#24283=IFCINDEXEDPOLYGONALFACE((5,11,10,4,8,9));
#24284=IFCINDEXEDPOLYGONALFACE((7,15,14,6,12,13));
#24285=IFCINDEXEDPOLYGONALFACE((8,18,19,9));
#24286=IFCINDEXEDPOLYGONALFACE((7,13,23,20,15));
#24287=IFCINDEXEDPOLYGONALFACE((5,9,19,16,11));
#24288=IFCINDEXEDPOLYGONALFACE((12,22,23,13));
#24289=IFCINDEXEDPOLYGONALFACE((14,21,22,12,6));
#24290=IFCINDEXEDPOLYGONALFACE((15,20,21,14));
#24291=IFCINDEXEDPOLYGONALFACE((11,16,17,10));
#24292=IFCINDEXEDPOLYGONALFACE((4,10,17,18,8));
#24293=IFCCARTESIANPOINTLIST3D(((-0.51846456527709961,0.,7.4505805969238281E-09),(0.40664109587669373,0.,1.1324712038040161),(1.,0.,1.7999999523162842),(-0.49346455931663513,0.,0.030603840947151184),(0.38164108991622925,0.,1.1018673181533813),(0.4316411018371582,0.,1.1605962514877319),(0.97500002384185791,0.,1.7718749046325684),(-0.49346455931663513,0.024999998509883881,0.030603840947151184),(0.38164108991622925,0.024999998509883881,1.1018673181533813),(-0.49346455931663513,-0.024999998509883881,0.030603840947151184),(0.38164108991622925,-0.024999998509883881,1.1018673181533813),(0.4316411018371582,0.02500000037252903,1.1605962514877319),(0.97500002384185791,0.02500000037252903,1.7718749046325684),(0.4316411018371582,-0.02500000037252903,1.1605962514877319),(0.97500002384185791,-0.02500000037252903,1.7718749046325684),(0.38164108991622925,-0.024999998509883881,2.0118675231933594),(-0.49346455931663513,-0.024999998509883881,0.94060391187667847),(-0.49346455931663513,0.024999998509883881,0.94060391187667847),(0.38164108991622925,0.024999998509883881,2.0118675231933594),(0.97500002384185791,-0.02500000037252903,2.6818749904632568),(0.4316411018371582,-0.02500000037252903,2.0705962181091309),(0.4316411018371582,0.02500000037252903,2.0705962181091309),(0.97500002384185791,0.02500000037252903,2.6818749904632568)));
#24294=IFCPOLYGONALFACESET(#24293,.F.,(#24281,#24282,#24283,#24284,#24285,#24286,#24287,#24288,#24289,#24290,#24291,#24292),$);
#24295=IFCSHAPEREPRESENTATION(#11,'Body','Tessellation',(#24294));
#24297=IFCCARTESIANPOINT((-0.51846456527709961,-0.02500000037252903,7.4505805969238281E-09));
#24298=IFCBOUNDINGBOX(#24297,1.5184644460678101,0.049999997019767761,2.6818749904632568);
#24299=IFCSHAPEREPRESENTATION(#13,'Box','BoundingBox',(#24298));
#24300=IFCCARTESIANPOINT((0.,0.,0.));
#24301=IFCDIRECTION((1.,0.,0.));
#24302=IFCDIRECTION((0.,0.,1.));
#24303=IFCAXIS2PLACEMENT3D(#24300,#24302,#24301);
#24304=IFCREPRESENTATIONMAP(#24303,#24299);
#24305=IFCCARTESIANPOINT((0.,0.,0.));
#24306=IFCDIRECTION((1.,0.,0.));
#24307=IFCDIRECTION((0.,1.,0.));
#24308=IFCDIRECTION((0.,0.,1.));
#24309=IFCCARTESIANTRANSFORMATIONOPERATOR3D(#24306,#24307,#24305,1.,#24308);
#24310=IFCMAPPEDITEM(#24304,#24309);
#24311=IFCSHAPEREPRESENTATION(#13,'Box','MappedRepresentation',(#24310));
#24312=IFCCARTESIANPOINT((0.,0.,0.));
#24313=IFCDIRECTION((1.,0.,0.));
#24314=IFCDIRECTION((0.,1.,0.));
#24315=IFCDIRECTION((0.,0.,1.));
#24316=IFCCARTESIANTRANSFORMATIONOPERATOR3D(#24313,#24314,#24312,1.,#24315);
#24317=IFCMAPPEDITEM(#24304,#24316);
#24318=IFCSHAPEREPRESENTATION(#13,'Box','MappedRepresentation',(#24317));
#24319=IFCINDEXEDPOLYGONALFACE((16,19,18,17));
#24320=IFCINDEXEDPOLYGONALFACE((20,23,22,21));
#24321=IFCINDEXEDPOLYGONALFACE((5,11,10,4,8,9));
#24322=IFCINDEXEDPOLYGONALFACE((7,15,14,6,12,13));
#24323=IFCINDEXEDPOLYGONALFACE((6,14,21,22,12));
#24324=IFCINDEXEDPOLYGONALFACE((9,19,16,11,5));
#24325=IFCINDEXEDPOLYGONALFACE((7,13,23,20,15));
#24326=IFCINDEXEDPOLYGONALFACE((11,16,17,10));
#24327=IFCINDEXEDPOLYGONALFACE((8,18,19,9));
#24328=IFCINDEXEDPOLYGONALFACE((12,22,23,13));
#24329=IFCINDEXEDPOLYGONALFACE((15,20,21,14));
#24330=IFCINDEXEDPOLYGONALFACE((10,17,18,8,4));
#24331=IFCCARTESIANPOINTLIST3D(((-0.96130728721618652,0.,0.),(0.0065099634230136871,0.,0.),(1.,0.,0.),(-0.93630731105804443,0.,0.),(-0.018490036949515343,0.,0.),(0.031509965658187866,0.,0.),(0.97500002384185791,0.,0.),(-0.93630731105804443,0.02500000037252903,0.),(-0.018490036949515343,0.02500000037252903,0.),(-0.93630731105804443,-0.02500000037252903,0.),(-0.018490036949515343,-0.02500000037252903,0.),(0.031509965658187866,0.024999998509883881,0.),(0.97500002384185791,0.024999998509883881,0.),(0.031509965658187866,-0.024999998509883881,0.),(0.97500002384185791,-0.024999998509883881,0.),(-0.018490036949515343,-0.02500000037252903,1.),(-0.93630731105804443,-0.02500000037252903,1.),(-0.93630731105804443,0.02500000037252903,1.),(-0.018490036949515343,0.02500000037252903,1.),(0.97500002384185791,-0.024999998509883881,1.),(0.031509965658187866,-0.024999998509883881,1.),(0.031509965658187866,0.024999998509883881,1.),(0.97500002384185791,0.024999998509883881,1.)));
#24332=IFCPOLYGONALFACESET(#24331,.F.,(#24319,#24320,#24321,#24322,#24323,#24324,#24325,#24326,#24327,#24328,#24329,#24330),$);
#24333=IFCSHAPEREPRESENTATION(#11,'Body','Tessellation',(#24332));
#24335=IFCCARTESIANPOINT((-0.96130728721618652,-0.02500000037252903,0.));
#24336=IFCBOUNDINGBOX(#24335,1.9613072872161865,0.05000000074505806,1.);
#24337=IFCSHAPEREPRESENTATION(#13,'Box','BoundingBox',(#24336));
#24338=IFCCARTESIANPOINT((0.,0.,0.));
#24339=IFCDIRECTION((1.,0.,0.));
#24340=IFCDIRECTION((0.,0.,1.));
#24341=IFCAXIS2PLACEMENT3D(#24338,#24340,#24339);
#24342=IFCREPRESENTATIONMAP(#24341,#24337);
#24343=IFCCARTESIANPOINT((0.,0.,0.));
#24344=IFCDIRECTION((1.,0.,0.));
#24345=IFCDIRECTION((0.,1.,0.));
#24346=IFCDIRECTION((0.,0.,1.));
#24347=IFCCARTESIANTRANSFORMATIONOPERATOR3D(#24344,#24345,#24343,1.,#24346);
#24348=IFCMAPPEDITEM(#24342,#24347);
#24349=IFCSHAPEREPRESENTATION(#13,'Box','MappedRepresentation',(#24348));
#24350=IFCCARTESIANPOINT((0.,0.,0.));
#24351=IFCDIRECTION((1.,0.,0.));
#24352=IFCDIRECTION((0.,1.,0.));
#24353=IFCDIRECTION((0.,0.,1.));
#24354=IFCCARTESIANTRANSFORMATIONOPERATOR3D(#24351,#24352,#24350,1.,#24353);
#24355=IFCMAPPEDITEM(#24342,#24354);
#24356=IFCSHAPEREPRESENTATION(#13,'Box','MappedRepresentation',(#24355));
#24357=IFCCARTESIANPOINT((0.,0.,0.));
#24358=IFCDIRECTION((1.,0.,0.));
#24359=IFCDIRECTION((0.,1.,0.));
#24360=IFCDIRECTION((0.,0.,1.));
#24361=IFCCARTESIANTRANSFORMATIONOPERATOR3D(#24358,#24359,#24357,1.,#24360);
#24362=IFCMAPPEDITEM(#24342,#24361);
#24363=IFCSHAPEREPRESENTATION(#13,'Box','MappedRepresentation',(#24362));
#24364=IFCCOLUMNTYPE('2$hzfmugT1L9IwgSlw10Ku',$,'Unnamed',$,$,$,$,$,$,.COLUMN.);
#24365=IFCRECTANGLEPROFILEDEF(.AREA.,'New Profile',$,0.5,0.5);
#24366=IFCMATERIALPROFILESET($,$,(#24368),$);
#24367=IFCRELASSOCIATESMATERIAL('0lHGVrsgLBNBWFQPfUq0Ff',$,$,$,(#24364),#24366);
#24368=IFCMATERIALPROFILE($,$,#81,#24365,$,$);
#24369=IFCCOLUMN('0lkpO69av0zBodLivKCwGx',$,'Column',$,$,#24377,#24381,$,$);
#24370=IFCRELDEFINESBYTYPE('0ujfym7sLBhfny88eCoUL7',$,$,$,(#24746,#24611,#24414,#24436,#24458,#24369,#24638,#24660,#25202,#24392,#25224,#24773,#24719,#24682,#25261,#25283,#25305,#25332,#25359,#25386,#25413,#25435,#25457,#25479,#25501,#25523,#25570,#27598),#24364);
#24371=IFCMATERIALPROFILESETUSAGE(#24366,5,$);
#24372=IFCRELASSOCIATESMATERIAL('1cGxnd6B96DQo3gr9aXGYA',$,$,$,(#24369),#24371);
#24373=IFCCARTESIANPOINT((0.22660548985004425,-2.5901062488555908,0.));
#24374=IFCDIRECTION((0.,0.,1.));
#24375=IFCDIRECTION((1.,0.,0.));
#24376=IFCAXIS2PLACEMENT3D(#24373,#24374,#24375);
#24377=IFCLOCALPLACEMENT(#79,#24376);
#24381=IFCPRODUCTDEFINITIONSHAPE($,$,(#27570,#27577));
#24389=IFCPROPERTYSET('3Dd1o0oQj4_eTdg4760Xyf',$,'EPset_Parametric',$,(#24391));
#24390=IFCRELDEFINESBYPROPERTIES('13QlQB$dPCMuvpOomL1g$K',$,$,$,(#24369),#24389);
#24391=IFCPROPERTYSINGLEVALUE('Engine',$,IFCLABEL('Bonsai.DumbProfile'),$);
#24392=IFCCOLUMN('0QRvDDHm13J8c2wsS8PbyE',$,'Column',$,$,#24399,#24403,$,$);
#24393=IFCMATERIALPROFILESETUSAGE(#24366,5,$);
#24394=IFCRELASSOCIATESMATERIAL('13eYs73pfDj9dQgopXz6ej',$,$,$,(#24392),#24393);
#24395=IFCCARTESIANPOINT((4.2335414886474609,-2.5901062488555908,0.));
#24396=IFCDIRECTION((0.,0.,1.));
#24397=IFCDIRECTION((1.,0.,0.));
#24398=IFCAXIS2PLACEMENT3D(#24395,#24396,#24397);
#24399=IFCLOCALPLACEMENT(#79,#24398);
#24403=IFCPRODUCTDEFINITIONSHAPE($,$,(#27240,#27247));
#24411=IFCPROPERTYSET('0$liQYmIv02OZZafpcZ$aM',$,'EPset_Parametric',$,(#24413));
#24412=IFCRELDEFINESBYPROPERTIES('1aatTpoTrErx6sQHxPrjOe',$,$,$,(#24392),#24411);
#24413=IFCPROPERTYSINGLEVALUE('Engine',$,IFCLABEL('Bonsai.DumbProfile'),$);
#24414=IFCCOLUMN('0fdnalvoT4Q9hor3sHskij',$,'Column',$,$,#24421,#24425,$,$);
#24415=IFCMATERIALPROFILESETUSAGE(#24366,5,$);
#24416=IFCRELASSOCIATESMATERIAL('126ZJQwBv2LRrjfe3TfPRz',$,$,$,(#24414),#24415);
#24417=IFCCARTESIANPOINT((4.2335433959960938,6.5165681838989258,0.));
#24418=IFCDIRECTION((0.,0.,1.));
#24419=IFCDIRECTION((1.,0.,0.));
#24420=IFCAXIS2PLACEMENT3D(#24417,#24418,#24419);
#24421=IFCLOCALPLACEMENT(#79,#24420);
#24425=IFCPRODUCTDEFINITIONSHAPE($,$,(#27190,#27197));
#24433=IFCPROPERTYSET('0NVmNU6RfEbvQO6IQcENgc',$,'EPset_Parametric',$,(#24435));
#24434=IFCRELDEFINESBYPROPERTIES('3182kIGGnA9vn$HuNc2Dn$',$,$,$,(#24414),#24433);
#24435=IFCPROPERTYSINGLEVALUE('Engine',$,IFCLABEL('Bonsai.DumbProfile'),$);
#24436=IFCCOLUMN('0_XJ7oWbX4YfFwRav6nmqv',$,'Column',$,$,#24443,#24447,$,$);
#24437=IFCMATERIALPROFILESETUSAGE(#24366,5,$);
#24438=IFCRELASSOCIATESMATERIAL('3DKIUnKtP5Ox5hlLQWMbr7',$,$,$,(#24436),#24437);
#24439=IFCCARTESIANPOINT((-2.7733926773071289,5.0598959922790527,0.));
#24440=IFCDIRECTION((0.,0.,1.));
#24441=IFCDIRECTION((1.,0.,0.));
#24442=IFCAXIS2PLACEMENT3D(#24439,#24440,#24441);
#24443=IFCLOCALPLACEMENT(#79,#24442);
#24447=IFCPRODUCTDEFINITIONSHAPE($,$,(#27530,#27537));
#24455=IFCPROPERTYSET('33fXMPT8H3CBJ4Z9STb5Wk',$,'EPset_Parametric',$,(#24457));
#24456=IFCRELDEFINESBYPROPERTIES('1l4btunOPEGBtSL5s__T1V',$,$,$,(#24436),#24455);
#24457=IFCPROPERTYSINGLEVALUE('Engine',$,IFCLABEL('Bonsai.DumbProfile'),$);
#24458=IFCCOLUMN('1LsiTAk0b6sAGIWyBeRlAO',$,'Column',$,$,#24465,#24469,$,$);
#24459=IFCMATERIALPROFILESETUSAGE(#24366,5,$);
#24460=IFCRELASSOCIATESMATERIAL('1pGhwuzEnEHhgqsIe6E1IK',$,$,$,(#24458),#24459);
#24461=IFCCARTESIANPOINT((-2.7733922004699707,-0.090105056762695312,0.));
#24462=IFCDIRECTION((0.,0.,1.));
#24463=IFCDIRECTION((1.,0.,0.));
#24464=IFCAXIS2PLACEMENT3D(#24461,#24462,#24463);
#24465=IFCLOCALPLACEMENT(#79,#24464);
#24469=IFCPRODUCTDEFINITIONSHAPE($,$,(#27400,#27407));
#24477=IFCPROPERTYSET('1DVJbv5y13vQVVJ7rzyc4i',$,'EPset_Parametric',$,(#24479));
#24478=IFCRELDEFINESBYPROPERTIES('0SJi2tgOD7PO7NL4vrDx4t',$,$,$,(#24458),#24477);
#24479=IFCPROPERTYSINGLEVALUE('Engine',$,IFCLABEL('Bonsai.DumbProfile'),$);
#24495=IFCCARTESIANPOINTLIST3D(((0.,0.,0.),(1.3422476053237915,0.,0.),(1.3422476053237915,0.,2.),(0.,0.,2.)));
#24496=IFCINDEXEDPOLYCURVE(#24495,(IFCLINEINDEX((1,2,3,4,1))),$);
#24497=IFCSHAPEREPRESENTATION(#18,'Profile','Curve3D',(#24496));
#24498=IFCCARTESIANPOINTLIST2D(((0.,0.),(0.,2.),(1.3422476053237915,2.),(1.3422476053237915,0.),(1.3172476049512625,0.),(1.3172476049512625,1.974999999627471),(0.02500000037252903,1.974999999627471),(0.02500000037252903,0.)));
#24499=IFCINDEXEDPOLYCURVE(#24498,(IFCLINEINDEX((1,2,3,4,5,6,7,8,1))),$);
#24500=IFCARBITRARYCLOSEDPROFILEDEF(.AREA.,$,#24499);
#24501=IFCCARTESIANPOINT((0.,0.02500000037252903,0.));
#24502=IFCDIRECTION((0.,-1.,0.));
#24503=IFCDIRECTION((1.,0.,0.));
#24504=IFCAXIS2PLACEMENT3D(#24501,#24502,#24503);
#24505=IFCDIRECTION((0.,0.,-1.));
#24506=IFCEXTRUDEDAREASOLID(#24500,#24504,#24505,0.02500000037252903);
#24507=IFCCARTESIANPOINTLIST2D(((0.,0.),(0.,2.),(1.3422476053237915,2.),(1.3422476053237915,0.),(1.2922476045787334,0.),(1.2922476045787334,1.9499999992549419),(0.05000000074505806,1.9499999992549419),(0.05000000074505806,0.)));
#24508=IFCINDEXEDPOLYCURVE(#24507,(IFCLINEINDEX((1,2,3,4,5,6,7,8,1))),$);
#24509=IFCARBITRARYCLOSEDPROFILEDEF(.AREA.,$,#24508);
#24510=IFCCARTESIANPOINT((0.,0.,0.));
#24511=IFCDIRECTION((0.,-1.,0.));
#24512=IFCDIRECTION((1.,0.,0.));
#24513=IFCAXIS2PLACEMENT3D(#24510,#24511,#24512);
#24514=IFCDIRECTION((0.,0.,-1.));
#24515=IFCEXTRUDEDAREASOLID(#24509,#24513,#24514,0.02500000037252903);
#24516=IFCCARTESIANPOINTLIST2D(((0.,0.),(1.2422476038336754,0.),(1.2422476038336754,0.10000000149011612),(0.,0.10000000149011612)));
#24517=IFCINDEXEDPOLYCURVE(#24516,(IFCLINEINDEX((1,2,3,4,1))),$);
#24518=IFCARBITRARYCLOSEDPROFILEDEF(.AREA.,$,#24517);
#24519=IFCCARTESIANPOINT((0.05000000074505806,0.,0.));
#24520=IFCDIRECTION((0.,0.,1.));
#24521=IFCDIRECTION((1.,0.,0.));
#24522=IFCAXIS2PLACEMENT3D(#24519,#24520,#24521);
#24523=IFCDIRECTION((0.,0.,1.));
#24524=IFCEXTRUDEDAREASOLID(#24518,#24522,#24523,0.02500000037252903);
#24525=IFCCARTESIANPOINTLIST2D(((0.,0.),(0.,2.0250000022351742),(1.3922476097941399,2.0250000022351742),(1.3922476097941399,0.),(1.3172476068139076,0.),(1.3172476068139076,1.9499999992549419),(0.075000002980232239,1.9499999992549419),(0.075000002980232239,0.)));
#24526=IFCINDEXEDPOLYCURVE(#24525,(IFCLINEINDEX((1,2,3,4,5,6,7,8,1))),$);
#24527=IFCARBITRARYCLOSEDPROFILEDEF(.AREA.,$,#24526);
#24528=IFCCARTESIANPOINT((-0.025000002235174179,-0.004999999888241291,0.));
#24529=IFCDIRECTION((0.,-1.,0.));
#24530=IFCDIRECTION((1.,0.,0.));
#24531=IFCAXIS2PLACEMENT3D(#24528,#24529,#24530);
#24532=IFCDIRECTION((0.,0.,-1.));
#24533=IFCEXTRUDEDAREASOLID(#24527,#24531,#24532,0.004999999888241291);
#24534=IFCCARTESIANPOINTLIST2D(((0.,0.),(0.,2.0250000022351742),(1.3922476097941399,2.0250000022351742),(1.3922476097941399,0.),(1.3422476071864367,0.),(1.3422476071864367,1.974999999627471),(0.050000002607703209,1.974999999627471),(0.050000002607703209,0.)));
#24535=IFCINDEXEDPOLYCURVE(#24534,(IFCLINEINDEX((1,2,3,4,5,6,7,8,1))),$);
#24536=IFCARBITRARYCLOSEDPROFILEDEF(.AREA.,$,#24535);
#24537=IFCCARTESIANPOINT((-0.025000002235174179,0.05000000074505806,0.));
#24538=IFCDIRECTION((0.,-1.,0.));
#24539=IFCDIRECTION((1.,0.,0.));
#24540=IFCAXIS2PLACEMENT3D(#24537,#24538,#24539);
#24541=IFCDIRECTION((0.,0.,-1.));
#24542=IFCEXTRUDEDAREASOLID(#24536,#24540,#24541,0.004999999888241291);
#24543=IFCCARTESIANPOINTLIST2D(((0.,0.),(1.2922476045787334,0.),(1.2922476045787334,0.035000000149011612),(0.,0.035000000149011612)));
#24544=IFCINDEXEDPOLYCURVE(#24543,(IFCLINEINDEX((1,2,3,4,1))),$);
#24545=IFCARBITRARYCLOSEDPROFILEDEF(.AREA.,$,#24544);
#24546=IFCCARTESIANPOINT((0.02500000037252903,0.02500000037252903,0.02500000037252903));
#24547=IFCDIRECTION((0.,0.,1.));
#24548=IFCDIRECTION((1.,0.,0.));
#24549=IFCAXIS2PLACEMENT3D(#24546,#24547,#24548);
#24550=IFCDIRECTION((0.,0.,1.));
#24551=IFCEXTRUDEDAREASOLID(#24545,#24549,#24550,1.9499999992549419);
#24552=IFCCARTESIANPOINTLIST2D(((0.,0.),(0.,-0.040000000000000001),(-0.11999999999999988,-0.040000000000000001),(-0.11999999999999988,-0.02),(-0.020000000000000018,-0.02),(-0.020000000000000018,0.)));
#24553=IFCINDEXEDPOLYCURVE(#24552,(IFCLINEINDEX((1,2,3,4,5,6,1))),$);
#24554=IFCARBITRARYCLOSEDPROFILEDEF(.AREA.,$,#24553);
#24555=IFCCARTESIANPOINT((1.2672476049512624,0.02500000037252903,1.015000000372529));
#24556=IFCDIRECTION((0.,0.,1.));
#24557=IFCDIRECTION((1.,0.,0.));
#24558=IFCAXIS2PLACEMENT3D(#24555,#24556,#24557);
#24559=IFCDIRECTION((0.,0.,1.));
#24560=IFCEXTRUDEDAREASOLID(#24554,#24558,#24559,0.02);
#24561=IFCEXTRUDEDAREASOLID(#24562,#24565,#24569,0.02);
#24562=IFCARBITRARYCLOSEDPROFILEDEF(.AREA.,$,#24563);
#24563=IFCINDEXEDPOLYCURVE(#24564,(IFCLINEINDEX((1,2,3,4,5,6,1))),$);
#24564=IFCCARTESIANPOINTLIST2D(((0.,0.),(0.,0.040000000000000008),(-0.11999999999999988,0.040000000000000008),(-0.11999999999999988,0.020000000000000004),(-0.020000000000000018,0.020000000000000004),(-0.020000000000000018,0.)));
#24565=IFCAXIS2PLACEMENT3D(#24566,#24567,#24568);
#24566=IFCCARTESIANPOINT((1.2672476049512624,0.060000000521540642,1.015000000372529));
#24567=IFCDIRECTION((0.,0.,1.));
#24568=IFCDIRECTION((1.,0.,0.));
#24569=IFCDIRECTION((0.,0.,1.));
#24570=IFCSHAPEREPRESENTATION(#11,'Body','SweptSolid',(#24506,#24515,#24551,#24560,#24561,#24524,#24533,#24542));
#24571=IFCCARTESIANPOINTLIST2D(((0.,0.),(0.,0.05000000074505806),(0.02500000037252903,0.05000000074505806),(0.02500000037252903,0.02500000037252903),(0.05000000074505806,0.02500000037252903),(0.05000000074505806,0.)));
#24572=IFCINDEXEDPOLYCURVE(#24571,(IFCLINEINDEX((1,2,3,4,5,6,1))),$);
#24573=IFCINDEXEDPOLYCURVE(#24574,(IFCLINEINDEX((1,2,3,4,5,6,1))),$);
#24574=IFCCARTESIANPOINTLIST2D(((1.3422476053237915,0.),(1.3422476053237915,0.05000000074505806),(1.3172476049512625,0.05000000074505806),(1.3172476049512625,0.02500000037252903),(1.2922476045787334,0.02500000037252903),(1.2922476045787334,0.)));
#24575=IFCDIRECTION((1.,0.));
#24576=IFCCARTESIANPOINT((0.060000000521540642,0.05000000074505806));
#24577=IFCAXIS2PLACEMENT2D(#24576,#24575);
#24578=IFCELLIPSE(#24577,1.2572476044297218,1.2922476045787334);
#24579=IFCCARTESIANPOINT((1.3172476049512625,0.05000000074505806));
#24580=IFCCARTESIANPOINT((0.060000000521540642,1.3422476053237915));
#24581=IFCTRIMMEDCURVE(#24578,(#24579),(#24580),.T.,.CARTESIAN.);
#24582=IFCCARTESIANPOINTLIST2D(((0.02500000037252903,0.05000000074505806),(0.060000000521540642,0.05000000074505806),(0.060000000521540642,1.3422476053237915),(0.02500000037252903,1.3422476053237915)));
#24583=IFCINDEXEDPOLYCURVE(#24582,(IFCLINEINDEX((1,2,3,4,1))),$);
#24584=IFCSHAPEREPRESENTATION(#24,'Body','Curve2D',(#24572,#24573,#24581,#24583));
#24586=IFCCARTESIANPOINTLIST2D(((0.,0.),(1.3422476053237915,0.),(1.3422476053237915,2.),(0.,2.)));
#24587=IFCINDEXEDPOLYCURVE(#24586,(IFCLINEINDEX((1,2,3,4,1))),$);
#24588=IFCARBITRARYCLOSEDPROFILEDEF(.AREA.,$,#24587);
#24589=IFCCARTESIANPOINT((0.,-0.60000002384185791,0.));
#24590=IFCDIRECTION((0.,-1.,0.));
#24591=IFCDIRECTION((1.,0.,0.));
#24592=IFCAXIS2PLACEMENT3D(#24589,#24590,#24591);
#24593=IFCDIRECTION((0.,0.,-1.));
#24594=IFCEXTRUDEDAREASOLID(#24588,#24592,#24593,1.2);
#24595=IFCSHAPEREPRESENTATION(#11,'Body','SweptSolid',(#24594));
#24601=IFCCARTESIANPOINT((1.4312618331391502,0.099996647289241292,0.));
#24602=IFCDIRECTION((0.,0.,1.));
#24603=IFCDIRECTION((-0.9999999999996777,8.0267852808838693E-07,0.));
#24604=IFCAXIS2PLACEMENT3D(#24601,#24602,#24603);
#24605=IFCLOCALPLACEMENT(#1171,#24604);
#24606=IFCCARTESIANPOINT((1.1102230246251565E-16,0.,0.));
#24607=IFCDIRECTION((0.,0.,1.));
#24608=IFCDIRECTION((0.99999999999999978,2.1175823681357508E-22,0.));
#24609=IFCAXIS2PLACEMENT3D(#24606,#24607,#24608);
#24610=IFCLOCALPLACEMENT(#24605,#24609);
#24611=IFCCOLUMN('0$5QSGzXH1uQAmcoioY945',$,'Column',$,$,#24637,#24622,$,$);
#24612=IFCMATERIALPROFILESETUSAGE(#24366,5,$);
#24613=IFCRELASSOCIATESMATERIAL('3UCslYpV14$gZZm1F9ciNc',$,$,$,(#24611),#24612);
#24622=IFCPRODUCTDEFINITIONSHAPE($,$,(#27560,#27567));
#24630=IFCPROPERTYSET('0dnRASA$L5MQ3SQgppp$pu',$,'EPset_Parametric',$,(#24632));
#24631=IFCRELDEFINESBYPROPERTIES('2SUkk0Q29BrOUqn9x379tI',$,$,$,(#24611),#24630);
#24632=IFCPROPERTYSINGLEVALUE('Engine',$,IFCLABEL('Bonsai.DumbProfile'),$);
#24633=IFCCARTESIANPOINT((-2.7733926773071289,2.6598954200744629,0.));
#24634=IFCDIRECTION((0.,0.,1.));
#24635=IFCDIRECTION((1.,0.,0.));
#24636=IFCAXIS2PLACEMENT3D(#24633,#24634,#24635);
#24637=IFCLOCALPLACEMENT(#79,#24636);
#24638=IFCCOLUMN('3ePk5zsSfATh2bgBKsa0ca',$,'Column',$,$,#24708,#24649,$,$);
#24644=IFCRELASSOCIATESMATERIAL('3jxvOfG7v9ZuTQejTSq1UE',$,$,$,(#24638),#24645);
#24645=IFCMATERIALPROFILESETUSAGE(#24366,5,$);
#24646=IFCRELDEFINESBYPROPERTIES('2OrHRwqW1DVAvP66AiX2NE',$,$,$,(#24638),#24647);
#24647=IFCPROPERTYSET('2Hk1ghqX5DoO5KNV_G8c5c',$,'EPset_Parametric',$,(#24648));
#24648=IFCPROPERTYSINGLEVALUE('Engine',$,IFCLABEL('Bonsai.DumbProfile'),$);
#24649=IFCPRODUCTDEFINITIONSHAPE($,$,(#27340,#27347));
#24660=IFCCOLUMN('3afGYkEULDZgMeGVoJgagP',$,'Column',$,$,#24713,#24671,$,$);
#24666=IFCRELASSOCIATESMATERIAL('213VXSITnCuh7MaR4qkok0',$,$,$,(#24660),#24667);
#24667=IFCMATERIALPROFILESETUSAGE(#24366,5,$);
#24668=IFCRELDEFINESBYPROPERTIES('14lReDOKbAFBtxyDAox1D4',$,$,$,(#24660),#24669);
#24669=IFCPROPERTYSET('30g8TFsd90YBgo68HCnNFY',$,'EPset_Parametric',$,(#24670));
#24670=IFCPROPERTYSINGLEVALUE('Engine',$,IFCLABEL('Bonsai.DumbProfile'),$);
#24671=IFCPRODUCTDEFINITIONSHAPE($,$,(#27500,#27507));
#24682=IFCCOLUMN('3UVQRmfM1EIfBFYSV0NuD8',$,'Column',$,$,#24718,#24693,$,$);
#24688=IFCRELDEFINESBYPROPERTIES('0nzzNuty56r8Ke9j4KCUR4',$,$,$,(#24682),#24689);
#24689=IFCPROPERTYSET('0Q4UEsPJrFpgwblOvSjYwi',$,'EPset_Parametric',$,(#24690));
#24690=IFCPROPERTYSINGLEVALUE('Engine',$,IFCLABEL('Bonsai.DumbProfile'),$);
#24691=IFCRELASSOCIATESMATERIAL('0z6hRQ5fn9lxwv7B9TOPUC',$,$,$,(#24682),#24692);
#24692=IFCMATERIALPROFILESETUSAGE(#24366,5,$);
#24693=IFCPRODUCTDEFINITIONSHAPE($,$,(#27350,#27357));
#24704=IFCCARTESIANPOINT((4.2335433959960938,5.0598959922790527,0.));
#24705=IFCDIRECTION((0.,0.,1.));
#24706=IFCDIRECTION((1.,0.,0.));
#24707=IFCAXIS2PLACEMENT3D(#24704,#24705,#24706);
#24708=IFCLOCALPLACEMENT(#79,#24707);
#24709=IFCCARTESIANPOINT((4.2335433959960938,-0.090105056762695312,0.));
#24710=IFCDIRECTION((0.,0.,1.));
#24711=IFCDIRECTION((1.,0.,0.));
#24712=IFCAXIS2PLACEMENT3D(#24709,#24710,#24711);
#24713=IFCLOCALPLACEMENT(#79,#24712);
#24714=IFCCARTESIANPOINT((4.2335433959960938,2.6598954200744629,0.));
#24715=IFCDIRECTION((0.,0.,1.));
#24716=IFCDIRECTION((1.,0.,0.));
#24717=IFCAXIS2PLACEMENT3D(#24714,#24715,#24716);
#24718=IFCLOCALPLACEMENT(#79,#24717);
#24719=IFCCOLUMN('2qSGM_bnr6avxQbEtrVqwq',$,'Column',$,$,#24745,#24730,$,$);
#24725=IFCRELASSOCIATESMATERIAL('0w43pt9If9ZB$31_WRATJJ',$,$,$,(#24719),#24726);
#24726=IFCMATERIALPROFILESETUSAGE(#24366,5,$);
#24727=IFCRELDEFINESBYPROPERTIES('2mnAKKOtP8BOYsMsl2eByh',$,$,$,(#24719),#24728);
#24728=IFCPROPERTYSET('0kNMWJwYj6lfrqP$a3GU$A',$,'EPset_Parametric',$,(#24729));
#24729=IFCPROPERTYSINGLEVALUE('Engine',$,IFCLABEL('Bonsai.DumbProfile'),$);
#24730=IFCPRODUCTDEFINITIONSHAPE($,$,(#27320,#27327));
#24741=IFCCARTESIANPOINT((0.22660548985004425,-0.090105056762695312,0.));
#24742=IFCDIRECTION((0.,0.,1.));
#24743=IFCDIRECTION((1.,0.,0.));
#24744=IFCAXIS2PLACEMENT3D(#24741,#24742,#24743);
#24745=IFCLOCALPLACEMENT(#79,#24744);
#24746=IFCCOLUMN('2xg6HRAWXATugYdzC9Je_s',$,'Column',$,$,#24799,#24757,$,$);
#24752=IFCRELASSOCIATESMATERIAL('18uJY6z7583ujQWAgFsq7$',$,$,$,(#24746),#24753);
#24753=IFCMATERIALPROFILESETUSAGE(#24366,5,$);
#24754=IFCRELDEFINESBYPROPERTIES('3LPLoLESvAGhIuPslEkhUT',$,$,$,(#24746),#24755);
#24755=IFCPROPERTYSET('0nIkHXjL18MBBi_Rkdn0V6',$,'EPset_Parametric',$,(#24756));
#24756=IFCPROPERTYSINGLEVALUE('Engine',$,IFCLABEL('Bonsai.DumbProfile'),$);
#24757=IFCPRODUCTDEFINITIONSHAPE($,$,(#27440,#27447));
#24773=IFCCOLUMN('2AF2DPWZ94bgpWIEx2FnhM',$,'Column',$,$,#24804,#24784,$,$);
#24779=IFCRELASSOCIATESMATERIAL('2AqnusLh19VO1Mwd_sMaBH',$,$,$,(#24773),#24780);
#24780=IFCMATERIALPROFILESETUSAGE(#24366,5,$);
#24781=IFCRELDEFINESBYPROPERTIES('2fp_aQXC9FOgZwlV3HTxj1',$,$,$,(#24773),#24782);
#24782=IFCPROPERTYSET('0MS4oVUi54p9L1Qje4b8vE',$,'EPset_Parametric',$,(#24783));
#24783=IFCPROPERTYSINGLEVALUE('Engine',$,IFCLABEL('Bonsai.DumbProfile'),$);
#24784=IFCPRODUCTDEFINITIONSHAPE($,$,(#27460,#27467));
#24795=IFCCARTESIANPOINT((0.22660548985004425,5.0598959922790527,0.));
#24796=IFCDIRECTION((0.,0.,1.));
#24797=IFCDIRECTION((1.,0.,0.));
#24798=IFCAXIS2PLACEMENT3D(#24795,#24796,#24797);
#24799=IFCLOCALPLACEMENT(#79,#24798);
#24800=IFCCARTESIANPOINT((0.22660548985004425,6.5165681838989258,0.));
#24801=IFCDIRECTION((0.,0.,1.));
#24802=IFCDIRECTION((1.,0.,0.));
#24803=IFCAXIS2PLACEMENT3D(#24800,#24801,#24802);
#24804=IFCLOCALPLACEMENT(#79,#24803);
#24815=IFCBEAMTYPE('1JEE9IfVj50uDAtuIZyr4H',$,'Unnamed',$,$,$,$,$,$,.BEAM.);
#24816=IFCMATERIALPROFILESET($,$,(#24818),$);
#24817=IFCRELASSOCIATESMATERIAL('0_dxQRD3v5PuSR$nBlveoR',$,$,$,(#24815),#24816);
#24818=IFCMATERIALPROFILE($,$,#81,#24365,$,$);
#24842=IFCBEAM('2MUZap159BPgB7_oBKzPn5',$,'Beam',$,$,#24850,#24854,$,$);
#24843=IFCRELDEFINESBYTYPE('009Yv5w2b4zhx_y4U7xdRq',$,$,$,(#25062,#24986,#25035,#25013,#25644,#25666,#24909,#25688,#25710,#25597,#25737,#25759,#24842,#24946,#24865,#24887),#24815);
#24844=IFCMATERIALPROFILESETUSAGE(#24816,7,$);
#24845=IFCRELASSOCIATESMATERIAL('3s0nC37nDFURwBf0aE8KlT',$,$,$,(#24842),#24844);
#24846=IFCCARTESIANPOINT((4.4835433959960938,6.7665681838989258,3.));
#24847=IFCDIRECTION((-1.9854412631664941E-07,-0.99999999999997746,7.5497898658639697E-08));
#24848=IFCDIRECTION((0.99999999999998024,-1.9854412869335255E-07,0.));
#24849=IFCAXIS2PLACEMENT3D(#24846,#24847,#24848);
#24850=IFCLOCALPLACEMENT(#79,#24849);
#24854=IFCPRODUCTDEFINITIONSHAPE($,$,(#27490,#27497));
#24862=IFCPROPERTYSET('2piJ_hfn5BSfrsfD3WrExy',$,'EPset_Parametric',$,(#24864));
#24863=IFCRELDEFINESBYPROPERTIES('0WxRbyCEzAF9FzRzlC0ki6',$,$,$,(#24842),#24862);
#24864=IFCPROPERTYSINGLEVALUE('Engine',$,IFCLABEL('Bonsai.DumbProfile'),$);
#24865=IFCBEAM('2HPLrmwBj7wvruRVfF1o_X',$,'Beam',$,$,#24872,#24876,$,$);
#24866=IFCMATERIALPROFILESETUSAGE(#24816,7,$);
#24867=IFCRELASSOCIATESMATERIAL('0hhU_S3lj4g9SlStfiQz$9',$,$,$,(#24865),#24866);
#24868=IFCCARTESIANPOINT((0.47660547494888306,6.7665681838989258,3.));
#24869=IFCDIRECTION((0.,-0.99999999999999711,7.5497898658641179E-08));
#24870=IFCDIRECTION((1.,0.,0.));
#24871=IFCAXIS2PLACEMENT3D(#24868,#24869,#24870);
#24872=IFCLOCALPLACEMENT(#79,#24871);
#24876=IFCPRODUCTDEFINITIONSHAPE($,$,(#27470,#27477));
#24884=IFCPROPERTYSET('2YDx$uHpDFoAU5cmEiGN4U',$,'EPset_Parametric',$,(#24886));
#24885=IFCRELDEFINESBYPROPERTIES('2spQkGLnn3lBpH_Z4hmW02',$,$,$,(#24865),#24884);
#24886=IFCPROPERTYSINGLEVALUE('Engine',$,IFCLABEL('Bonsai.DumbProfile'),$);
#24887=IFCBEAM('3xzGgYkIjAYBxVZWmLM1Fz',$,'Beam',$,$,#24894,#24898,$,$);
#24888=IFCMATERIALPROFILESETUSAGE(#24816,7,$);
#24889=IFCRELASSOCIATESMATERIAL('1LklE0Gkn7WeZaSTKYtZNy',$,$,$,(#24887),#24888);
#24890=IFCCARTESIANPOINT((-2.5233926773071289,5.2810335159301758,3.));
#24891=IFCDIRECTION((0.,-0.99999999999999711,7.5497898658641179E-08));
#24892=IFCDIRECTION((1.,0.,0.));
#24893=IFCAXIS2PLACEMENT3D(#24890,#24891,#24892);
#24894=IFCLOCALPLACEMENT(#79,#24893);
#24898=IFCPRODUCTDEFINITIONSHAPE($,$,(#27230,#27237));
#24906=IFCPROPERTYSET('3uMS4CADD2S8jPOe_SCCpZ',$,'EPset_Parametric',$,(#24908));
#24907=IFCRELDEFINESBYPROPERTIES('1DUrmt3DH76PbqCWFuacov',$,$,$,(#24887),#24906);
#24908=IFCPROPERTYSINGLEVALUE('Engine',$,IFCLABEL('Bonsai.DumbProfile'),$);
#24909=IFCBEAM('2DHi0RFWT9nxY3d_KKdcOX',$,'Beam',$,$,#24935,#24920,$,$);
#24910=IFCMATERIALPROFILESETUSAGE(#24816,7,$);
#24911=IFCRELASSOCIATESMATERIAL('3gRgyxGZz6dQPnrxxIFLR2',$,$,$,(#24909),#24910);
#24920=IFCPRODUCTDEFINITIONSHAPE($,$,(#27420,#27427));
#24928=IFCPROPERTYSET('3rgerrnin5qOZpZnwlkQQj',$,'EPset_Parametric',$,(#24930));
#24929=IFCRELDEFINESBYPROPERTIES('03qVjTezjCRuhjWDg9Kld6',$,$,$,(#24909),#24928);
#24930=IFCPROPERTYSINGLEVALUE('Engine',$,IFCLABEL('Bonsai.DumbProfile'),$);
#24931=IFCCARTESIANPOINT((-0.023394525051116943,6.7665681838989258,3.));
#24932=IFCDIRECTION((0.99999999999996203,-1.9470716949853511E-07,1.9470718370938983E-07));
#24933=IFCDIRECTION((1.9470718370939216E-07,0.99999999999997402,-1.1920928955077815E-07));
#24934=IFCAXIS2PLACEMENT3D(#24931,#24932,#24933);
#24935=IFCLOCALPLACEMENT(#79,#24934);
#24936=IFCCARTESIANPOINT((3.313532829284668,0.54310417175292969,0.20000001788139343));
#24937=IFCDIRECTION((0.,0.,1.));
#24938=IFCDIRECTION((1.,0.,0.));
#24939=IFCAXIS2PLACEMENT3D(#24936,#24937,#24938);
#24940=IFCLOCALPLACEMENT(#79,#24939);
#24941=IFCCARTESIANPOINT((3.313532829284668,2.2753763198852539,1.7424981594085693));
#24942=IFCDIRECTION((0.,0.,1.));
#24943=IFCDIRECTION((-0.99999999999992428,3.8941436741876494E-07,0.));
#24944=IFCAXIS2PLACEMENT3D(#24941,#24942,#24943);
#24945=IFCLOCALPLACEMENT(#79,#24944);
#24946=IFCBEAM('0zNqAPXpjDsxVK_Iz$nrgo',$,'Beam',$,$,#25260,#24957,$,$);
#24947=IFCMATERIALPROFILESETUSAGE(#24816,7,$);
#24948=IFCRELASSOCIATESMATERIAL('0FUqhX85T3be057wRm5Q_p',$,$,$,(#24946),#24947);
#24957=IFCPRODUCTDEFINITIONSHAPE($,$,(#27200,#27207));
#24965=IFCPROPERTYSET('3toTElM0L4vhMXXlxX9Njb',$,'EPset_Parametric',$,(#24967));
#24966=IFCRELDEFINESBYPROPERTIES('2JLgWIVnXANhIThkx6J3yI',$,$,$,(#24946),#24965);
#24967=IFCPROPERTYSINGLEVALUE('Engine',$,IFCLABEL('Bonsai.DumbProfile'),$);
#24986=IFCBEAM('22foZc$iv6Tv6TC0yLGpn4',$,'Beam',$,$,#25012,#24997,$,$);
#24987=IFCMATERIALPROFILESETUSAGE(#24816,7,$);
#24988=IFCRELASSOCIATESMATERIAL('1a_MfvGNTFDhIesbOPlQbQ',$,$,$,(#24986),#24987);
#24997=IFCPRODUCTDEFINITIONSHAPE($,$,(#27540,#27547));
#25005=IFCPROPERTYSET('2w_pn2P5j7HQyNv$Sbgnfn',$,'EPset_Parametric',$,(#25007));
#25006=IFCRELDEFINESBYPROPERTIES('0akmz3BpHDDfpb7Bz5V0IO',$,$,$,(#24986),#25005);
#25007=IFCPROPERTYSINGLEVALUE('Engine',$,IFCLABEL('Bonsai.DumbProfile'),$);
#25008=IFCCARTESIANPOINT((4.4835433959960938,2.4098968505859375,3.));
#25009=IFCDIRECTION((-0.99999999999996203,-1.9470716949853511E-07,1.9470718370938983E-07));
#25010=IFCDIRECTION((1.9470718370939216E-07,-0.99999999999997402,1.1920928955077815E-07));
#25011=IFCAXIS2PLACEMENT3D(#25008,#25009,#25010);
#25012=IFCLOCALPLACEMENT(#79,#25011);
#25013=IFCBEAM('0$bz1Nb$f6YB1No1lO$knw',$,'Beam',$,$,#25014,#25024,$,$);
#25014=IFCLOCALPLACEMENT(#79,#25015);
#25015=IFCAXIS2PLACEMENT3D(#25016,#25017,#25018);
#25016=IFCCARTESIANPOINT((4.4835433959960938,2.4098968505859375,3.));
#25017=IFCDIRECTION((-0.99999999999996203,-1.9470716949853511E-07,1.9470718370938983E-07));
#25018=IFCDIRECTION((1.9470718370939216E-07,-0.99999999999997402,1.1920928955077815E-07));
#25019=IFCRELASSOCIATESMATERIAL('3TqlMe9Gf8IhG7sFtq42gM',$,$,$,(#25013),#25020);
#25020=IFCMATERIALPROFILESETUSAGE(#24816,7,$);
#25021=IFCRELDEFINESBYPROPERTIES('1y_0kCrmbCShoyi4ZGFLaA',$,$,$,(#25013),#25022);
#25022=IFCPROPERTYSET('3d5CL_TM162w9xzIdb8eQI',$,'EPset_Parametric',$,(#25023));
#25023=IFCPROPERTYSINGLEVALUE('Engine',$,IFCLABEL('Bonsai.DumbProfile'),$);
#25024=IFCPRODUCTDEFINITIONSHAPE($,$,(#27280,#27287));
#25035=IFCBEAM('1esd9XuuPCcOXKNAwr97Cz',$,'Beam',$,$,#25061,#25046,$,$);
#25041=IFCRELDEFINESBYPROPERTIES('0x91tGVWb28ROMMoOPQZWA',$,$,$,(#25035),#25042);
#25042=IFCPROPERTYSET('2CtDWJhar6NQJ4CtHm2ov7',$,'EPset_Parametric',$,(#25043));
#25043=IFCPROPERTYSINGLEVALUE('Engine',$,IFCLABEL('Bonsai.DumbProfile'),$);
#25044=IFCRELASSOCIATESMATERIAL('3$Pt8Ke$59evSdC4cTmcfg',$,$,$,(#25035),#25045);
#25045=IFCMATERIALPROFILESETUSAGE(#24816,7,$);
#25046=IFCPRODUCTDEFINITIONSHAPE($,$,(#27290,#27297));
#25057=IFCCARTESIANPOINT((4.4835433959960938,-0.3401036262512207,2.9999990463256836));
#25058=IFCDIRECTION((-0.99999999999996203,-1.9470716949853511E-07,1.9470718370938983E-07));
#25059=IFCDIRECTION((1.9470718370939216E-07,-0.99999999999997402,1.1920928955077815E-07));
#25060=IFCAXIS2PLACEMENT3D(#25057,#25058,#25059);
#25061=IFCLOCALPLACEMENT(#79,#25060);
#25062=IFCBEAM('3d13x9epX4Nx2$leqxVISV',$,'Beam',$,$,#25088,#25073,$,$);
#25068=IFCRELDEFINESBYPROPERTIES('3lhcQoK1D3ohHtyOihGBPp',$,$,$,(#25062),#25069);
#25069=IFCPROPERTYSET('3_puh4fhbEC80zwlXSJqHp',$,'EPset_Parametric',$,(#25070));
#25070=IFCPROPERTYSINGLEVALUE('Engine',$,IFCLABEL('Bonsai.DumbProfile'),$);
#25071=IFCRELASSOCIATESMATERIAL('2jE0Gp1F15hAdPWf_dgJwG',$,$,$,(#25062),#25072);
#25072=IFCMATERIALPROFILESETUSAGE(#24816,7,$);
#25073=IFCPRODUCTDEFINITIONSHAPE($,$,(#27450,#27457));
#25084=IFCCARTESIANPOINT((-0.023396432399749756,-2.3401050567626953,2.9999990463256836));
#25085=IFCDIRECTION((0.99999999999996203,-1.9470716949853511E-07,1.9470718370938983E-07));
#25086=IFCDIRECTION((1.9470718370939216E-07,0.99999999999997402,-1.1920928955077815E-07));
#25087=IFCAXIS2PLACEMENT3D(#25084,#25085,#25086);
#25088=IFCLOCALPLACEMENT(#79,#25087);
#25089=IFCCARTESIANPOINTLIST2D(((-1.4936171770095825,4.76837158203125E-07),(-1.4936175346374512,-0.88893222808837891),(-2.3012980818748474E-06,-0.88893276453018188),(0.00089716911315917969,0.),(-1.4936171770095825,4.76837158203125E-07)));
#25090=IFCINDEXEDPOLYCURVE(#25089,$,$);
#25091=IFCARBITRARYCLOSEDPROFILEDEF(.AREA.,$,#25090);
#25092=IFCCARTESIANPOINT((3.3126349449157715,2.2753763198852539,0.20010489225387573));
#25093=IFCDIRECTION((0.,0.,1.));
#25094=IFCDIRECTION((1.,0.,0.));
#25095=IFCAXIS2PLACEMENT3D(#25092,#25093,#25094);
#25096=IFCLOCALPLACEMENT(#79,#25095);
#25097=IFCINDEXEDPOLYGONALFACE((2,1,18,17,16,15,14,13,12,11,10,9,8,7,6,5,4,3));
#25098=IFCINDEXEDPOLYGONALFACE((19,20,21,22,23,24,25,26,27,28,29,30,31,32,33,34,35,36));
#25099=IFCINDEXEDPOLYGONALFACE((3,4,21,20));
#25100=IFCINDEXEDPOLYGONALFACE((18,1,36,35));
#25101=IFCINDEXEDPOLYGONALFACE((11,12,29,28));
#25102=IFCINDEXEDPOLYGONALFACE((4,5,22,21));
#25103=IFCINDEXEDPOLYGONALFACE((12,13,30,29));
#25104=IFCINDEXEDPOLYGONALFACE((5,6,23,22));
#25105=IFCINDEXEDPOLYGONALFACE((13,14,31,30));
#25106=IFCINDEXEDPOLYGONALFACE((6,7,24,23));
#25107=IFCINDEXEDPOLYGONALFACE((14,15,32,31));
#25108=IFCINDEXEDPOLYGONALFACE((7,8,25,24));
#25109=IFCINDEXEDPOLYGONALFACE((15,16,33,32));
#25110=IFCINDEXEDPOLYGONALFACE((8,9,26,25));
#25111=IFCINDEXEDPOLYGONALFACE((1,2,19,36));
#25112=IFCINDEXEDPOLYGONALFACE((16,17,34,33));
#25113=IFCINDEXEDPOLYGONALFACE((9,10,27,26));
#25114=IFCINDEXEDPOLYGONALFACE((2,3,20,19));
#25115=IFCINDEXEDPOLYGONALFACE((17,18,35,34));
#25116=IFCINDEXEDPOLYGONALFACE((10,11,28,27));
#25117=IFCCARTESIANPOINTLIST3D(((0.,0.,0.),(0.,0.,0.15721288323402405),(0.18670216202735901,0.,0.15721288323402405),(0.18670216202735901,0.,0.3144257664680481),(0.37340432405471802,0.,0.3144257664680481),(0.37340432405471802,0.,0.47163864970207214),(0.56010651588439941,0.,0.47163864970207214),(0.56010651588439941,0.,0.62885153293609619),(0.74680864810943604,0.,0.62885153293609619),(0.74680864810943604,0.,0.78606438636779785),(0.93351078033447266,0.,0.78606438636779785),(0.93351078033447266,0.,0.94327723979949951),(1.1202129125595093,0.,0.94327723979949951),(1.1202129125595093,0.,1.1004900932312012),(1.3069150447845459,0.,1.1004900932312012),(1.3069150447845459,0.,1.2577029466629028),(1.4936171770095825,0.,1.2577029466629028),(1.4936171770095825,0.,0.),(0.,0.88893282413482666,0.15721288323402405),(0.18670216202735901,0.88893282413482666,0.15721288323402405),(0.18670216202735901,0.88893282413482666,0.3144257664680481),(0.37340432405471802,0.88893282413482666,0.3144257664680481),(0.37340432405471802,0.88893282413482666,0.47163864970207214),(0.56010651588439941,0.88893282413482666,0.47163864970207214),(0.56010651588439941,0.88893282413482666,0.62885153293609619),(0.74680864810943604,0.88893282413482666,0.62885153293609619),(0.74680864810943604,0.88893282413482666,0.78606438636779785),(0.93351078033447266,0.88893282413482666,0.78606438636779785),(0.93351078033447266,0.88893282413482666,0.94327723979949951),(1.1202129125595093,0.88893282413482666,0.94327723979949951),(1.1202129125595093,0.88893282413482666,1.1004900932312012),(1.3069150447845459,0.88893282413482666,1.1004900932312012),(1.3069150447845459,0.88893282413482666,1.2577029466629028),(1.4936171770095825,0.88893282413482666,1.2577029466629028),(1.4936171770095825,0.88893282413482666,0.),(0.,0.88893282413482666,0.)));
#25118=IFCPOLYGONALFACESET(#25117,.T.,(#25097,#25098,#25099,#25100,#25101,#25102,#25103,#25104,#25105,#25106,#25107,#25108,#25109,#25110,#25111,#25112,#25113,#25114,#25115,#25116),$);
#25119=IFCSHAPEREPRESENTATION(#11,'Body','Tessellation',(#25118));
#25121=IFCCARTESIANPOINT((0.,0.,0.));
#25122=IFCBOUNDINGBOX(#25121,1.4936171770095825,0.88893282413482666,1.2577029466629028);
#25123=IFCSHAPEREPRESENTATION(#13,'Box','BoundingBox',(#25122));
#25124=IFCCARTESIANPOINT((0.,0.,0.));
#25125=IFCDIRECTION((1.,0.,0.));
#25126=IFCDIRECTION((0.,0.,1.));
#25127=IFCAXIS2PLACEMENT3D(#25124,#25126,#25125);
#25128=IFCREPRESENTATIONMAP(#25127,#25123);
#25129=IFCCARTESIANPOINT((0.,0.,0.));
#25130=IFCDIRECTION((1.,0.,0.));
#25131=IFCDIRECTION((0.,1.,0.));
#25132=IFCDIRECTION((0.,0.,1.));
#25133=IFCCARTESIANTRANSFORMATIONOPERATOR3D(#25130,#25131,#25129,1.,#25132);
#25134=IFCMAPPEDITEM(#25128,#25133);
#25135=IFCSHAPEREPRESENTATION(#13,'Box','MappedRepresentation',(#25134));
#25202=IFCCOLUMN('09In9lMkX73AGpNT5sDoP8',$,'Column',$,$,#25209,#25213,$,$);
#25203=IFCMATERIALPROFILESETUSAGE(#24366,5,$);
#25204=IFCRELASSOCIATESMATERIAL('3ZcRINyx1EWuv_rnMOTeoM',$,$,$,(#25202),#25203);
#25205=IFCCARTESIANPOINT((-2.7733926773071289,-0.090105056762695312,0.));
#25206=IFCDIRECTION((0.,0.,1.));
#25207=IFCDIRECTION((1.,0.,0.));
#25208=IFCAXIS2PLACEMENT3D(#25205,#25206,#25207);
#25209=IFCLOCALPLACEMENT(#21478,#25208);
#25213=IFCPRODUCTDEFINITIONSHAPE($,$,(#27580,#27587));
#25221=IFCPROPERTYSET('06ERWttO9CixFpaDpsuiGT',$,'EPset_Parametric',$,(#25223));
#25222=IFCRELDEFINESBYPROPERTIES('2Fo_z79FvD0RCykfZXUK_V',$,$,$,(#25202),#25221);
#25223=IFCPROPERTYSINGLEVALUE('Engine',$,IFCLABEL('Bonsai.DumbProfile'),$);
#25224=IFCCOLUMN('0ac_RBPWbFhRsJOhL4UD1t',$,'Column',$,$,#25800,#25235,$,$);
#25225=IFCMATERIALPROFILESETUSAGE(#24366,5,$);
#25226=IFCRELASSOCIATESMATERIAL('3XaaJr51b8hBBWWzFfmV6T',$,$,$,(#25224),#25225);
#25235=IFCPRODUCTDEFINITIONSHAPE($,$,(#27270,#27277));
#25243=IFCPROPERTYSET('1yniR5XC1DdOjtgIx8sABo',$,'EPset_Parametric',$,(#25245));
#25244=IFCRELDEFINESBYPROPERTIES('2TsWdm9brCpgrByxf_RhL2',$,$,$,(#25224),#25243);
#25245=IFCPROPERTYSINGLEVALUE('Engine',$,IFCLABEL('Bonsai.DumbProfile'),$);
#25256=IFCCARTESIANPOINT((-3.0233926773071289,5.3098959922790527,3.));
#25257=IFCDIRECTION((0.99999999999998379,1.6292068494294389E-07,7.5497901264042104E-08));
#25258=IFCDIRECTION((-1.6292068494294437E-07,0.99999999999998668,-7.160938508832165E-15));
#25259=IFCAXIS2PLACEMENT3D(#25256,#25257,#25258);
#25260=IFCLOCALPLACEMENT(#79,#25259);
#25261=IFCCOLUMN('3pFS3k38L149EAsjI9qROS',$,'Column',$,$,#25331,#25272,$,$);
#25267=IFCRELDEFINESBYPROPERTIES('1PWNSGGhf3KBxRCdn3lUnT',$,$,$,(#25261),#25268);
#25268=IFCPROPERTYSET('3jPnOSZS51ZPShGowWTQyt',$,'EPset_Parametric',$,(#25269));
#25269=IFCPROPERTYSINGLEVALUE('Engine',$,IFCLABEL('Bonsai.DumbProfile'),$);
#25270=IFCRELASSOCIATESMATERIAL('0syQJuiPL4TfL$oLw9d_ii',$,$,$,(#25261),#25271);
#25271=IFCMATERIALPROFILESETUSAGE(#24366,5,$);
#25272=IFCPRODUCTDEFINITIONSHAPE($,$,(#27510,#27517));
#25283=IFCCOLUMN('0HG13BI$9BmOsrRDZwPv2i',$,'Column',$,$,#25358,#25294,$,$);
#25289=IFCRELDEFINESBYPROPERTIES('0GYNf01$z7zBH4rJBoMABk',$,$,$,(#25283),#25290);
#25290=IFCPROPERTYSET('2xcSnMLYXBvO5yiEu365U0',$,'EPset_Parametric',$,(#25291));
#25291=IFCPROPERTYSINGLEVALUE('Engine',$,IFCLABEL('Bonsai.DumbProfile'),$);
#25292=IFCRELASSOCIATESMATERIAL('396tiVAvj8axa5ee8CwdfN',$,$,$,(#25283),#25293);
#25293=IFCMATERIALPROFILESETUSAGE(#24366,5,$);
#25294=IFCPRODUCTDEFINITIONSHAPE($,$,(#27380,#27387));
#25305=IFCCOLUMN('3my7Coy2T8kx581WA43mRW',$,'Column',$,$,#25805,#25316,$,$);
#25311=IFCRELDEFINESBYPROPERTIES('1VvK3gtCvDkwT1utecLl4$',$,$,$,(#25305),#25312);
#25312=IFCPROPERTYSET('0aA8iCWB5A7gUsjqhwSbDk',$,'EPset_Parametric',$,(#25313));
#25313=IFCPROPERTYSINGLEVALUE('Engine',$,IFCLABEL('Bonsai.DumbProfile'),$);
#25314=IFCRELASSOCIATESMATERIAL('0XSVnsFSnDWgQXtCn9fUnD',$,$,$,(#25305),#25315);
#25315=IFCMATERIALPROFILESETUSAGE(#24366,5,$);
#25316=IFCPRODUCTDEFINITIONSHAPE($,$,(#27260,#27267));
#25327=IFCCARTESIANPOINT((-2.7743015289306641,2.659895658493042,0.));
#25328=IFCDIRECTION((0.,0.,1.));
#25329=IFCDIRECTION((1.,0.,0.));
#25330=IFCAXIS2PLACEMENT3D(#25327,#25328,#25329);
#25331=IFCLOCALPLACEMENT(#21478,#25330);
#25332=IFCCOLUMN('3OvptUgez9hxWJgiGS$SvN',$,'Column',$,$,#25412,#25343,$,$);
#25338=IFCRELDEFINESBYPROPERTIES('1sGmu8BxbDrQnEs_XUW2Ou',$,$,$,(#25332),#25339);
#25339=IFCPROPERTYSET('3H8BgodUnDaPMOma3utjGN',$,'EPset_Parametric',$,(#25340));
#25340=IFCPROPERTYSINGLEVALUE('Engine',$,IFCLABEL('Bonsai.DumbProfile'),$);
#25341=IFCRELASSOCIATESMATERIAL('2Hx1h0Uv9AUf86Ks7U9cYx',$,$,$,(#25332),#25342);
#25342=IFCMATERIALPROFILESETUSAGE(#24366,5,$);
#25343=IFCPRODUCTDEFINITIONSHAPE($,$,(#27170,#27177));
#25354=IFCCARTESIANPOINT((4.2344512939453125,-0.090105056762695312,0.));
#25355=IFCDIRECTION((0.,0.,1.));
#25356=IFCDIRECTION((1.,0.,0.));
#25357=IFCAXIS2PLACEMENT3D(#25354,#25355,#25356);
#25358=IFCLOCALPLACEMENT(#21478,#25357);
#25359=IFCCOLUMN('0GEhGrRC5DfwQsVN2kUeNR',$,'Column',$,$,#25549,#25370,$,$);
#25365=IFCRELDEFINESBYPROPERTIES('0P$tRLKOL6PefZAvht5JtQ',$,$,$,(#25359),#25366);
#25366=IFCPROPERTYSET('0plXjfQm5FTgXrFV2Kb7mS',$,'EPset_Parametric',$,(#25367));
#25367=IFCPROPERTYSINGLEVALUE('Engine',$,IFCLABEL('Bonsai.DumbProfile'),$);
#25368=IFCRELASSOCIATESMATERIAL('0PsUEOc2v6YA9EWNR2qGfZ',$,$,$,(#25359),#25369);
#25369=IFCMATERIALPROFILESETUSAGE(#24366,5,$);
#25370=IFCPRODUCTDEFINITIONSHAPE($,$,(#27310,#27317));
#25386=IFCCOLUMN('3sVuLH$gn7aPOdePMmL2_B',$,'Column',$,$,#25810,#25397,$,$);
#25392=IFCRELASSOCIATESMATERIAL('1aCQmzorjDquqHboMn7yzL',$,$,$,(#25386),#25393);
#25393=IFCMATERIALPROFILESETUSAGE(#24366,5,$);
#25394=IFCRELDEFINESBYPROPERTIES('0kEhdf_i96LehlK2Uq0Ypr',$,$,$,(#25386),#25395);
#25395=IFCPROPERTYSET('2aPA38hE9BmREq$th3fmzU',$,'EPset_Parametric',$,(#25396));
#25396=IFCPROPERTYSINGLEVALUE('Engine',$,IFCLABEL('Bonsai.DumbProfile'),$);
#25397=IFCPRODUCTDEFINITIONSHAPE($,$,(#27220,#27227));
#25408=IFCCARTESIANPOINT((4.2335424423217773,2.659895658493042,0.));
#25409=IFCDIRECTION((0.,0.,1.));
#25410=IFCDIRECTION((1.,0.,0.));
#25411=IFCAXIS2PLACEMENT3D(#25408,#25409,#25410);
#25412=IFCLOCALPLACEMENT(#21478,#25411);
#25413=IFCCOLUMN('0cq0Wpb1bFq8uUg3H_Q4Lf',$,'Column',$,$,#25559,#25424,$,$);
#25419=IFCRELDEFINESBYPROPERTIES('3sL9QyoUPBrxHtK8nvpyMz',$,$,$,(#25413),#25420);
#25420=IFCPROPERTYSET('1HSIDoYzf0G8jJAEbV2C1s',$,'EPset_Parametric',$,(#25421));
#25421=IFCPROPERTYSINGLEVALUE('Engine',$,IFCLABEL('Bonsai.DumbProfile'),$);
#25422=IFCRELASSOCIATESMATERIAL('29CYVxhvzASuP9PKi$sefZ',$,$,$,(#25413),#25423);
#25423=IFCMATERIALPROFILESETUSAGE(#24366,5,$);
#25424=IFCPRODUCTDEFINITIONSHAPE($,$,(#27370,#27377));
#25435=IFCCOLUMN('1yVWmwGwfBMepJxi3j$C4g',$,'Column',$,$,#25436,#25446,$,$);
#25436=IFCLOCALPLACEMENT(#21478,#25437);
#25437=IFCAXIS2PLACEMENT3D(#25438,#25439,#25440);
#25438=IFCCARTESIANPOINT((4.2344512939453125,-0.090105056762695312,0.));
#25439=IFCDIRECTION((0.,0.,1.));
#25440=IFCDIRECTION((1.,0.,0.));
#25441=IFCRELDEFINESBYPROPERTIES('0FQYcETmv9uxS3b6u2aXgQ',$,$,$,(#25435),#25442);
#25442=IFCPROPERTYSET('23VeayCQPELAQnddtyisJO',$,'EPset_Parametric',$,(#25443));
#25443=IFCPROPERTYSINGLEVALUE('Engine',$,IFCLABEL('Bonsai.DumbProfile'),$);
#25444=IFCRELASSOCIATESMATERIAL('0t5Jzqqu17BQS7n4juZmPc',$,$,$,(#25435),#25445);
#25445=IFCMATERIALPROFILESETUSAGE(#24366,5,$);
#25446=IFCPRODUCTDEFINITIONSHAPE($,$,(#27480,#27487));
#25457=IFCCOLUMN('2ye9LhxOrEH8zlOSEDDc3u',$,'Column',$,$,#25458,#25468,$,$);
#25458=IFCLOCALPLACEMENT(#21478,#25459);
#25459=IFCAXIS2PLACEMENT3D(#25460,#25461,#25462);
#25460=IFCCARTESIANPOINT((4.2344512939453125,-0.090105056762695312,0.));
#25461=IFCDIRECTION((0.,0.,1.));
#25462=IFCDIRECTION((1.,0.,0.));
#25463=IFCRELASSOCIATESMATERIAL('2NxlcWhLr2IeoEG$wOONLO',$,$,$,(#25457),#25464);
#25464=IFCMATERIALPROFILESETUSAGE(#24366,5,$);
#25465=IFCRELDEFINESBYPROPERTIES('3xH$sD8O90Wew3wGdr6wtD',$,$,$,(#25457),#25466);
#25466=IFCPROPERTYSET('3gY6ogKqLB7xqKup3wREsd',$,'EPset_Parametric',$,(#25467));
#25467=IFCPROPERTYSINGLEVALUE('Engine',$,IFCLABEL('Bonsai.DumbProfile'),$);
#25468=IFCPRODUCTDEFINITIONSHAPE($,$,(#27390,#27397));
#25479=IFCCOLUMN('0RZCIrIKn4DPj$Qfc5RXiO',$,'Column',$,$,#25480,#25490,$,$);
#25480=IFCLOCALPLACEMENT(#21478,#25481);
#25481=IFCAXIS2PLACEMENT3D(#25482,#25483,#25484);
#25482=IFCCARTESIANPOINT((4.2344512939453125,-0.090105056762695312,0.));
#25483=IFCDIRECTION((0.,0.,1.));
#25484=IFCDIRECTION((1.,0.,0.));
#25485=IFCRELDEFINESBYPROPERTIES('2GqKqiZ9TBRgw8pWUH0fZd',$,$,$,(#25479),#25486);
#25486=IFCPROPERTYSET('1dhjEVRuvB_QbcUYP5R6q0',$,'EPset_Parametric',$,(#25487));
#25487=IFCPROPERTYSINGLEVALUE('Engine',$,IFCLABEL('Bonsai.DumbProfile'),$);
#25488=IFCRELASSOCIATESMATERIAL('2E72ZXDkP1pPp5j8wQizK9',$,$,$,(#25479),#25489);
#25489=IFCMATERIALPROFILESETUSAGE(#24366,5,$);
#25490=IFCPRODUCTDEFINITIONSHAPE($,$,(#27430,#27437));
#25501=IFCCOLUMN('1QvW8gw7b9EBDIStcHa1fw',$,'Column',$,$,#25815,#25512,$,$);
#25507=IFCRELASSOCIATESMATERIAL('283XLUepT5exYb6tUUG6AJ',$,$,$,(#25501),#25508);
#25508=IFCMATERIALPROFILESETUSAGE(#24366,5,$);
#25509=IFCRELDEFINESBYPROPERTIES('3DHTLQ_vfDyfwLQyvIhUuX',$,$,$,(#25501),#25510);
#25510=IFCPROPERTYSET('0VAZLIeTT1hRaVFoCdoalE',$,'EPset_Parametric',$,(#25511));
#25511=IFCPROPERTYSINGLEVALUE('Engine',$,IFCLABEL('Bonsai.DumbProfile'),$);
#25512=IFCPRODUCTDEFINITIONSHAPE($,$,(#27180,#27187));
#25523=IFCCOLUMN('31wUk4C3X5pfLlv0g0CIky',$,'Column',$,$,#25569,#25534,$,$);
#25529=IFCRELASSOCIATESMATERIAL('0X$aGlqkP4LhuqlUpJMCjJ',$,$,$,(#25523),#25530);
#25530=IFCMATERIALPROFILESETUSAGE(#24366,5,$);
#25531=IFCRELDEFINESBYPROPERTIES('1nSQmUhtH6VRPwMAHDBANa',$,$,$,(#25523),#25532);
#25532=IFCPROPERTYSET('0ksYZV1TjEhRYUaH2zwTHm',$,'EPset_Parametric',$,(#25533));
#25533=IFCPROPERTYSINGLEVALUE('Engine',$,IFCLABEL('Bonsai.DumbProfile'),$);
#25534=IFCPRODUCTDEFINITIONSHAPE($,$,(#27300,#27307));
#25545=IFCCARTESIANPOINT((0.22660541534423828,-0.090105056762695312,4.76837158203125E-07));
#25546=IFCDIRECTION((0.,0.,1.));
#25547=IFCDIRECTION((1.,0.,0.));
#25548=IFCAXIS2PLACEMENT3D(#25545,#25546,#25547);
#25549=IFCLOCALPLACEMENT(#21478,#25548);
#25555=IFCCARTESIANPOINT((0.22569656372070312,2.659895658493042,4.76837158203125E-07));
#25556=IFCDIRECTION((0.,0.,1.));
#25557=IFCDIRECTION((1.,0.,0.));
#25558=IFCAXIS2PLACEMENT3D(#25555,#25556,#25557);
#25559=IFCLOCALPLACEMENT(#21478,#25558);
#25565=IFCCARTESIANPOINT((4.2335424423217773,6.5165672302246094,0.));
#25566=IFCDIRECTION((0.,0.,1.));
#25567=IFCDIRECTION((1.,0.,0.));
#25568=IFCAXIS2PLACEMENT3D(#25565,#25566,#25567);
#25569=IFCLOCALPLACEMENT(#21478,#25568);
#25570=IFCCOLUMN('0yJbRyEMv1phv99ZZORiv1',$,'Column',$,$,#25596,#25581,$,$);
#25576=IFCRELASSOCIATESMATERIAL('1dONA3y7jD78$D600oOlYk',$,$,$,(#25570),#25577);
#25577=IFCMATERIALPROFILESETUSAGE(#24366,5,$);
#25578=IFCRELDEFINESBYPROPERTIES('03icyKkrLD2hJsbi0ZUUhJ',$,$,$,(#25570),#25579);
#25579=IFCPROPERTYSET('25_$16KLP2HOWJrwYK528a',$,'EPset_Parametric',$,(#25580));
#25580=IFCPROPERTYSINGLEVALUE('Engine',$,IFCLABEL('Bonsai.DumbProfile'),$);
#25581=IFCPRODUCTDEFINITIONSHAPE($,$,(#27520,#27527));
#25592=IFCCARTESIANPOINT((0.22660541534423828,6.5165672302246094,0.));
#25593=IFCDIRECTION((0.,0.,1.));
#25594=IFCDIRECTION((1.,0.,0.));
#25595=IFCAXIS2PLACEMENT3D(#25592,#25593,#25594);
#25596=IFCLOCALPLACEMENT(#21478,#25595);
#25597=IFCBEAM('0NUktGLFb46urwFfCip8p0',$,'Beam',$,$,#25643,#25608,$,$);
#25598=IFCMATERIALPROFILESETUSAGE(#24816,7,$);
#25599=IFCRELASSOCIATESMATERIAL('0lK_ncgdD6UPZhtyMpQ2oM',$,$,$,(#25597),#25598);
#25608=IFCPRODUCTDEFINITIONSHAPE($,$,(#27550,#27557));
#25616=IFCPROPERTYSET('03J4C0Qnv90xN7TmuEF1Bq',$,'EPset_Parametric',$,(#25618));
#25617=IFCRELDEFINESBYPROPERTIES('1hk1d6g6zCKfiVwKLjZ4O9',$,$,$,(#25597),#25616);
#25618=IFCPROPERTYSINGLEVALUE('Engine',$,IFCLABEL('Bonsai.DumbProfile'),$);
#25639=IFCCARTESIANPOINT((4.4835424423217773,6.2665672302246094,3.));
#25640=IFCDIRECTION((-0.99999999999998379,1.6292068494294389E-07,7.5497901264042104E-08));
#25641=IFCDIRECTION((-1.6292068494294437E-07,-0.99999999999998668,7.160938508832165E-15));
#25642=IFCAXIS2PLACEMENT3D(#25639,#25640,#25641);
#25643=IFCLOCALPLACEMENT(#21478,#25642);
#25644=IFCBEAM('3Q8_Dk4ULAyg3IKCF559gw',$,'Beam',$,$,#25651,#25655,$,$);
#25645=IFCMATERIALPROFILESETUSAGE(#24816,7,$);
#25646=IFCRELASSOCIATESMATERIAL('3TqbEaBQPFgvp6E8MV2fpa',$,$,$,(#25644),#25645);
#25647=IFCCARTESIANPOINT((4.4835424423217773,6.7665672302246094,3.));
#25648=IFCDIRECTION((9.4606253637462414E-05,-0.99999999552477903,3.1391648085538425E-07));
#25649=IFCDIRECTION((0.99999999552482799,9.4606256911437933E-05,-1.0804544710527845E-11));
#25650=IFCAXIS2PLACEMENT3D(#25647,#25648,#25649);
#25651=IFCLOCALPLACEMENT(#21478,#25650);
#25655=IFCPRODUCTDEFINITIONSHAPE($,$,(#27250,#27257));
#25663=IFCPROPERTYSET('1LYl4ZVmjDbg9bKLzULE3J',$,'EPset_Parametric',$,(#25665));
#25664=IFCRELDEFINESBYPROPERTIES('1Hj4WquQ14VPSnGxCmocHj',$,$,$,(#25644),#25663);
#25665=IFCPROPERTYSINGLEVALUE('Engine',$,IFCLABEL('Bonsai.DumbProfile'),$);
#25666=IFCBEAM('3qQxuBbbTArAtaOyxAZUZi',$,'Beam',$,$,#25673,#25677,$,$);
#25667=IFCMATERIALPROFILESETUSAGE(#24816,7,$);
#25668=IFCRELASSOCIATESMATERIAL('1LFHZMBCX80g0NL1kOWD$j',$,$,$,(#25666),#25667);
#25669=IFCCARTESIANPOINT((-3.0243015289306641,5.3114862442016602,3.));
#25670=IFCDIRECTION((0.99999999999996214,-1.9470716428772842E-07,1.9470717849858483E-07));
#25671=IFCDIRECTION((1.9470717849858713E-07,0.99999999999997391,-1.1920928955077814E-07));
#25672=IFCAXIS2PLACEMENT3D(#25669,#25670,#25671);
#25673=IFCLOCALPLACEMENT(#21478,#25672);
#25677=IFCPRODUCTDEFINITIONSHAPE($,$,(#27590,#27597));
#25685=IFCPROPERTYSET('2XpoWR_P91AhqeN7m$JWjP',$,'EPset_Parametric',$,(#25687));
#25686=IFCRELDEFINESBYPROPERTIES('2EHYKy9_13hAvYxTc0jnIq',$,$,$,(#25666),#25685);
#25687=IFCPROPERTYSINGLEVALUE('Engine',$,IFCLABEL('Bonsai.DumbProfile'),$);
#25688=IFCBEAM('16DHZ7u8b40BkJqwGVGd7n',$,'Beam',$,$,#25785,#25699,$,$);
#25689=IFCMATERIALPROFILESETUSAGE(#24816,7,$);
#25690=IFCRELASSOCIATESMATERIAL('1aaQHR8qrEmO9zYYPGlnlv',$,$,$,(#25688),#25689);
#25699=IFCPRODUCTDEFINITIONSHAPE($,$,(#27330,#27337));
#25707=IFCPROPERTYSET('0i5rywi1LEeQKyv013y2OB',$,'EPset_Parametric',$,(#25709));
#25708=IFCRELDEFINESBYPROPERTIES('30tq$y9Kf0qOuP3yXrAaMa',$,$,$,(#25688),#25707);
#25709=IFCPROPERTYSINGLEVALUE('Engine',$,IFCLABEL('Bonsai.DumbProfile'),$);
#25710=IFCBEAM('2Lg6mtfPX6jOcjg1BD2Qqm',$,'Beam',$,$,#25736,#25721,$,$);
#25716=IFCRELDEFINESBYPROPERTIES('2YEXbTzPT29P_fpar4gb6n',$,$,$,(#25710),#25717);
#25717=IFCPROPERTYSET('2C0S4Cakf9Tv0D_xALXYtd',$,'EPset_Parametric',$,(#25718));
#25718=IFCPROPERTYSINGLEVALUE('Engine',$,IFCLABEL('Bonsai.DumbProfile'),$);
#25719=IFCRELASSOCIATESMATERIAL('3797Hx6pX9Ef_aPcTk1IIs',$,$,$,(#25710),#25720);
#25720=IFCMATERIALPROFILESETUSAGE(#24816,7,$);
#25721=IFCPRODUCTDEFINITIONSHAPE($,$,(#27410,#27417));
#25732=IFCCARTESIANPOINT((-3.0243015289306641,2.909895658493042,3.));
#25733=IFCDIRECTION((0.99999999999996203,-1.9470716949853511E-07,1.9470718370938983E-07));
#25734=IFCDIRECTION((1.9470718370939216E-07,0.99999999999997402,-1.1920928955077815E-07));
#25735=IFCAXIS2PLACEMENT3D(#25732,#25733,#25734);
#25736=IFCLOCALPLACEMENT(#21478,#25735);
#25737=IFCBEAM('38CBQ9C8HB6AMyl3Fq9zHF',$,'Beam',$,$,#25790,#25748,$,$);
#25743=IFCRELDEFINESBYPROPERTIES('1Pe3deU4j7wfh0urLW_LFL',$,$,$,(#25737),#25744);
#25744=IFCPROPERTYSET('0gAvQ7n9D1PhWj999IVa0c',$,'EPset_Parametric',$,(#25745));
#25745=IFCPROPERTYSINGLEVALUE('Engine',$,IFCLABEL('Bonsai.DumbProfile'),$);
#25746=IFCRELASSOCIATESMATERIAL('1FRGzQsW9DLfAUCDyJxkP6',$,$,$,(#25737),#25747);
#25747=IFCMATERIALPROFILESETUSAGE(#24816,7,$);
#25748=IFCPRODUCTDEFINITIONSHAPE($,$,(#27210,#27217));
#25759=IFCBEAM('3NWaSLq4P0G9Oiwp$etUNI',$,'Beam',$,$,#25795,#25770,$,$);
#25760=IFCMATERIALPROFILESETUSAGE(#24816,7,$);
#25761=IFCRELASSOCIATESMATERIAL('3x3opue3b6xgFuk7VH7izD',$,$,$,(#25759),#25760);
#25770=IFCPRODUCTDEFINITIONSHAPE($,$,(#27360,#27367));
#25778=IFCPROPERTYSET('1e59icT9P489Mi61AKiRkV',$,'EPset_Parametric',$,(#25780));
#25779=IFCRELDEFINESBYPROPERTIES('0nlkASOoXEMhR6cAZb5M84',$,$,$,(#25759),#25778);
#25780=IFCPROPERTYSINGLEVALUE('Engine',$,IFCLABEL('Bonsai.DumbProfile'),$);
#25781=IFCCARTESIANPOINT((0.47660550475120544,6.7665681838989258,3.0000004768371582));
#25782=IFCDIRECTION((-1.1532314658779763E-08,-0.99999999999999711,7.5497901264043109E-08));
#25783=IFCDIRECTION((1.,-1.1532314658779796E-08,6.2803697272511487E-16));
#25784=IFCAXIS2PLACEMENT3D(#25781,#25782,#25783);
#25785=IFCLOCALPLACEMENT(#21478,#25784);
#25786=IFCCARTESIANPOINT((-3.0233926773071289,0.15989494323730469,3.));
#25787=IFCDIRECTION((0.99999999999996203,-1.9470716949853511E-07,1.9470718370938983E-07));
#25788=IFCDIRECTION((1.9470718370939216E-07,0.99999999999997402,-1.1920928955077815E-07));
#25789=IFCAXIS2PLACEMENT3D(#25786,#25787,#25788);
#25790=IFCLOCALPLACEMENT(#21478,#25789);
#25791=IFCCARTESIANPOINT((-2.5243015289306641,5.3114862442016602,3.));
#25792=IFCDIRECTION((0.00016081338276558083,-0.99999998706952509,7.5497897682417708E-08));
#25793=IFCDIRECTION((0.99999998706952709,0.00016081338773227163,-5.1448788140384238E-12));
#25794=IFCAXIS2PLACEMENT3D(#25791,#25792,#25793);
#25795=IFCLOCALPLACEMENT(#21478,#25794);
#25796=IFCCARTESIANPOINT((-2.7743015289306641,5.0598959922790527,0.));
#25797=IFCDIRECTION((0.,0.,1.));
#25798=IFCDIRECTION((1.,0.,0.));
#25799=IFCAXIS2PLACEMENT3D(#25796,#25797,#25798);
#25800=IFCLOCALPLACEMENT(#21478,#25799);
#25801=IFCCARTESIANPOINT((4.2335424423217773,5.0598959922790527,0.));
#25802=IFCDIRECTION((0.,0.,1.));
#25803=IFCDIRECTION((1.,0.,0.));
#25804=IFCAXIS2PLACEMENT3D(#25801,#25802,#25803);
#25805=IFCLOCALPLACEMENT(#21478,#25804);
#25806=IFCCARTESIANPOINT((0.22569656372070312,5.0598964691162109,4.76837158203125E-07));
#25807=IFCDIRECTION((0.,0.,1.));
#25808=IFCDIRECTION((1.,0.,0.));
#25809=IFCAXIS2PLACEMENT3D(#25806,#25807,#25808);
#25810=IFCLOCALPLACEMENT(#21478,#25809);
#25811=IFCCARTESIANPOINT((4.2335414886474609,-2.5901060104370117,0.));
#25812=IFCDIRECTION((0.,0.,1.));
#25813=IFCDIRECTION((1.,0.,0.));
#25814=IFCAXIS2PLACEMENT3D(#25811,#25812,#25813);
#25815=IFCLOCALPLACEMENT(#21478,#25814);
#25816=IFCROOF('2aRjTamL94bgTxycyebKAM',$,'Roof',$,$,#25842,#25825,$,.HIP_ROOF.);
#25817=IFCRELDEFINESBYTYPE('0E77ZsEynDDA91tLmDLKZE',$,$,$,(#25816),#15425);
#25818=IFCCARTESIANPOINT((0.,0.,0.));
#25819=IFCDIRECTION((1.,0.,0.));
#25820=IFCDIRECTION((0.,1.,0.));
#25821=IFCDIRECTION((0.,0.,1.));
#25822=IFCCARTESIANTRANSFORMATIONOPERATOR3D(#25819,#25820,#25818,1.,#25821);
#25823=IFCMAPPEDITEM(#15455,#25822);
#25824=IFCSHAPEREPRESENTATION(#11,'Body','MappedRepresentation',(#25823));
#25825=IFCPRODUCTDEFINITIONSHAPE($,$,(#25824,#26307));
#25838=IFCCARTESIANPOINT((0.55346512794494629,1.8277335166931152,0.10154247283935547));
#25839=IFCDIRECTION((0.,0.,1.));
#25840=IFCDIRECTION((1.,0.,0.));
#25841=IFCAXIS2PLACEMENT3D(#25838,#25839,#25840);
#25842=IFCLOCALPLACEMENT(#21593,#25841);
#26273=IFCINDEXEDPOLYGONALFACE((1,2,3));
#26274=IFCINDEXEDPOLYGONALFACE((3,4,1));
#26275=IFCINDEXEDPOLYGONALFACE((2,1,5));
#26276=IFCINDEXEDPOLYGONALFACE((4,5,1));
#26277=IFCINDEXEDPOLYGONALFACE((6,7,8));
#26278=IFCINDEXEDPOLYGONALFACE((8,3,2));
#26279=IFCINDEXEDPOLYGONALFACE((2,6,8));
#26280=IFCINDEXEDPOLYGONALFACE((8,7,9));
#26281=IFCINDEXEDPOLYGONALFACE((3,8,9));
#26282=IFCINDEXEDPOLYGONALFACE((9,4,3));
#26283=IFCINDEXEDPOLYGONALFACE((10,7,6));
#26284=IFCINDEXEDPOLYGONALFACE((5,6,2));
#26285=IFCINDEXEDPOLYGONALFACE((5,10,6));
#26286=IFCINDEXEDPOLYGONALFACE((9,7,10));
#26287=IFCINDEXEDPOLYGONALFACE((4,9,10));
#26288=IFCINDEXEDPOLYGONALFACE((10,5,4));
#26289=IFCCARTESIANPOINTLIST3D(((0.,0.,0.88163489103317261),(-5.,-5.,0.),(5.,-5.,0.),(5.,5.,0.),(-5.,5.,0.),(-5.,-5.,-0.10154265910387039),(0.,0.,0.78009223937988281),(5.,-5.,-0.10154265910387039),(5.,5.,-0.10154265910387039),(-5.,5.,-0.10154265910387039)));
#26290=IFCPOLYGONALFACESET(#26289,.T.,(#26273,#26274,#26275,#26276,#26277,#26278,#26279,#26280,#26281,#26282,#26283,#26284,#26285,#26286,#26287,#26288),$);
#26291=IFCSHAPEREPRESENTATION(#11,'Body','Tessellation',(#26290));
#26293=IFCCARTESIANPOINT((-5.,-5.,-0.10154265910387039));
#26294=IFCBOUNDINGBOX(#26293,10.,10.,0.9831775426864624);
#26295=IFCSHAPEREPRESENTATION(#13,'Box','BoundingBox',(#26294));
#26296=IFCCARTESIANPOINT((0.,0.,0.));
#26297=IFCDIRECTION((1.,0.,0.));
#26298=IFCDIRECTION((0.,0.,1.));
#26299=IFCAXIS2PLACEMENT3D(#26296,#26298,#26297);
#26300=IFCREPRESENTATIONMAP(#26299,#26295);
#26301=IFCCARTESIANPOINT((0.,0.,0.));
#26302=IFCDIRECTION((1.,0.,0.));
#26303=IFCDIRECTION((0.,1.,0.));
#26304=IFCDIRECTION((0.,0.,1.));
#26305=IFCCARTESIANTRANSFORMATIONOPERATOR3D(#26302,#26303,#26301,1.,#26304);
#26306=IFCMAPPEDITEM(#26300,#26305);
#26307=IFCSHAPEREPRESENTATION(#13,'Box','MappedRepresentation',(#26306));
#27168=IFCCARTESIANPOINTLIST3D(((0.,0.,0.),(0.,0.,3.)));
#27169=IFCINDEXEDPOLYCURVE(#27168,$,.F.);
#27170=IFCSHAPEREPRESENTATION(#12,'Axis','Curve3D',(#27169));
#27171=IFCCARTESIANPOINT((0.,0.,0.));
#27172=IFCDIRECTION((0.,0.,1.));
#27173=IFCDIRECTION((1.,0.,0.));
#27174=IFCAXIS2PLACEMENT3D(#27171,#27172,#27173);
#27175=IFCDIRECTION((0.,0.,1.));
#27176=IFCEXTRUDEDAREASOLID(#24365,#27174,#27175,3.);
#27177=IFCSHAPEREPRESENTATION(#11,'Body','SweptSolid',(#27176));
#27178=IFCCARTESIANPOINTLIST3D(((0.,0.,0.),(0.,0.,3.)));
#27179=IFCINDEXEDPOLYCURVE(#27178,$,.F.);
#27180=IFCSHAPEREPRESENTATION(#12,'Axis','Curve3D',(#27179));
#27181=IFCCARTESIANPOINT((0.,0.,0.));
#27182=IFCDIRECTION((0.,0.,1.));
#27183=IFCDIRECTION((1.,0.,0.));
#27184=IFCAXIS2PLACEMENT3D(#27181,#27182,#27183);
#27185=IFCDIRECTION((0.,0.,1.));
#27186=IFCEXTRUDEDAREASOLID(#24365,#27184,#27185,3.);
#27187=IFCSHAPEREPRESENTATION(#11,'Body','SweptSolid',(#27186));
#27188=IFCCARTESIANPOINTLIST3D(((0.,0.,0.),(0.,0.,3.)));
#27189=IFCINDEXEDPOLYCURVE(#27188,$,.F.);
#27190=IFCSHAPEREPRESENTATION(#12,'Axis','Curve3D',(#27189));
#27191=IFCCARTESIANPOINT((0.,0.,0.));
#27192=IFCDIRECTION((0.,0.,1.));
#27193=IFCDIRECTION((1.,0.,0.));
#27194=IFCAXIS2PLACEMENT3D(#27191,#27192,#27193);
#27195=IFCDIRECTION((0.,0.,1.));
#27196=IFCEXTRUDEDAREASOLID(#24365,#27194,#27195,3.);
#27197=IFCSHAPEREPRESENTATION(#11,'Body','SweptSolid',(#27196));
#27198=IFCCARTESIANPOINTLIST3D(((1.5735999170374271E-08,-1.0158798247061895E-08,-1.0050726473309624E-07),(2.232122540135606E-07,-1.0007960327129695E-07,7.5069365501403809)));
#27199=IFCINDEXEDPOLYCURVE(#27198,$,.F.);
#27200=IFCSHAPEREPRESENTATION(#12,'Axis','Curve3D',(#27199));
#27201=IFCCARTESIANPOINT((-0.25,-0.25,0.));
#27202=IFCDIRECTION((0.,0.,1.));
#27203=IFCDIRECTION((1.,0.,0.));
#27204=IFCAXIS2PLACEMENT3D(#27201,#27202,#27203);
#27205=IFCDIRECTION((0.,0.,1.));
#27206=IFCEXTRUDEDAREASOLID(#24365,#27204,#27205,7.5069364896065727);
#27207=IFCSHAPEREPRESENTATION(#11,'Body','SweptSolid',(#27206));
#27208=IFCCARTESIANPOINTLIST3D(((7.3701471592357848E-09,1.3089999129078933E-07,-5.4982368880018839E-08),(8.8874116954684723E-09,9.958034752344247E-08,7.5078439712524414)));
#27209=IFCINDEXEDPOLYCURVE(#27208,$,.F.);
#27210=IFCSHAPEREPRESENTATION(#12,'Axis','Curve3D',(#27209));
#27211=IFCCARTESIANPOINT((-0.25,-0.25,0.));
#27212=IFCDIRECTION((0.,0.,1.));
#27213=IFCDIRECTION((1.,0.,0.));
#27214=IFCAXIS2PLACEMENT3D(#27211,#27212,#27213);
#27215=IFCDIRECTION((0.,0.,1.));
#27216=IFCEXTRUDEDAREASOLID(#24365,#27214,#27215,7.5078440019503176);
#27217=IFCSHAPEREPRESENTATION(#11,'Body','SweptSolid',(#27216));
#27218=IFCCARTESIANPOINTLIST3D(((0.,0.,0.),(0.,0.,3.)));
#27219=IFCINDEXEDPOLYCURVE(#27218,$,.F.);
#27220=IFCSHAPEREPRESENTATION(#12,'Axis','Curve3D',(#27219));
#27221=IFCCARTESIANPOINT((0.,0.,0.));
#27222=IFCDIRECTION((0.,0.,1.));
#27223=IFCDIRECTION((1.,0.,0.));
#27224=IFCAXIS2PLACEMENT3D(#27221,#27222,#27223);
#27225=IFCDIRECTION((0.,0.,1.));
#27226=IFCEXTRUDEDAREASOLID(#24365,#27224,#27225,3.);
#27227=IFCSHAPEREPRESENTATION(#11,'Body','SweptSolid',(#27226));
#27228=IFCCARTESIANPOINTLIST3D(((0.,-7.8130199199222261E-08,2.2649371089755732E-07),(0.,-2.5677218573605387E-08,5.6211385726928711)));
#27229=IFCINDEXEDPOLYCURVE(#27228,$,.F.);
#27230=IFCSHAPEREPRESENTATION(#12,'Axis','Curve3D',(#27229));
#27231=IFCCARTESIANPOINT((-0.25,-0.25,0.));
#27232=IFCDIRECTION((0.,0.,1.));
#27233=IFCDIRECTION((1.,0.,0.));
#27234=IFCAXIS2PLACEMENT3D(#27231,#27232,#27233);
#27235=IFCDIRECTION((0.,0.,1.));
#27236=IFCEXTRUDEDAREASOLID(#24365,#27234,#27235,5.6211385400404739);
#27237=IFCSHAPEREPRESENTATION(#11,'Body','SweptSolid',(#27236));
#27238=IFCCARTESIANPOINTLIST3D(((0.,0.,0.),(0.,0.,3.)));
#27239=IFCINDEXEDPOLYCURVE(#27238,$,.F.);
#27240=IFCSHAPEREPRESENTATION(#12,'Axis','Curve3D',(#27239));
#27241=IFCCARTESIANPOINT((0.,0.,0.));
#27242=IFCDIRECTION((0.,0.,1.));
#27243=IFCDIRECTION((1.,0.,0.));
#27244=IFCAXIS2PLACEMENT3D(#27241,#27242,#27243);
#27245=IFCDIRECTION((0.,0.,1.));
#27246=IFCEXTRUDEDAREASOLID(#24365,#27244,#27245,3.);
#27247=IFCSHAPEREPRESENTATION(#11,'Body','SweptSolid',(#27246));
#27248=IFCCARTESIANPOINTLIST3D(((-2.3277905825125345E-07,2.1670358307801507E-07,-2.3776294710842194E-07),(-2.3254622760759958E-07,6.2033535641603521E-08,9.6066732406616211)));
#27249=IFCINDEXEDPOLYCURVE(#27248,$,.F.);
#27250=IFCSHAPEREPRESENTATION(#12,'Axis','Curve3D',(#27249));
#27251=IFCCARTESIANPOINT((-0.25,-0.25,0.));
#27252=IFCDIRECTION((0.,0.,1.));
#27253=IFCDIRECTION((1.,0.,0.));
#27254=IFCAXIS2PLACEMENT3D(#27251,#27252,#27253);
#27255=IFCDIRECTION((0.,0.,1.));
#27256=IFCEXTRUDEDAREASOLID(#24365,#27254,#27255,9.6066732372273034);
#27257=IFCSHAPEREPRESENTATION(#11,'Body','SweptSolid',(#27256));
#27258=IFCCARTESIANPOINTLIST3D(((0.,0.,0.),(0.,0.,3.)));
#27259=IFCINDEXEDPOLYCURVE(#27258,$,.F.);
#27260=IFCSHAPEREPRESENTATION(#12,'Axis','Curve3D',(#27259));
#27261=IFCCARTESIANPOINT((0.,0.,0.));
#27262=IFCDIRECTION((0.,0.,1.));
#27263=IFCDIRECTION((1.,0.,0.));
#27264=IFCAXIS2PLACEMENT3D(#27261,#27262,#27263);
#27265=IFCDIRECTION((0.,0.,1.));
#27266=IFCEXTRUDEDAREASOLID(#24365,#27264,#27265,3.);
#27267=IFCSHAPEREPRESENTATION(#11,'Body','SweptSolid',(#27266));
#27268=IFCCARTESIANPOINTLIST3D(((0.,0.,0.),(0.,0.,3.)));
#27269=IFCINDEXEDPOLYCURVE(#27268,$,.F.);
#27270=IFCSHAPEREPRESENTATION(#12,'Axis','Curve3D',(#27269));
#27271=IFCCARTESIANPOINT((0.,0.,0.));
#27272=IFCDIRECTION((0.,0.,1.));
#27273=IFCDIRECTION((1.,0.,0.));
#27274=IFCAXIS2PLACEMENT3D(#27271,#27272,#27273);
#27275=IFCDIRECTION((0.,0.,1.));
#27276=IFCEXTRUDEDAREASOLID(#24365,#27274,#27275,3.);
#27277=IFCSHAPEREPRESENTATION(#11,'Body','SweptSolid',(#27276));
#27278=IFCCARTESIANPOINTLIST3D(((-1.9990545752079925E-07,-3.1832712465984514E-08,1.1489746043480409E-07),(-2.3104826141207013E-07,-6.2975573200674262E-08,7.5069360733032227)));
#27279=IFCINDEXEDPOLYCURVE(#27278,$,.F.);
#27280=IFCSHAPEREPRESENTATION(#12,'Axis','Curve3D',(#27279));
#27281=IFCCARTESIANPOINT((-0.25,-0.25,0.));
#27282=IFCDIRECTION((0.,0.,1.));
#27283=IFCDIRECTION((1.,0.,0.));
#27284=IFCAXIS2PLACEMENT3D(#27281,#27282,#27283);
#27285=IFCDIRECTION((0.,0.,1.));
#27286=IFCEXTRUDEDAREASOLID(#24365,#27284,#27285,7.5069359814503507);
#27287=IFCSHAPEREPRESENTATION(#11,'Body','SweptSolid',(#27286));
#27288=IFCCARTESIANPOINTLIST3D(((8.7106855062302202E-09,-1.2123986437018175E-07,1.7350483005884598E-07),(7.3702040026546456E-09,-1.523827251048715E-07,7.5069360733032227)));
#27289=IFCINDEXEDPOLYCURVE(#27288,$,.F.);
#27290=IFCSHAPEREPRESENTATION(#12,'Axis','Curve3D',(#27289));
#27291=IFCCARTESIANPOINT((-0.25,-0.25,0.));
#27292=IFCDIRECTION((0.,0.,1.));
#27293=IFCDIRECTION((1.,0.,0.));
#27294=IFCAXIS2PLACEMENT3D(#27291,#27292,#27293);
#27295=IFCDIRECTION((0.,0.,1.));
#27296=IFCEXTRUDEDAREASOLID(#24365,#27294,#27295,7.506935981450356);
#27297=IFCSHAPEREPRESENTATION(#11,'Body','SweptSolid',(#27296));
#27298=IFCCARTESIANPOINTLIST3D(((0.,0.,0.),(0.,0.,3.)));
#27299=IFCINDEXEDPOLYCURVE(#27298,$,.F.);
#27300=IFCSHAPEREPRESENTATION(#12,'Axis','Curve3D',(#27299));
#27301=IFCCARTESIANPOINT((0.,0.,0.));
#27302=IFCDIRECTION((0.,0.,1.));
#27303=IFCDIRECTION((1.,0.,0.));
#27304=IFCAXIS2PLACEMENT3D(#27301,#27302,#27303);
#27305=IFCDIRECTION((0.,0.,1.));
#27306=IFCEXTRUDEDAREASOLID(#24365,#27304,#27305,3.);
#27307=IFCSHAPEREPRESENTATION(#11,'Body','SweptSolid',(#27306));
#27308=IFCCARTESIANPOINTLIST3D(((0.,0.,0.),(0.,0.,3.)));
#27309=IFCINDEXEDPOLYCURVE(#27308,$,.F.);
#27310=IFCSHAPEREPRESENTATION(#12,'Axis','Curve3D',(#27309));
#27311=IFCCARTESIANPOINT((0.,0.,0.));
#27312=IFCDIRECTION((0.,0.,1.));
#27313=IFCDIRECTION((1.,0.,0.));
#27314=IFCAXIS2PLACEMENT3D(#27311,#27312,#27313);
#27315=IFCDIRECTION((0.,0.,1.));
#27316=IFCEXTRUDEDAREASOLID(#24365,#27314,#27315,3.);
#27317=IFCSHAPEREPRESENTATION(#11,'Body','SweptSolid',(#27316));
#27318=IFCCARTESIANPOINTLIST3D(((0.,0.,0.),(0.,0.,3.)));
#27319=IFCINDEXEDPOLYCURVE(#27318,$,.F.);
#27320=IFCSHAPEREPRESENTATION(#12,'Axis','Curve3D',(#27319));
#27321=IFCCARTESIANPOINT((0.,0.,0.));
#27322=IFCDIRECTION((0.,0.,1.));
#27323=IFCDIRECTION((1.,0.,0.));
#27324=IFCAXIS2PLACEMENT3D(#27321,#27322,#27323);
#27325=IFCDIRECTION((0.,0.,1.));
#27326=IFCEXTRUDEDAREASOLID(#24365,#27324,#27325,3.);
#27327=IFCSHAPEREPRESENTATION(#11,'Body','SweptSolid',(#27326));
#27328=IFCCARTESIANPOINTLIST3D(((1.137278005103326E-08,3.402453785383841E-08,-2.9346072238922716E-08),(3.9222021186446909E-09,-2.5677218573605387E-08,7.1066732406616211)));
#27329=IFCINDEXEDPOLYCURVE(#27328,$,.F.);
#27330=IFCSHAPEREPRESENTATION(#12,'Axis','Curve3D',(#27329));
#27331=IFCCARTESIANPOINT((-0.25,-0.25,0.));
#27332=IFCDIRECTION((0.,0.,1.));
#27333=IFCDIRECTION((1.,0.,0.));
#27334=IFCAXIS2PLACEMENT3D(#27331,#27332,#27333);
#27335=IFCDIRECTION((0.,0.,1.));
#27336=IFCEXTRUDEDAREASOLID(#24365,#27334,#27335,7.1066731108063257);
#27337=IFCSHAPEREPRESENTATION(#11,'Body','SweptSolid',(#27336));
#27338=IFCCARTESIANPOINTLIST3D(((0.,0.,0.),(0.,0.,3.)));
#27339=IFCINDEXEDPOLYCURVE(#27338,$,.F.);
#27340=IFCSHAPEREPRESENTATION(#12,'Axis','Curve3D',(#27339));
#27341=IFCCARTESIANPOINT((0.,0.,0.));
#27342=IFCDIRECTION((0.,0.,1.));
#27343=IFCDIRECTION((1.,0.,0.));
#27344=IFCAXIS2PLACEMENT3D(#27341,#27342,#27343);
#27345=IFCDIRECTION((0.,0.,1.));
#27346=IFCEXTRUDEDAREASOLID(#24365,#27344,#27345,3.);
#27347=IFCSHAPEREPRESENTATION(#11,'Body','SweptSolid',(#27346));
#27348=IFCCARTESIANPOINTLIST3D(((0.,0.,0.),(0.,0.,3.)));
#27349=IFCINDEXEDPOLYCURVE(#27348,$,.F.);
#27350=IFCSHAPEREPRESENTATION(#12,'Axis','Curve3D',(#27349));
#27351=IFCCARTESIANPOINT((0.,0.,0.));
#27352=IFCDIRECTION((0.,0.,1.));
#27353=IFCDIRECTION((1.,0.,0.));
#27354=IFCAXIS2PLACEMENT3D(#27351,#27352,#27353);
#27355=IFCDIRECTION((0.,0.,1.));
#27356=IFCEXTRUDEDAREASOLID(#24365,#27354,#27355,3.);
#27357=IFCSHAPEREPRESENTATION(#11,'Body','SweptSolid',(#27356));
#27358=IFCCARTESIANPOINTLIST3D(((-9.5666052857268369E-08,-7.5813417765857594E-08,-1.7696496001917694E-07),(-9.539320444673649E-08,-2.5659456781568224E-08,5.6515903472900391)));
#27359=IFCINDEXEDPOLYCURVE(#27358,$,.F.);
#27360=IFCSHAPEREPRESENTATION(#12,'Axis','Curve3D',(#27359));
#27361=IFCCARTESIANPOINT((-0.25,-0.25,0.));
#27362=IFCDIRECTION((0.,0.,1.));
#27363=IFCDIRECTION((1.,0.,0.));
#27364=IFCAXIS2PLACEMENT3D(#27361,#27362,#27363);
#27365=IFCDIRECTION((0.,0.,1.));
#27366=IFCEXTRUDEDAREASOLID(#24365,#27364,#27365,5.6515899232414375);
#27367=IFCSHAPEREPRESENTATION(#11,'Body','SweptSolid',(#27366));
#27368=IFCCARTESIANPOINTLIST3D(((0.,0.,0.),(0.,0.,3.)));
#27369=IFCINDEXEDPOLYCURVE(#27368,$,.F.);
#27370=IFCSHAPEREPRESENTATION(#12,'Axis','Curve3D',(#27369));
#27371=IFCCARTESIANPOINT((0.,0.,0.));
#27372=IFCDIRECTION((0.,0.,1.));
#27373=IFCDIRECTION((1.,0.,0.));
#27374=IFCAXIS2PLACEMENT3D(#27371,#27372,#27373);
#27375=IFCDIRECTION((0.,0.,1.));
#27376=IFCEXTRUDEDAREASOLID(#24365,#27374,#27375,3.);
#27377=IFCSHAPEREPRESENTATION(#11,'Body','SweptSolid',(#27376));
#27378=IFCCARTESIANPOINTLIST3D(((0.,0.,0.),(0.,0.,3.)));
#27379=IFCINDEXEDPOLYCURVE(#27378,$,.F.);
#27380=IFCSHAPEREPRESENTATION(#12,'Axis','Curve3D',(#27379));
#27381=IFCCARTESIANPOINT((0.,0.,0.));
#27382=IFCDIRECTION((0.,0.,1.));
#27383=IFCDIRECTION((1.,0.,0.));
#27384=IFCAXIS2PLACEMENT3D(#27381,#27382,#27383);
#27385=IFCDIRECTION((0.,0.,1.));
#27386=IFCEXTRUDEDAREASOLID(#24365,#27384,#27385,3.);
#27387=IFCSHAPEREPRESENTATION(#11,'Body','SweptSolid',(#27386));
#27388=IFCCARTESIANPOINTLIST3D(((0.,0.,0.),(0.,0.,3.)));
#27389=IFCINDEXEDPOLYCURVE(#27388,$,.F.);
#27390=IFCSHAPEREPRESENTATION(#12,'Axis','Curve3D',(#27389));
#27391=IFCCARTESIANPOINT((0.,0.,0.));
#27392=IFCDIRECTION((0.,0.,1.));
#27393=IFCDIRECTION((1.,0.,0.));
#27394=IFCAXIS2PLACEMENT3D(#27391,#27392,#27393);
#27395=IFCDIRECTION((0.,0.,1.));
#27396=IFCEXTRUDEDAREASOLID(#24365,#27394,#27395,3.);
#27397=IFCSHAPEREPRESENTATION(#11,'Body','SweptSolid',(#27396));
#27398=IFCCARTESIANPOINTLIST3D(((0.,0.,0.),(0.,0.,3.)));
#27399=IFCINDEXEDPOLYCURVE(#27398,$,.F.);
#27400=IFCSHAPEREPRESENTATION(#12,'Axis','Curve3D',(#27399));
#27401=IFCCARTESIANPOINT((0.,0.,0.));
#27402=IFCDIRECTION((0.,0.,1.));
#27403=IFCDIRECTION((1.,0.,0.));
#27404=IFCAXIS2PLACEMENT3D(#27401,#27402,#27403);
#27405=IFCDIRECTION((0.,0.,1.));
#27406=IFCEXTRUDEDAREASOLID(#24365,#27404,#27405,3.);
#27407=IFCSHAPEREPRESENTATION(#11,'Body','SweptSolid',(#27406));
#27408=IFCCARTESIANPOINTLIST3D(((-1.1201609595445916E-07,-1.7934468132807524E-08,-1.1359003337929607E-07),(-8.0696509030531161E-08,-4.9254111900154385E-08,7.5078439712524414)));
#27409=IFCINDEXEDPOLYCURVE(#27408,$,.F.);
#27410=IFCSHAPEREPRESENTATION(#12,'Axis','Curve3D',(#27409));
#27411=IFCCARTESIANPOINT((-0.25,-0.25,0.));
#27412=IFCDIRECTION((0.,0.,1.));
#27413=IFCDIRECTION((1.,0.,0.));
#27414=IFCAXIS2PLACEMENT3D(#27411,#27412,#27413);
#27415=IFCDIRECTION((0.,0.,1.));
#27416=IFCEXTRUDEDAREASOLID(#24365,#27414,#27415,7.5078440019503123);
#27417=IFCSHAPEREPRESENTATION(#11,'Body','SweptSolid',(#27416));
#27418=IFCCARTESIANPOINTLIST3D(((1.1465420612921662E-07,9.5937416233482509E-08,-1.3581029634224251E-09),(3.8513007893925533E-08,1.7207855762535473E-07,4.5069379806518555)));
#27419=IFCINDEXEDPOLYCURVE(#27418,$,.F.);
#27420=IFCSHAPEREPRESENTATION(#12,'Axis','Curve3D',(#27419));
#27421=IFCCARTESIANPOINT((-0.25,-0.25,0.));
#27422=IFCDIRECTION((0.,0.,1.));
#27423=IFCDIRECTION((1.,0.,0.));
#27424=IFCAXIS2PLACEMENT3D(#27421,#27422,#27423);
#27425=IFCDIRECTION((0.,0.,1.));
#27426=IFCEXTRUDEDAREASOLID(#24365,#27424,#27425,4.5069380363234037);
#27427=IFCSHAPEREPRESENTATION(#11,'Body','SweptSolid',(#27426));
#27428=IFCCARTESIANPOINTLIST3D(((0.,0.,0.),(0.,0.,3.)));
#27429=IFCINDEXEDPOLYCURVE(#27428,$,.F.);
#27430=IFCSHAPEREPRESENTATION(#12,'Axis','Curve3D',(#27429));
#27431=IFCCARTESIANPOINT((0.,0.,0.));
#27432=IFCDIRECTION((0.,0.,1.));
#27433=IFCDIRECTION((1.,0.,0.));
#27434=IFCAXIS2PLACEMENT3D(#27431,#27432,#27433);
#27435=IFCDIRECTION((0.,0.,1.));
#27436=IFCEXTRUDEDAREASOLID(#24365,#27434,#27435,3.);
#27437=IFCSHAPEREPRESENTATION(#11,'Body','SweptSolid',(#27436));
#27438=IFCCARTESIANPOINTLIST3D(((0.,0.,0.),(0.,0.,3.)));
#27439=IFCINDEXEDPOLYCURVE(#27438,$,.F.);
#27440=IFCSHAPEREPRESENTATION(#12,'Axis','Curve3D',(#27439));
#27441=IFCCARTESIANPOINT((0.,0.,0.));
#27442=IFCDIRECTION((0.,0.,1.));
#27443=IFCDIRECTION((1.,0.,0.));
#27444=IFCAXIS2PLACEMENT3D(#27441,#27442,#27443);
#27445=IFCDIRECTION((0.,0.,1.));
#27446=IFCEXTRUDEDAREASOLID(#24365,#27444,#27445,3.);
#27447=IFCSHAPEREPRESENTATION(#11,'Body','SweptSolid',(#27446));
#27448=IFCCARTESIANPOINTLIST3D(((-1.2376463587315811E-07,-3.5988342972359533E-08,-1.462069576518843E-09),(-1.9990579858131241E-07,4.0152769997803262E-08,4.5069379806518555)));
#27449=IFCINDEXEDPOLYCURVE(#27448,$,.F.);
#27450=IFCSHAPEREPRESENTATION(#12,'Axis','Curve3D',(#27449));
#27451=IFCCARTESIANPOINT((-0.25,-0.25,0.));
#27452=IFCDIRECTION((0.,0.,1.));
#27453=IFCDIRECTION((1.,0.,0.));
#27454=IFCAXIS2PLACEMENT3D(#27451,#27452,#27453);
#27455=IFCDIRECTION((0.,0.,1.));
#27456=IFCEXTRUDEDAREASOLID(#24365,#27454,#27455,4.5069380363234037);
#27457=IFCSHAPEREPRESENTATION(#11,'Body','SweptSolid',(#27456));
#27458=IFCCARTESIANPOINTLIST3D(((0.,0.,0.),(0.,0.,3.)));
#27459=IFCINDEXEDPOLYCURVE(#27458,$,.F.);
#27460=IFCSHAPEREPRESENTATION(#12,'Axis','Curve3D',(#27459));
#27461=IFCCARTESIANPOINT((0.,0.,0.));
#27462=IFCDIRECTION((0.,0.,1.));
#27463=IFCDIRECTION((1.,0.,0.));
#27464=IFCAXIS2PLACEMENT3D(#27461,#27462,#27463);
#27465=IFCDIRECTION((0.,0.,1.));
#27466=IFCEXTRUDEDAREASOLID(#24365,#27464,#27465,3.);
#27467=IFCSHAPEREPRESENTATION(#11,'Body','SweptSolid',(#27466));
#27468=IFCCARTESIANPOINTLIST3D(((0.,2.7244311695540091E-07,-2.5034344730556768E-07),(0.,2.6241531259074691E-07,9.6066722869873047)));
#27469=IFCINDEXEDPOLYCURVE(#27468,$,.F.);
#27470=IFCSHAPEREPRESENTATION(#12,'Axis','Curve3D',(#27469));
#27471=IFCCARTESIANPOINT((-0.25,-0.25,0.));
#27472=IFCDIRECTION((0.,0.,1.));
#27473=IFCDIRECTION((1.,0.,0.));
#27474=IFCAXIS2PLACEMENT3D(#27471,#27472,#27473);
#27475=IFCDIRECTION((0.,0.,1.));
#27476=IFCEXTRUDEDAREASOLID(#24365,#27474,#27475,9.6066712087937987);
#27477=IFCSHAPEREPRESENTATION(#11,'Body','SweptSolid',(#27476));
#27478=IFCCARTESIANPOINTLIST3D(((0.,0.,0.),(0.,0.,3.)));
#27479=IFCINDEXEDPOLYCURVE(#27478,$,.F.);
#27480=IFCSHAPEREPRESENTATION(#12,'Axis','Curve3D',(#27479));
#27481=IFCCARTESIANPOINT((0.,0.,0.));
#27482=IFCDIRECTION((0.,0.,1.));
#27483=IFCDIRECTION((1.,0.,0.));
#27484=IFCAXIS2PLACEMENT3D(#27481,#27482,#27483);
#27485=IFCDIRECTION((0.,0.,1.));
#27486=IFCEXTRUDEDAREASOLID(#24365,#27484,#27485,3.);
#27487=IFCSHAPEREPRESENTATION(#11,'Body','SweptSolid',(#27486));
#27488=IFCCARTESIANPOINTLIST3D(((8.7049102148739621E-08,3.4024605355398307E-08,2.8998678658354038E-07),(8.7049215835577343E-08,2.3996602038778292E-08,9.6066741943359375)));
#27489=IFCINDEXEDPOLYCURVE(#27488,$,.F.);
#27490=IFCSHAPEREPRESENTATION(#12,'Axis','Curve3D',(#27489));
#27491=IFCCARTESIANPOINT((-0.25,-0.25,0.));
#27492=IFCDIRECTION((0.,0.,1.));
#27493=IFCDIRECTION((1.,0.,0.));
#27494=IFCAXIS2PLACEMENT3D(#27491,#27492,#27493);
#27495=IFCDIRECTION((0.,0.,1.));
#27496=IFCEXTRUDEDAREASOLID(#24365,#27494,#27495,9.6066743855003018);
#27497=IFCSHAPEREPRESENTATION(#11,'Body','SweptSolid',(#27496));
#27498=IFCCARTESIANPOINTLIST3D(((0.,0.,0.),(0.,0.,3.)));
#27499=IFCINDEXEDPOLYCURVE(#27498,$,.F.);
#27500=IFCSHAPEREPRESENTATION(#12,'Axis','Curve3D',(#27499));
#27501=IFCCARTESIANPOINT((0.,0.,0.));
#27502=IFCDIRECTION((0.,0.,1.));
#27503=IFCDIRECTION((1.,0.,0.));
#27504=IFCAXIS2PLACEMENT3D(#27501,#27502,#27503);
#27505=IFCDIRECTION((0.,0.,1.));
#27506=IFCEXTRUDEDAREASOLID(#24365,#27504,#27505,3.);
#27507=IFCSHAPEREPRESENTATION(#11,'Body','SweptSolid',(#27506));
#27508=IFCCARTESIANPOINTLIST3D(((0.,0.,0.),(0.,0.,3.)));
#27509=IFCINDEXEDPOLYCURVE(#27508,$,.F.);
#27510=IFCSHAPEREPRESENTATION(#12,'Axis','Curve3D',(#27509));
#27511=IFCCARTESIANPOINT((0.,0.,0.));
#27512=IFCDIRECTION((0.,0.,1.));
#27513=IFCDIRECTION((1.,0.,0.));
#27514=IFCAXIS2PLACEMENT3D(#27511,#27512,#27513);
#27515=IFCDIRECTION((0.,0.,1.));
#27516=IFCEXTRUDEDAREASOLID(#24365,#27514,#27515,3.);
#27517=IFCSHAPEREPRESENTATION(#11,'Body','SweptSolid',(#27516));
#27518=IFCCARTESIANPOINTLIST3D(((0.,0.,0.),(0.,0.,3.)));
#27519=IFCINDEXEDPOLYCURVE(#27518,$,.F.);
#27520=IFCSHAPEREPRESENTATION(#12,'Axis','Curve3D',(#27519));
#27521=IFCCARTESIANPOINT((0.,0.,0.));
#27522=IFCDIRECTION((0.,0.,1.));
#27523=IFCDIRECTION((1.,0.,0.));
#27524=IFCAXIS2PLACEMENT3D(#27521,#27522,#27523);
#27525=IFCDIRECTION((0.,0.,1.));
#27526=IFCEXTRUDEDAREASOLID(#24365,#27524,#27525,3.);
#27527=IFCSHAPEREPRESENTATION(#11,'Body','SweptSolid',(#27526));
#27528=IFCCARTESIANPOINTLIST3D(((0.,0.,0.),(0.,0.,3.)));
#27529=IFCINDEXEDPOLYCURVE(#27528,$,.F.);
#27530=IFCSHAPEREPRESENTATION(#12,'Axis','Curve3D',(#27529));
#27531=IFCCARTESIANPOINT((0.,0.,0.));
#27532=IFCDIRECTION((0.,0.,1.));
#27533=IFCDIRECTION((1.,0.,0.));
#27534=IFCAXIS2PLACEMENT3D(#27531,#27532,#27533);
#27535=IFCDIRECTION((0.,0.,1.));
#27536=IFCEXTRUDEDAREASOLID(#24365,#27534,#27535,3.);
#27537=IFCSHAPEREPRESENTATION(#11,'Body','SweptSolid',(#27536));
#27538=IFCCARTESIANPOINTLIST3D(((-1.9990545752079925E-07,-3.1832712465984514E-08,1.1489746043480409E-07),(-2.3104826141207013E-07,-6.2975573200674262E-08,7.5069360733032227)));
#27539=IFCINDEXEDPOLYCURVE(#27538,$,.F.);
#27540=IFCSHAPEREPRESENTATION(#12,'Axis','Curve3D',(#27539));
#27541=IFCCARTESIANPOINT((-0.25,-0.25,0.));
#27542=IFCDIRECTION((0.,0.,1.));
#27543=IFCDIRECTION((1.,0.,0.));
#27544=IFCAXIS2PLACEMENT3D(#27541,#27542,#27543);
#27545=IFCDIRECTION((0.,0.,1.));
#27546=IFCEXTRUDEDAREASOLID(#24365,#27544,#27545,7.5069359814503507);
#27547=IFCSHAPEREPRESENTATION(#11,'Body','SweptSolid',(#27546));
#27548=IFCCARTESIANPOINTLIST3D(((2.2321255244150962E-07,-1.3833914636052214E-07,4.3429338347777957E-08),(3.8115040013053658E-09,-1.7662742379798146E-09,4.5069370269775391)));
#27549=IFCINDEXEDPOLYCURVE(#27548,$,.F.);
#27550=IFCSHAPEREPRESENTATION(#12,'Axis','Curve3D',(#27549));
#27551=IFCCARTESIANPOINT((-0.25,-0.25,0.));
#27552=IFCDIRECTION((0.,0.,1.));
#27553=IFCDIRECTION((1.,0.,0.));
#27554=IFCAXIS2PLACEMENT3D(#27551,#27552,#27553);
#27555=IFCDIRECTION((0.,0.,1.));
#27556=IFCEXTRUDEDAREASOLID(#24365,#27554,#27555,4.5069369783162943);
#27557=IFCSHAPEREPRESENTATION(#11,'Body','SweptSolid',(#27556));
#27558=IFCCARTESIANPOINTLIST3D(((0.,0.,0.),(0.,0.,3.)));
#27559=IFCINDEXEDPOLYCURVE(#27558,$,.F.);
#27560=IFCSHAPEREPRESENTATION(#12,'Axis','Curve3D',(#27559));
#27561=IFCCARTESIANPOINT((0.,0.,0.));
#27562=IFCDIRECTION((0.,0.,1.));
#27563=IFCDIRECTION((1.,0.,0.));
#27564=IFCAXIS2PLACEMENT3D(#27561,#27562,#27563);
#27565=IFCDIRECTION((0.,0.,1.));
#27566=IFCEXTRUDEDAREASOLID(#24365,#27564,#27565,3.);
#27567=IFCSHAPEREPRESENTATION(#11,'Body','SweptSolid',(#27566));
#27568=IFCCARTESIANPOINTLIST3D(((0.,0.,0.),(0.,0.,3.)));
#27569=IFCINDEXEDPOLYCURVE(#27568,$,.F.);
#27570=IFCSHAPEREPRESENTATION(#12,'Axis','Curve3D',(#27569));
#27571=IFCCARTESIANPOINT((0.,0.,0.));
#27572=IFCDIRECTION((0.,0.,1.));
#27573=IFCDIRECTION((1.,0.,0.));
#27574=IFCAXIS2PLACEMENT3D(#27571,#27572,#27573);
#27575=IFCDIRECTION((0.,0.,1.));
#27576=IFCEXTRUDEDAREASOLID(#24365,#27574,#27575,3.);
#27577=IFCSHAPEREPRESENTATION(#11,'Body','SweptSolid',(#27576));
#27578=IFCCARTESIANPOINTLIST3D(((0.,0.,0.),(0.,0.,3.)));
#27579=IFCINDEXEDPOLYCURVE(#27578,$,.F.);
#27580=IFCSHAPEREPRESENTATION(#12,'Axis','Curve3D',(#27579));
#27581=IFCCARTESIANPOINT((0.,0.,0.));
#27582=IFCDIRECTION((0.,0.,1.));
#27583=IFCDIRECTION((1.,0.,0.));
#27584=IFCAXIS2PLACEMENT3D(#27581,#27582,#27583);
#27585=IFCDIRECTION((0.,0.,1.));
#27586=IFCEXTRUDEDAREASOLID(#24365,#27584,#27585,3.);
#27587=IFCSHAPEREPRESENTATION(#11,'Body','SweptSolid',(#27586));
#27588=IFCCARTESIANPOINTLIST3D(((-3.5043467505602166E-07,2.6835755306819919E-07,-1.0435974218125921E-07),(-3.1911508813209366E-07,2.3703790930085233E-07,7.5078439712524414)));
#27589=IFCINDEXEDPOLYCURVE(#27588,$,.F.);
#27590=IFCSHAPEREPRESENTATION(#12,'Axis','Curve3D',(#27589));
#27591=IFCCARTESIANPOINT((-0.25,-0.25,0.));
#27592=IFCDIRECTION((0.,0.,1.));
#27593=IFCDIRECTION((1.,0.,0.));
#27594=IFCAXIS2PLACEMENT3D(#27591,#27592,#27593);
#27595=IFCDIRECTION((0.,0.,1.));
#27596=IFCEXTRUDEDAREASOLID(#24365,#27594,#27595,7.5078440019503123);
#27597=IFCSHAPEREPRESENTATION(#11,'Body','SweptSolid',(#27596));
#27598=IFCCOLUMN('3oeb11bur0EuEfMEZSqkg9',$,'Column',$,$,#27624,#27609,$,$);
#27604=IFCRELDEFINESBYPROPERTIES('0N4eDcntrBNOheihnfnfAK',$,$,$,(#27598),#27605);
#27605=IFCPROPERTYSET('00mTLWUzX3dRxZIKTpiXnE',$,'EPset_Parametric',$,(#27606));
#27606=IFCPROPERTYSINGLEVALUE('Engine',$,IFCLABEL('Bonsai.DumbProfile'),$);
#27607=IFCRELASSOCIATESMATERIAL('0SjuAKhDPBOe3GkGPnGyFp',$,$,$,(#27598),#27608);
#27608=IFCMATERIALPROFILESETUSAGE(#24366,5,$);
#27609=IFCPRODUCTDEFINITIONSHAPE($,$,(#27610,#27613));
#27610=IFCSHAPEREPRESENTATION(#12,'Axis','Curve3D',(#27611));
#27611=IFCINDEXEDPOLYCURVE(#27612,$,.F.);
#27612=IFCCARTESIANPOINTLIST3D(((0.,0.,0.),(0.,0.,3.)));
#27613=IFCSHAPEREPRESENTATION(#11,'Body','SweptSolid',(#27614));
#27614=IFCEXTRUDEDAREASOLID(#24365,#27615,#27619,3.);
#27615=IFCAXIS2PLACEMENT3D(#27616,#27617,#27618);
#27616=IFCCARTESIANPOINT((0.,0.,0.));
#27617=IFCDIRECTION((0.,0.,1.));
#27618=IFCDIRECTION((1.,0.,0.));
#27619=IFCDIRECTION((0.,0.,1.));
#27620=IFCCARTESIANPOINT((-2.7733922004699707,-2.5901062488555908,0.));
#27621=IFCDIRECTION((0.,0.,1.));
#27622=IFCDIRECTION((1.,0.,0.));
#27623=IFCAXIS2PLACEMENT3D(#27620,#27621,#27622);
#27624=IFCLOCALPLACEMENT(#79,#27623);
ENDSEC;
END-ISO-10303-21;
