ISO-10303-21;
HEADER;
FILE_DESCRIPTION(('ViewDefinition[DesignTransferView]'),'2;1');
FILE_NAME('s03-discussion.ifc','2026-09-30T14:58:57+08:00',(''),(''),'IfcOpenShell 0.8.5-post1','Bonsai 0.8.5-post1','Nobody');
FILE_SCHEMA(('IFC4'));
ENDSEC;
DATA;
#1=IFCPROJECT('0FU1TvpkPAnvokmJ2hjqbC',$,'My Project',$,$,$,$,(#10,#22),#5);
#2=IFCSIUNIT(*,.LENGTHUNIT.,$,.METRE.);
#3=IFCSIUNIT(*,.AREAUNIT.,$,.SQUARE_METRE.);
#4=IFCSIUNIT(*,.VOLUMEUNIT.,$,.CUBIC_METRE.);
#5=IFCUNITASSIGNMENT((#4,#2,#3));
#6=IFCCARTESIANPOINT((0.,0.,0.));
#7=IFCDIRECTION((0.,0.,1.));
#8=IFCDIRECTION((1.,0.,0.));
#9=IFCAXIS2PLACEMENT3D(#6,#7,#8);
#10=IFCGEOMETRICREPRESENTATIONCONTEXT($,'Model',3,1.0000000000000001E-05,#9,$);
#11=IFCGEOMETRICREPRESENTATIONSUBCONTEXT('Body','Model',*,*,*,*,#10,$,.MODEL_VIEW.,$);
#12=IFCGEOMETRICREPRESENTATIONSUBCONTEXT('Axis','Model',*,*,*,*,#10,$,.GRAPH_VIEW.,$);
#13=IFCGEOMETRICREPRESENTATIONSUBCONTEXT('Box','Model',*,*,*,*,#10,$,.MODEL_VIEW.,$);
#14=IFCGEOMETRICREPRESENTATIONSUBCONTEXT('Annotation','Model',*,*,*,*,#10,$,.SECTION_VIEW.,$);
#15=IFCGEOMETRICREPRESENTATIONSUBCONTEXT('Annotation','Model',*,*,*,*,#10,$,.ELEVATION_VIEW.,$);
#16=IFCGEOMETRICREPRESENTATIONSUBCONTEXT('Annotation','Model',*,*,*,*,#10,$,.MODEL_VIEW.,$);
#17=IFCGEOMETRICREPRESENTATIONSUBCONTEXT('Annotation','Model',*,*,*,*,#10,$,.PLAN_VIEW.,$);
#18=IFCGEOMETRICREPRESENTATIONSUBCONTEXT('Profile','Model',*,*,*,*,#10,$,.ELEVATION_VIEW.,$);
#19=IFCCARTESIANPOINT((0.,0.));
#20=IFCDIRECTION((1.,0.));
#21=IFCAXIS2PLACEMENT2D(#19,#20);
#22=IFCGEOMETRICREPRESENTATIONCONTEXT($,'Plan',2,1.0000000000000001E-05,#21,$);
#23=IFCGEOMETRICREPRESENTATIONSUBCONTEXT('Axis','Plan',*,*,*,*,#22,$,.GRAPH_VIEW.,$);
#24=IFCGEOMETRICREPRESENTATIONSUBCONTEXT('Body','Plan',*,*,*,*,#22,$,.PLAN_VIEW.,$);
#25=IFCGEOMETRICREPRESENTATIONSUBCONTEXT('Annotation','Plan',*,*,*,*,#22,$,.PLAN_VIEW.,$);
#26=IFCGEOMETRICREPRESENTATIONSUBCONTEXT('Annotation','Plan',*,*,*,*,#22,$,.REFLECTED_PLAN_VIEW.,$);
#27=IFCSITE('2SPtEhLT90wxyygCGmd6ja',$,'My Site',$,$,#50,$,$,$,$,$,$,$,$);
#33=IFCBUILDING('2AvxphpIXFvh8sUJE_8CDc',$,'My Building',$,$,#56,$,$,$,$,$,$);
#39=IFCBUILDINGSTOREY('0PyzHJpcT0XBAvoe7sEi8g',$,'2F',$,$,#8659,$,$,$,$);
#45=IFCRELAGGREGATES('1OytxPyFD2LRoViEqsEqAx',$,$,$,#1,(#27));
#46=IFCCARTESIANPOINT((0.,0.,0.));
#47=IFCDIRECTION((0.,0.,1.));
#48=IFCDIRECTION((1.,0.,0.));
#49=IFCAXIS2PLACEMENT3D(#46,#47,#48);
#50=IFCLOCALPLACEMENT($,#49);
#51=IFCRELAGGREGATES('0LukxdCtPBxf0Q_Eb6zD7D',$,$,$,#27,(#33));
#52=IFCCARTESIANPOINT((0.,0.,0.));
#53=IFCDIRECTION((0.,0.,1.));
#54=IFCDIRECTION((1.,0.,0.));
#55=IFCAXIS2PLACEMENT3D(#52,#53,#54);
#56=IFCLOCALPLACEMENT(#50,#55);
#57=IFCRELAGGREGATES('0_9SMffbvD0wwYsWbhL1gz',$,$,$,#33,(#63,#39));
#63=IFCBUILDINGSTOREY('2jkojGHUT2PfEpJ0y4Zx3b',$,'GF',$,$,#79,$,$,$,$);
#75=IFCCARTESIANPOINT((0.,0.,0.));
#76=IFCDIRECTION((0.,0.,1.));
#77=IFCDIRECTION((1.,0.,0.));
#78=IFCAXIS2PLACEMENT3D(#75,#76,#77);
#79=IFCLOCALPLACEMENT(#56,#78);
#80=IFCWALLTYPE('3ZSsquIF17Z81g9Y66i2fz',$,'Wall',$,$,(#85),$,$,$,.SOLIDWALL.);
#81=IFCMATERIAL('Unknown',$,$);
#82=IFCMATERIALLAYERSET((#84),$,$);
#83=IFCRELASSOCIATESMATERIAL('0FIAjWLjPCJeGHtlswJugD',$,$,$,(#80),#82);
#84=IFCMATERIALLAYER(#81,0.10000000000000001,$,$,$,$,$);
#85=IFCPROPERTYSET('1_4tTaiOL30PnMBnNn5Ly_',$,'EPset_Parametric',$,(#86));
#86=IFCPROPERTYSINGLEVALUE('LayerSetDirection',$,IFCLABEL('AXIS2'),$);
#87=IFCWALL('0wfXD$CgH4oQEVhX_StTbb',$,'Wall',$,$,#1412,#95,$,$);
#88=IFCRELCONTAINEDINSPATIALSTRUCTURE('36ko0n0X53zhHptoT9WFqd',$,$,$,(#3873,#990,#191,#1989,#651,#1672,#2319,#279,#510,#6296,#3316,#4379,#4064,#4249,#1896,#153,#855,#87,#472,#7944,#254,#573,#5866,#1015,#676,#775,#920,#304,#548,#3491,#8302,#1961,#229,#3713,#4221),#63);
#89=IFCRELDEFINESBYTYPE('3cwFLsX1T3XQ3B1QiNHkQB',$,$,$,(#990,#191,#651,#510,#279,#1015,#676,#775,#920,#304,#548,#3491,#4064,#153,#229,#855,#87,#472,#254,#573),#80);
#90=IFCMATERIALLAYERSETUSAGE(#82,.AXIS2.,.POSITIVE.,0.,$);
#91=IFCRELASSOCIATESMATERIAL('18RcKP8aX9Q9cfaj15ecYM',$,$,$,(#87),#90);
#95=IFCPRODUCTDEFINITIONSHAPE($,$,(#1547,#1544));
#111=IFCPROPERTYSET('3wL0kwIfz35xIWpcvogXxd',$,'EPset_Parametric',$,(#113));
#112=IFCRELDEFINESBYPROPERTIES('1Hv0S$LdzDxuZJvmxqI5MO',$,$,$,(#87),#111);
#113=IFCPROPERTYSINGLEVALUE('Engine',$,IFCLABEL('Bonsai.DumbLayer2'),$);
#153=IFCWALL('3ICA6hcQX2Afi2EnW4rvNA',$,'Wall',$,$,#164,#159,$,$);
#154=IFCMATERIALLAYERSETUSAGE(#82,.AXIS2.,.POSITIVE.,0.,$);
#155=IFCRELASSOCIATESMATERIAL('2H7W1PcJ9EXuu6lvyqDHrd',$,$,$,(#153),#154);
#159=IFCPRODUCTDEFINITIONSHAPE($,$,(#1633,#1630));
#160=IFCCARTESIANPOINT((4.2266049385070801,-2.5901062488555908,0.));
#161=IFCDIRECTION((0.,0.,1.));
#162=IFCDIRECTION((7.5497901264043109E-08,0.99999999999999711,0.));
#163=IFCAXIS2PLACEMENT3D(#160,#161,#162);
#164=IFCLOCALPLACEMENT(#79,#163);
#175=IFCPROPERTYSET('242tWM7B9CThSY8_sprwLu',$,'EPset_Parametric',$,(#177));
#176=IFCRELDEFINESBYPROPERTIES('3ZpP50i3D45B8EfSHbjU8R',$,$,$,(#153),#175);
#177=IFCPROPERTYSINGLEVALUE('Engine',$,IFCLABEL('Bonsai.DumbLayer2'),$);
#191=IFCWALL('2uR4WSZsv5TQV3HiU684Gr',$,'Wall',$,$,#1620,#197,$,$);
#192=IFCMATERIALLAYERSETUSAGE(#82,.AXIS2.,.POSITIVE.,0.,$);
#193=IFCRELASSOCIATESMATERIAL('0q8AsvgK59WhUX0Llt9sJy',$,$,$,(#191),#192);
#197=IFCPRODUCTDEFINITIONSHAPE($,$,(#1647,#1644));
#213=IFCPROPERTYSET('1ln6MD2An2ORXN_2kIigsZ',$,'EPset_Parametric',$,(#215));
#214=IFCRELDEFINESBYPROPERTIES('1TtiZqMYX1vPTNaaubXPY1',$,$,$,(#191),#213);
#215=IFCPROPERTYSINGLEVALUE('Engine',$,IFCLABEL('Bonsai.DumbLayer2'),$);
#229=IFCWALL('3bk1C1CiH9EOpJBLW$zOws',$,'Wall',$,$,#1665,#235,$,$);
#230=IFCMATERIALLAYERSETUSAGE(#82,.AXIS2.,.POSITIVE.,0.,$);
#231=IFCRELASSOCIATESMATERIAL('0RgKS7iaj5SufnYnIzKdmc',$,$,$,(#229),#230);
#235=IFCPRODUCTDEFINITIONSHAPE($,$,(#1660,#1657));
#251=IFCPROPERTYSET('2R4ZHp245BaxjR9Q2IaGbM',$,'EPset_Parametric',$,(#253));
#252=IFCRELDEFINESBYPROPERTIES('2HoHoR_UTELgQI60dLo3me',$,$,$,(#229),#251);
#253=IFCPROPERTYSINGLEVALUE('Engine',$,IFCLABEL('Bonsai.DumbLayer2'),$);
#254=IFCWALL('3pb0XPIBDD0wcq0D6M80ub',$,'Wall',$,$,#265,#260,$,$);
#255=IFCMATERIALLAYERSETUSAGE(#82,.AXIS2.,.POSITIVE.,0.,$);
#256=IFCRELASSOCIATESMATERIAL('3ZPcV6utXBHwqWnRsE85sR',$,$,$,(#254),#255);
#260=IFCPRODUCTDEFINITIONSHAPE($,$,(#5702,#5699));
#261=IFCCARTESIANPOINT((0.77660691738128662,5.0598945617675781,0.));
#262=IFCDIRECTION((0.,0.,1.));
#263=IFCDIRECTION((-0.99999999999992428,3.8941436741876494E-07,0.));
#264=IFCAXIS2PLACEMENT3D(#261,#262,#263);
#265=IFCLOCALPLACEMENT(#79,#264);
#276=IFCPROPERTYSET('1IeMRKyKr9bAyinmGp68A2',$,'EPset_Parametric',$,(#278));
#277=IFCRELDEFINESBYPROPERTIES('1VXBCBA5j5tP5DuaRtdQ$S',$,$,$,(#254),#276);
#278=IFCPROPERTYSINGLEVALUE('Engine',$,IFCLABEL('Bonsai.DumbLayer2'),$);
#279=IFCWALL('3MqlGmGEj5nOnj7MQ2_3Eh',$,'Wall',$,$,#426,#285,$,$);
#280=IFCMATERIALLAYERSETUSAGE(#82,.AXIS2.,.POSITIVE.,0.,$);
#281=IFCRELASSOCIATESMATERIAL('1jaqUfHbPFku9G75$5C8xC',$,$,$,(#279),#280);
#285=IFCPRODUCTDEFINITIONSHAPE($,$,(#1380,#1377));
#301=IFCPROPERTYSET('3frXKbAxn73RZG_JXC59UV',$,'EPset_Parametric',$,(#303));
#302=IFCRELDEFINESBYPROPERTIES('2A9H6xiNn8uRNsc1LH3nB6',$,$,$,(#279),#301);
#303=IFCPROPERTYSINGLEVALUE('Engine',$,IFCLABEL('Bonsai.DumbLayer2'),$);
#304=IFCWALL('0$Qehm6pv86RJa4mP19Dh4',$,'Wall',$,$,#458,#310,$,$);
#305=IFCMATERIALLAYERSETUSAGE(#82,.AXIS2.,.POSITIVE.,0.,$);
#306=IFCRELASSOCIATESMATERIAL('15wrgDnfrC4fRzJvrUV_pi',$,$,$,(#304),#305);
#310=IFCPRODUCTDEFINITIONSHAPE($,$,(#453,#450));
#326=IFCPROPERTYSET('3VyxNeOhD89A6m7UhcQ0T6',$,'EPset_Parametric',$,(#328));
#327=IFCRELDEFINESBYPROPERTIES('29Kh5ONRP5PQr3hmuBnpe3',$,$,$,(#304),#326);
#328=IFCPROPERTYSINGLEVALUE('Engine',$,IFCLABEL('Bonsai.DumbLayer2'),$);
#381=IFCRELCONNECTSPATHELEMENTS('0_583pn_96B8SaJSXa34i_',$,$,$,$,#254,#229,(),(),.ATEND.,.ATSTART.);
#408=IFCRELCONNECTSPATHELEMENTS('2t7E5fWWb6ww9VFB_N_0Qc',$,$,$,$,#279,#254,(),(),.ATEND.,.ATSTART.);
#422=IFCCARTESIANPOINT((-2.7733926773071973,5.0598959441884253,0.));
#423=IFCDIRECTION((0.,0.,1.));
#424=IFCDIRECTION((7.5497901264043123E-08,-0.99999999999999722,0.));
#425=IFCAXIS2PLACEMENT3D(#422,#423,#424);
#426=IFCLOCALPLACEMENT(#79,#425);
#441=IFCCARTESIANPOINTLIST2D(((0.,0.),(0.099999992450210171,0.10000000000000001),(3.2000002012717914,0.10000000000000001),(3.2000002012717914,0.)));
#442=IFCINDEXEDPOLYCURVE(#441,(IFCLINEINDEX((1,2,3,4,1))),$);
#443=IFCARBITRARYCLOSEDPROFILEDEF(.AREA.,$,#442);
#444=IFCCARTESIANPOINT((0.,0.,0.));
#445=IFCDIRECTION((0.,0.,1.));
#446=IFCDIRECTION((1.,0.,0.));
#447=IFCAXIS2PLACEMENT3D(#444,#445,#446);
#448=IFCDIRECTION((0.,0.,1.));
#449=IFCEXTRUDEDAREASOLID(#443,#447,#448,3.);
#450=IFCSHAPEREPRESENTATION(#11,'Body','SweptSolid',(#449));
#451=IFCCARTESIANPOINTLIST2D(((0.,0.),(3.2000002012717914,0.)));
#452=IFCINDEXEDPOLYCURVE(#451,$,$);
#453=IFCSHAPEREPRESENTATION(#23,'Axis','Curve2D',(#452));
#454=IFCCARTESIANPOINT((-2.7733922884929303,-0.090105056762695312,0.));
#455=IFCDIRECTION((0.,0.,1.));
#456=IFCDIRECTION((1.,0.,0.));
#457=IFCAXIS2PLACEMENT3D(#454,#455,#456);
#458=IFCLOCALPLACEMENT(#79,#457);
#472=IFCWALL('3oOdKHltfASeFlFgEOXnUx',$,'Wall',$,$,#483,#478,$,$);
#473=IFCMATERIALLAYERSETUSAGE(#82,.AXIS2.,.POSITIVE.,0.,$);
#474=IFCRELASSOCIATESMATERIAL('2GDOBFzVf7C9EbYd_hUAxk',$,$,$,(#472),#473);
#478=IFCPRODUCTDEFINITIONSHAPE($,$,(#509,#506));
#479=IFCCARTESIANPOINT((0.21549814939498901,0.0098949447274208069,0.));
#480=IFCDIRECTION((0.,0.,1.));
#481=IFCDIRECTION((0.0042718080602845822,-0.9999908757863224,0.));
#482=IFCAXIS2PLACEMENT3D(#479,#480,#481);
#483=IFCLOCALPLACEMENT(#79,#482);
#494=IFCPROPERTYSET('0$MGXAkDzFKfh9hOOBI3AU',$,'EPset_Parametric',$,(#496));
#495=IFCRELDEFINESBYPROPERTIES('3_w$dYcNLFxu7xzQW3q5AW',$,$,$,(#472),#494);
#496=IFCPROPERTYSINGLEVALUE('Engine',$,IFCLABEL('Bonsai.DumbLayer2'),$);
#497=IFCCARTESIANPOINTLIST2D(((0.,0.),(0.,0.10000000000000001),(2.6000247764531403,0.10000000000000001),(2.6000247764531403,0.)));
#498=IFCINDEXEDPOLYCURVE(#497,(IFCLINEINDEX((1,2,3,4,1))),$);
#499=IFCARBITRARYCLOSEDPROFILEDEF(.AREA.,$,#498);
#500=IFCCARTESIANPOINT((0.,0.,0.));
#501=IFCDIRECTION((0.,0.,1.));
#502=IFCDIRECTION((1.,0.,0.));
#503=IFCAXIS2PLACEMENT3D(#500,#501,#502);
#504=IFCDIRECTION((0.,0.,1.));
#505=IFCEXTRUDEDAREASOLID(#499,#503,#504,3.);
#506=IFCSHAPEREPRESENTATION(#11,'Body','SweptSolid',(#505));
#507=IFCCARTESIANPOINTLIST2D(((0.,0.),(2.6000247764531403,0.)));
#508=IFCINDEXEDPOLYCURVE(#507,$,$);
#509=IFCSHAPEREPRESENTATION(#23,'Axis','Curve2D',(#508));
#510=IFCWALL('1YNe9SWqD3v8rzKb1GrEDv',$,'Wall',$,$,#521,#516,$,$);
#511=IFCMATERIALLAYERSETUSAGE(#82,.AXIS2.,.POSITIVE.,0.,$);
#512=IFCRELASSOCIATESMATERIAL('3ftMp7E5f9WfQ43qd436CQ',$,$,$,(#510),#511);
#516=IFCPRODUCTDEFINITIONSHAPE($,$,(#547,#544));
#517=IFCCARTESIANPOINT((-2.7733917236328125,-0.090105056762695312,0.));
#518=IFCDIRECTION((0.,0.,1.));
#519=IFCDIRECTION((0.99998989149887518,-0.0044963207256638171,0.));
#520=IFCAXIS2PLACEMENT3D(#517,#518,#519);
#521=IFCLOCALPLACEMENT(#79,#520);
#532=IFCPROPERTYSET('0mtTvmMeH8RePihs0Gr1zZ',$,'EPset_Parametric',$,(#534));
#533=IFCRELDEFINESBYPROPERTIES('2m3grkdMP9pQ$a$TisYi$l',$,$,$,(#510),#532);
#534=IFCPROPERTYSINGLEVALUE('Engine',$,IFCLABEL('Bonsai.DumbLayer2'),$);
#535=IFCCARTESIANPOINTLIST2D(((0.,0.),(0.,0.10000000000000001),(3.0894085774992726,0.10000000000000001),(3.0894085774992726,0.)));
#536=IFCINDEXEDPOLYCURVE(#535,(IFCLINEINDEX((1,2,3,4,1))),$);
#537=IFCARBITRARYCLOSEDPROFILEDEF(.AREA.,$,#536);
#538=IFCCARTESIANPOINT((0.,0.,0.));
#539=IFCDIRECTION((0.,0.,1.));
#540=IFCDIRECTION((1.,0.,0.));
#541=IFCAXIS2PLACEMENT3D(#538,#539,#540);
#542=IFCDIRECTION((0.,0.,1.));
#543=IFCEXTRUDEDAREASOLID(#537,#541,#542,3.);
#544=IFCSHAPEREPRESENTATION(#11,'Body','SweptSolid',(#543));
#545=IFCCARTESIANPOINTLIST2D(((0.,0.),(3.0894085774992726,0.)));
#546=IFCINDEXEDPOLYCURVE(#545,$,$);
#547=IFCSHAPEREPRESENTATION(#23,'Axis','Curve2D',(#546));
#548=IFCWALL('2pebbAz19ETh1PjSz93dRK',$,'Wall',$,$,#1340,#554,$,$);
#549=IFCMATERIALLAYERSETUSAGE(#82,.AXIS2.,.POSITIVE.,0.,$);
#550=IFCRELASSOCIATESMATERIAL('37DcK3RDv2rOVy4uSmx9Ve',$,$,$,(#548),#549);
#554=IFCPRODUCTDEFINITIONSHAPE($,$,(#1367,#1364));
#570=IFCPROPERTYSET('372GBSUnb1Xunt3LVqgHNE',$,'EPset_Parametric',$,(#572));
#571=IFCRELDEFINESBYPROPERTIES('0OcN4XJLj1Vu2ezl$aHXvv',$,$,$,(#548),#570);
#572=IFCPROPERTYSINGLEVALUE('Engine',$,IFCLABEL('Bonsai.DumbLayer2'),$);
#573=IFCWALL('0FQ9PKLeH5bRaeFdqEdcNj',$,'Wall',$,$,#584,#579,$,$);
#574=IFCMATERIALLAYERSETUSAGE(#82,.AXIS2.,.POSITIVE.,0.,$);
#575=IFCRELASSOCIATESMATERIAL('3U59mOnvT7vArW4LQ1HxX4',$,$,$,(#573),#574);
#579=IFCPRODUCTDEFINITIONSHAPE($,$,(#1394,#1391));
#580=IFCCARTESIANPOINT((0.2266082763671875,-0.090105056762695312,0.));
#581=IFCDIRECTION((0.,0.,1.));
#582=IFCDIRECTION((-1.2358042340556153E-06,-0.99999999999923639,0.));
#583=IFCAXIS2PLACEMENT3D(#580,#581,#582);
#584=IFCLOCALPLACEMENT(#79,#583);
#595=IFCPROPERTYSET('31qSuSkhzCuu$nNg6ZjoI8',$,'EPset_Parametric',$,(#597));
#596=IFCRELDEFINESBYPROPERTIES('2XGYmUc9z5Dx7aesL9j3ar',$,$,$,(#573),#595);
#597=IFCPROPERTYSINGLEVALUE('Engine',$,IFCLABEL('Bonsai.DumbLayer2'),$);
#624=IFCRELCONNECTSPATHELEMENTS('2QkNmAuHr6qB2VOB1wbviX',$,$,$,$,#573,#548,(),(),.ATEND.,.ATSTART.);
#651=IFCWALL('3iIKLVfCn7VhISMLHyK35_',$,'Wall',$,$,#662,#657,$,$);
#652=IFCMATERIALLAYERSETUSAGE(#82,.AXIS2.,.POSITIVE.,0.,$);
#653=IFCRELASSOCIATESMATERIAL('2Wr8PJqhj1pBHQ9jrPB7MU',$,$,$,(#651),#652);
#657=IFCPRODUCTDEFINITIONSHAPE($,$,(#1561,#1558));
#658=IFCCARTESIANPOINT((0.32660838961601257,0.0098949521780014038,0.));
#659=IFCDIRECTION((0.,0.,1.));
#660=IFCDIRECTION((7.5497901264043109E-08,0.99999999999999711,0.));
#661=IFCAXIS2PLACEMENT3D(#658,#659,#660);
#662=IFCLOCALPLACEMENT(#79,#661);
#673=IFCPROPERTYSET('3lj_XEFwf6R9_LryrwK9Qo',$,'EPset_Parametric',$,(#675));
#674=IFCRELDEFINESBYPROPERTIES('0ClgvCU31D2A9AF0UqHPMd',$,$,$,(#651),#673);
#675=IFCPROPERTYSINGLEVALUE('Engine',$,IFCLABEL('Bonsai.DumbLayer2'),$);
#676=IFCWALL('19RqCXC5D3Dx_e0MrfnWQL',$,'Wall',$,$,#774,#682,$,$);
#677=IFCMATERIALLAYERSETUSAGE(#82,.AXIS2.,.POSITIVE.,0.,$);
#678=IFCRELASSOCIATESMATERIAL('1fIGk21rL5oP5_TLsb2eZ4',$,$,$,(#676),#677);
#682=IFCPRODUCTDEFINITIONSHAPE($,$,(#769,#766));
#698=IFCPROPERTYSET('2kpPnIpT50L9YJLMBpIeN1',$,'EPset_Parametric',$,(#700));
#699=IFCRELDEFINESBYPROPERTIES('0miPVZEY5BkBylni0fM7Uj',$,$,$,(#676),#698);
#700=IFCPROPERTYSINGLEVALUE('Engine',$,IFCLABEL('Bonsai.DumbLayer2'),$);
#757=IFCCARTESIANPOINTLIST2D(((0.,0.),(0.,0.10000000000000001),(2.5733911439090762,0.10000000000000001),(2.5733911439090762,0.)));
#758=IFCINDEXEDPOLYCURVE(#757,(IFCLINEINDEX((1,2,3,4,1))),$);
#759=IFCARBITRARYCLOSEDPROFILEDEF(.AREA.,$,#758);
#760=IFCCARTESIANPOINT((0.,0.,0.));
#761=IFCDIRECTION((0.,0.,1.));
#762=IFCDIRECTION((1.,0.,0.));
#763=IFCAXIS2PLACEMENT3D(#760,#761,#762);
#764=IFCDIRECTION((0.,0.,1.));
#765=IFCEXTRUDEDAREASOLID(#759,#763,#764,3.);
#766=IFCSHAPEREPRESENTATION(#11,'Body','SweptSolid',(#765));
#767=IFCCARTESIANPOINTLIST2D(((0.,0.),(2.5733911439090762,0.)));
#768=IFCINDEXEDPOLYCURVE(#767,$,$);
#769=IFCSHAPEREPRESENTATION(#23,'Axis','Curve2D',(#768));
#770=IFCCARTESIANPOINT((-3.8743018732079193E-07,2.6598948939207188,0.));
#771=IFCDIRECTION((0.,0.,1.));
#772=IFCDIRECTION((-0.99999999999998868,-1.5099580252808492E-07,0.));
#773=IFCAXIS2PLACEMENT3D(#770,#771,#772);
#774=IFCLOCALPLACEMENT(#79,#773);
#775=IFCWALL('3RLuIf4eT5WPN8XrfK0bjn',$,'Wall',$,$,#854,#781,$,$);
#776=IFCMATERIALLAYERSETUSAGE(#82,.AXIS2.,.POSITIVE.,0.,$);
#777=IFCRELASSOCIATESMATERIAL('2DHQgRHIHBXQRB0UmSkBwS',$,$,$,(#775),#776);
#781=IFCPRODUCTDEFINITIONSHAPE($,$,(#849,#846));
#797=IFCPROPERTYSET('1NfkaRX95BQ8PO1aakXnlC',$,'EPset_Parametric',$,(#799));
#798=IFCRELDEFINESBYPROPERTIES('2fAuES2gbExgZLITMA3cAW',$,$,$,(#775),#797);
#799=IFCPROPERTYSINGLEVALUE('Engine',$,IFCLABEL('Bonsai.DumbLayer2'),$);
#837=IFCCARTESIANPOINTLIST2D(((0.,0.),(0.,0.10000000000000001),(2.6233915635677785,0.10000000000000001),(2.6233915635677785,0.)));
#838=IFCINDEXEDPOLYCURVE(#837,(IFCLINEINDEX((1,2,3,4,1))),$);
#839=IFCARBITRARYCLOSEDPROFILEDEF(.AREA.,$,#838);
#840=IFCCARTESIANPOINT((0.,0.,0.));
#841=IFCDIRECTION((0.,0.,1.));
#842=IFCDIRECTION((1.,0.,0.));
#843=IFCAXIS2PLACEMENT3D(#840,#841,#842);
#844=IFCDIRECTION((0.,0.,1.));
#845=IFCEXTRUDEDAREASOLID(#839,#843,#844,3.);
#846=IFCSHAPEREPRESENTATION(#11,'Body','SweptSolid',(#845));
#847=IFCCARTESIANPOINTLIST2D(((0.,0.),(2.6233915635677785,0.)));
#848=IFCINDEXEDPOLYCURVE(#847,$,$);
#849=IFCSHAPEREPRESENTATION(#23,'Axis','Curve2D',(#848));
#850=IFCCARTESIANPOINT((4.0163297609918653E-07,2.659894971790326,0.));
#851=IFCDIRECTION((0.,0.,1.));
#852=IFCDIRECTION((-0.99999999999999623,8.7422776573475527E-08,0.));
#853=IFCAXIS2PLACEMENT3D(#850,#851,#852);
#854=IFCLOCALPLACEMENT(#79,#853);
#855=IFCWALL('0EAMNykYzFqOkerRGCaSkM',$,'Wall',$,$,#1308,#861,$,$);
#856=IFCMATERIALLAYERSETUSAGE(#82,.AXIS2.,.POSITIVE.,0.,$);
#857=IFCRELASSOCIATESMATERIAL('3hgRz9QPj6HedgBlB4gOuH',$,$,$,(#855),#856);
#861=IFCPRODUCTDEFINITIONSHAPE($,$,(#6295,#6292));
#877=IFCPROPERTYSET('0GYwB4Rw10ZAngOz6RI848',$,'EPset_Parametric',$,(#879));
#878=IFCRELDEFINESBYPROPERTIES('3WWHREnIr2aAprGRexhaTC',$,$,$,(#855),#877);
#879=IFCPROPERTYSINGLEVALUE('Engine',$,IFCLABEL('Bonsai.DumbLayer2'),$);
#893=IFCRELCONNECTSPATHELEMENTS('0JHWq_k6X7Cf5fmlNxtBNC',$,$,$,$,#855,#279,(),(),.ATPATH.,.ATEND.);
#920=IFCWALL('2Xz5EEVz13wOhJGj2oc6rS',$,'Wall',$,$,#1222,#926,$,$);
#921=IFCMATERIALLAYERSETUSAGE(#82,.AXIS2.,.POSITIVE.,0.,$);
#922=IFCRELASSOCIATESMATERIAL('17NIj163X9GeUvXUozv7Fw',$,$,$,(#920),#921);
#926=IFCPRODUCTDEFINITIONSHAPE($,$,(#1601,#1598));
#942=IFCPROPERTYSET('2agjjM2DDAlfrdYak5Ww3m',$,'EPset_Parametric',$,(#944));
#943=IFCRELDEFINESBYPROPERTIES('0N624IK_H1HPQ$fTxJ$_hw',$,$,$,(#920),#942);
#944=IFCPROPERTYSINGLEVALUE('Engine',$,IFCLABEL('Bonsai.DumbLayer2'),$);
#963=IFCRELCONNECTSPATHELEMENTS('3kcUvMx0r8BxTgwQOnTenr',$,$,$,$,#920,#254,(),(),.ATPATH.,.ATEND.);
#990=IFCWALL('0Ijc25XKr23R5wwzFPN9WP',$,'Wall',$,$,#1097,#996,$,$);
#991=IFCMATERIALLAYERSETUSAGE(#82,.AXIS2.,.POSITIVE.,0.,$);
#992=IFCRELASSOCIATESMATERIAL('2jdqUkl0n1VuUxtBDzZDWP',$,$,$,(#990),#991);
#996=IFCPRODUCTDEFINITIONSHAPE($,$,(#1276,#1273));
#1012=IFCPROPERTYSET('0RtilKTrn9A8QMhiNtRDvb',$,'EPset_Parametric',$,(#1014));
#1013=IFCRELDEFINESBYPROPERTIES('3uMNyWkRT3YvS7DyU4LnRo',$,$,$,(#990),#1012);
#1014=IFCPROPERTYSINGLEVALUE('Engine',$,IFCLABEL('Bonsai.DumbLayer2'),$);
#1015=IFCWALL('2XLQfyVIvCXx7tC3IqEMa$',$,'Wall',$,$,#1171,#1021,$,$);
#1016=IFCMATERIALLAYERSETUSAGE(#82,.AXIS2.,.POSITIVE.,0.,$);
#1017=IFCRELASSOCIATESMATERIAL('1S6ftrTjjATw5Dgmt3GHQj',$,$,$,(#1015),#1016);
#1021=IFCPRODUCTDEFINITIONSHAPE($,$,(#1588,#1585));
#1037=IFCPROPERTYSET('1NcqIpeRv9rfqsbCHyD9mU',$,'EPset_Parametric',$,(#1039));
#1038=IFCRELDEFINESBYPROPERTIES('1NhNZlLUP2Pg2Ke0Y5dnCH',$,$,$,(#1015),#1037);
#1039=IFCPROPERTYSINGLEVALUE('Engine',$,IFCLABEL('Bonsai.DumbLayer2'),$);
#1093=IFCCARTESIANPOINT((0.77660709619522095,4.9598946571350098,0.));
#1094=IFCDIRECTION((0.,0.,1.));
#1095=IFCDIRECTION((1.9470718370939353E-07,-0.99999999999998113,0.));
#1096=IFCAXIS2PLACEMENT3D(#1093,#1094,#1095);
#1097=IFCLOCALPLACEMENT(#79,#1096);
#1167=IFCCARTESIANPOINT((0.77660736921052054,3.5577106475830176,0.));
#1168=IFCDIRECTION((0.,0.,1.));
#1169=IFCDIRECTION((-0.99999999999992428,3.8941436741876494E-07,0.));
#1170=IFCAXIS2PLACEMENT3D(#1167,#1168,#1169);
#1171=IFCLOCALPLACEMENT(#79,#1170);
#1204=IFCRELCONNECTSPATHELEMENTS('3waH0pshv9iRqXXV33DxvT',$,$,$,$,#920,#855,(),(),.ATPATH.,.ATSTART.);
#1218=IFCCARTESIANPOINT((-1.1758446693420153,2.6598950745859673,0.));
#1219=IFCDIRECTION((0.,0.,1.));
#1220=IFCDIRECTION((1.9470718370939353E-07,0.99999999999998113,0.));
#1221=IFCAXIS2PLACEMENT3D(#1218,#1219,#1220);
#1222=IFCLOCALPLACEMENT(#79,#1221);
#1263=IFCRELCONNECTSPATHELEMENTS('07PWmeW1TE58EccshANU$A',$,$,$,$,#990,#1015,(),(),.ATSTART.,.ATEND.);
#1264=IFCCARTESIANPOINTLIST2D(((0.,0.),(0.,0.10000000000000001),(1.5021840679641902,0.10000000000000001),(1.4021840095520179,0.)));
#1265=IFCINDEXEDPOLYCURVE(#1264,(IFCLINEINDEX((1,2,3,4,1))),$);
#1266=IFCARBITRARYCLOSEDPROFILEDEF(.AREA.,$,#1265);
#1267=IFCCARTESIANPOINT((0.,0.,0.));
#1268=IFCDIRECTION((0.,0.,1.));
#1269=IFCDIRECTION((1.,0.,0.));
#1270=IFCAXIS2PLACEMENT3D(#1267,#1268,#1269);
#1271=IFCDIRECTION((0.,0.,1.));
#1272=IFCEXTRUDEDAREASOLID(#1266,#1270,#1271,3.);
#1273=IFCSHAPEREPRESENTATION(#11,'Body','SweptSolid',(#1272));
#1274=IFCCARTESIANPOINTLIST2D(((0.,0.),(1.4021840095520179,0.)));
#1275=IFCINDEXEDPOLYCURVE(#1274,$,$);
#1276=IFCSHAPEREPRESENTATION(#23,'Axis','Curve2D',(#1275));
#1304=IFCCARTESIANPOINT((0.32660858968545026,2.6598949432373313,0.));
#1305=IFCDIRECTION((0.,0.,1.));
#1306=IFCDIRECTION((-0.99999999999999623,8.7422776573475527E-08,0.));
#1307=IFCAXIS2PLACEMENT3D(#1304,#1305,#1306);
#1308=IFCLOCALPLACEMENT(#79,#1307);
#1336=IFCCARTESIANPOINT((-2.7733922884929303,-0.090105056762695312,0.));
#1337=IFCDIRECTION((0.,0.,1.));
#1338=IFCDIRECTION((1.,0.,0.));
#1339=IFCAXIS2PLACEMENT3D(#1336,#1337,#1338);
#1340=IFCLOCALPLACEMENT(#79,#1339);
#1354=IFCRELCONNECTSPATHELEMENTS('2AepXrAcL4kg_xRAiwtFIA',$,$,$,$,#548,#279,(),(),.ATEND.,.ATSTART.);
#1355=IFCCARTESIANPOINTLIST2D(((0.,0.),(0.099999992450210171,0.10000000000000001),(3.1000006884406175,0.10000000000000001),(3.0000005648601178,0.)));
#1356=IFCINDEXEDPOLYCURVE(#1355,(IFCLINEINDEX((1,2,3,4,1))),$);
#1357=IFCARBITRARYCLOSEDPROFILEDEF(.AREA.,$,#1356);
#1358=IFCCARTESIANPOINT((0.,0.,0.));
#1359=IFCDIRECTION((0.,0.,1.));
#1360=IFCDIRECTION((1.,0.,0.));
#1361=IFCAXIS2PLACEMENT3D(#1358,#1359,#1360);
#1362=IFCDIRECTION((0.,0.,1.));
#1363=IFCEXTRUDEDAREASOLID(#1357,#1361,#1362,3.);
#1364=IFCSHAPEREPRESENTATION(#11,'Body','SweptSolid',(#1363));
#1365=IFCCARTESIANPOINTLIST2D(((0.,0.),(3.0000005648601178,0.)));
#1366=IFCINDEXEDPOLYCURVE(#1365,$,$);
#1367=IFCSHAPEREPRESENTATION(#23,'Axis','Curve2D',(#1366));
#1368=IFCCARTESIANPOINTLIST2D(((0.,0.),(0.10000004649123768,0.10000000000000001),(5.0500010085009244,0.10000000000000001),(5.1500010009511348,0.)));
#1369=IFCINDEXEDPOLYCURVE(#1368,(IFCLINEINDEX((1,2,3,4,1))),$);
#1370=IFCARBITRARYCLOSEDPROFILEDEF(.AREA.,$,#1369);
#1371=IFCCARTESIANPOINT((0.,0.,0.));
#1372=IFCDIRECTION((0.,0.,1.));
#1373=IFCDIRECTION((1.,0.,0.));
#1374=IFCAXIS2PLACEMENT3D(#1371,#1372,#1373);
#1375=IFCDIRECTION((0.,0.,1.));
#1376=IFCEXTRUDEDAREASOLID(#1370,#1374,#1375,3.);
#1377=IFCSHAPEREPRESENTATION(#11,'Body','SweptSolid',(#1376));
#1378=IFCCARTESIANPOINTLIST2D(((0.,0.),(5.1500010009511348,0.)));
#1379=IFCINDEXEDPOLYCURVE(#1378,$,$);
#1380=IFCSHAPEREPRESENTATION(#23,'Axis','Curve2D',(#1379));
#1381=IFCRELCONNECTSPATHELEMENTS('3tO_5E5l5E9fx_JjKt7jNp',$,$,$,$,#573,#87,(),(),.ATSTART.,.ATEND.);
#1382=IFCCARTESIANPOINTLIST2D(((0.,0.),(-0.10000012358049978,0.10000000000000001),(2.4000010685143045,0.10000000000000001),(2.5000011920948046,0.)));
#1383=IFCINDEXEDPOLYCURVE(#1382,(IFCLINEINDEX((1,2,3,4,1))),$);
#1384=IFCARBITRARYCLOSEDPROFILEDEF(.AREA.,$,#1383);
#1385=IFCCARTESIANPOINT((0.,0.,0.));
#1386=IFCDIRECTION((0.,0.,1.));
#1387=IFCDIRECTION((1.,0.,0.));
#1388=IFCAXIS2PLACEMENT3D(#1385,#1386,#1387);
#1389=IFCDIRECTION((0.,0.,1.));
#1390=IFCEXTRUDEDAREASOLID(#1384,#1388,#1389,3.);
#1391=IFCSHAPEREPRESENTATION(#11,'Body','SweptSolid',(#1390));
#1392=IFCCARTESIANPOINTLIST2D(((0.,0.),(2.5000011920948046,0.)));
#1393=IFCINDEXEDPOLYCURVE(#1392,$,$);
#1394=IFCSHAPEREPRESENTATION(#23,'Axis','Curve2D',(#1393));
#1408=IFCCARTESIANPOINT((0.22660518685512918,-2.5901062488555908,0.));
#1409=IFCDIRECTION((0.,0.,1.));
#1410=IFCDIRECTION((1.,0.,0.));
#1411=IFCAXIS2PLACEMENT3D(#1408,#1409,#1410);
#1412=IFCLOCALPLACEMENT(#79,#1411);
#1521=IFCRELCONNECTSPATHELEMENTS('3A2fXKBX15h8$SvwLe_xYI',$,$,$,$,#153,#87,(),(),.ATEND.,.ATSTART.);
#1535=IFCCARTESIANPOINTLIST2D(((0.,0.),(0.10000012358049978,0.10000000000000001),(3.8999997592017408,0.10000000000000001),(3.9999997516519508,0.)));
#1536=IFCINDEXEDPOLYCURVE(#1535,(IFCLINEINDEX((1,2,3,4,1))),$);
#1537=IFCARBITRARYCLOSEDPROFILEDEF(.AREA.,$,#1536);
#1538=IFCCARTESIANPOINT((0.,0.,0.));
#1539=IFCDIRECTION((0.,0.,1.));
#1540=IFCDIRECTION((1.,0.,0.));
#1541=IFCAXIS2PLACEMENT3D(#1538,#1539,#1540);
#1542=IFCDIRECTION((0.,0.,1.));
#1543=IFCEXTRUDEDAREASOLID(#1537,#1541,#1542,3.);
#1544=IFCSHAPEREPRESENTATION(#11,'Body','SweptSolid',(#1543));
#1545=IFCCARTESIANPOINTLIST2D(((0.,0.),(3.9999997516519508,0.)));
#1546=IFCINDEXEDPOLYCURVE(#1545,$,$);
#1547=IFCSHAPEREPRESENTATION(#23,'Axis','Curve2D',(#1546));
#1548=IFCRELCONNECTSPATHELEMENTS('1jLL6CSWPBg9qy8NrE5E6S',$,$,$,$,#651,#855,(),(),.ATSTART.,.ATEND.);
#1549=IFCCARTESIANPOINTLIST2D(((0.,0.),(0.,0.10000000000000001),(2.5499999922518248,0.10000000000000001),(2.6499999910593375,0.)));
#1550=IFCINDEXEDPOLYCURVE(#1549,(IFCLINEINDEX((1,2,3,4,1))),$);
#1551=IFCARBITRARYCLOSEDPROFILEDEF(.AREA.,$,#1550);
#1552=IFCCARTESIANPOINT((0.,0.,0.));
#1553=IFCDIRECTION((0.,0.,1.));
#1554=IFCDIRECTION((1.,0.,0.));
#1555=IFCAXIS2PLACEMENT3D(#1552,#1553,#1554);
#1556=IFCDIRECTION((0.,0.,1.));
#1557=IFCEXTRUDEDAREASOLID(#1551,#1555,#1556,3.);
#1558=IFCSHAPEREPRESENTATION(#11,'Body','SweptSolid',(#1557));
#1559=IFCCARTESIANPOINTLIST2D(((0.,0.),(2.6499999910593375,0.)));
#1560=IFCINDEXEDPOLYCURVE(#1559,$,$);
#1561=IFCSHAPEREPRESENTATION(#23,'Axis','Curve2D',(#1560));
#1575=IFCRELCONNECTSPATHELEMENTS('2q_7UiRwr26xHgiJk0X_4l',$,$,$,$,#1015,#920,(),(),.ATPATH.,.ATEND.);
#1576=IFCCARTESIANPOINTLIST2D(((0.,0.),(-0.10000005841217217,0.10000000000000001),(1.9524518442706753,0.10000000000000001),(1.9524518637413937,0.)));
#1577=IFCINDEXEDPOLYCURVE(#1576,(IFCLINEINDEX((1,2,3,4,1))),$);
#1578=IFCARBITRARYCLOSEDPROFILEDEF(.AREA.,$,#1577);
#1579=IFCCARTESIANPOINT((0.,0.,0.));
#1580=IFCDIRECTION((0.,0.,1.));
#1581=IFCDIRECTION((1.,0.,0.));
#1582=IFCAXIS2PLACEMENT3D(#1579,#1580,#1581);
#1583=IFCDIRECTION((0.,0.,1.));
#1584=IFCEXTRUDEDAREASOLID(#1578,#1582,#1583,3.);
#1585=IFCSHAPEREPRESENTATION(#11,'Body','SweptSolid',(#1584));
#1586=IFCCARTESIANPOINTLIST2D(((0.,0.),(1.9524518637413937,0.)));
#1587=IFCINDEXEDPOLYCURVE(#1586,$,$);
#1588=IFCSHAPEREPRESENTATION(#23,'Axis','Curve2D',(#1587));
#1589=IFCCARTESIANPOINTLIST2D(((0.,0.),(-1.0728440713591956E-08,0.10000000000000001),(2.3000002669648909,0.10000000000000001),(2.3000002474941725,0.)));
#1590=IFCINDEXEDPOLYCURVE(#1589,(IFCLINEINDEX((1,2,3,4,1))),$);
#1591=IFCARBITRARYCLOSEDPROFILEDEF(.AREA.,$,#1590);
#1592=IFCCARTESIANPOINT((0.,0.,0.));
#1593=IFCDIRECTION((0.,0.,1.));
#1594=IFCDIRECTION((1.,0.,0.));
#1595=IFCAXIS2PLACEMENT3D(#1592,#1593,#1594);
#1596=IFCDIRECTION((0.,0.,1.));
#1597=IFCEXTRUDEDAREASOLID(#1591,#1595,#1596,3.);
#1598=IFCSHAPEREPRESENTATION(#11,'Body','SweptSolid',(#1597));
#1599=IFCCARTESIANPOINTLIST2D(((0.,0.),(2.4000002474941748,0.)));
#1600=IFCINDEXEDPOLYCURVE(#1599,$,$);
#1601=IFCSHAPEREPRESENTATION(#23,'Axis','Curve2D',(#1600));
#1602=IFCRELCONNECTSPATHELEMENTS('3eH$j5aU95nehlGocxiTP7',$,$,$,$,#191,#153,(),(),.ATEND.,.ATSTART.);
#1616=IFCCARTESIANPOINT((4.2266056255380287,6.5098943710328214,0.));
#1617=IFCDIRECTION((0.,0.,1.));
#1618=IFCDIRECTION((-0.99999999999999623,8.7422776573475527E-08,0.));
#1619=IFCAXIS2PLACEMENT3D(#1616,#1617,#1618);
#1620=IFCLOCALPLACEMENT(#79,#1619);
#1621=IFCCARTESIANPOINTLIST2D(((0.,0.),(0.099999992450210157,0.10000000000000001),(9.0000006210809254,0.10000000000000001),(9.1000006198884371,0.)));
#1622=IFCINDEXEDPOLYCURVE(#1621,(IFCLINEINDEX((1,2,3,4,1))),$);
#1623=IFCARBITRARYCLOSEDPROFILEDEF(.AREA.,$,#1622);
#1624=IFCCARTESIANPOINT((0.,0.,0.));
#1625=IFCDIRECTION((0.,0.,1.));
#1626=IFCDIRECTION((1.,0.,0.));
#1627=IFCAXIS2PLACEMENT3D(#1624,#1625,#1626);
#1628=IFCDIRECTION((0.,0.,1.));
#1629=IFCEXTRUDEDAREASOLID(#1623,#1627,#1628,3.);
#1630=IFCSHAPEREPRESENTATION(#11,'Body','SweptSolid',(#1629));
#1631=IFCCARTESIANPOINTLIST2D(((0.,0.),(9.1000006198884371,0.)));
#1632=IFCINDEXEDPOLYCURVE(#1631,$,$);
#1633=IFCSHAPEREPRESENTATION(#23,'Axis','Curve2D',(#1632));
#1634=IFCRELCONNECTSPATHELEMENTS('0JcAbgqaT26v7hoxnlZF_A',$,$,$,$,#191,#229,(),(),.ATSTART.,.ATEND.);
#1635=IFCCARTESIANPOINTLIST2D(((0.,0.),(0.09999999880751248,0.10000000000000001),(3.3499988110739625,0.10000000000000001),(3.4499988273660316,0.)));
#1636=IFCINDEXEDPOLYCURVE(#1635,(IFCLINEINDEX((1,2,3,4,1))),$);
#1637=IFCARBITRARYCLOSEDPROFILEDEF(.AREA.,$,#1636);
#1638=IFCCARTESIANPOINT((0.,0.,0.));
#1639=IFCDIRECTION((0.,0.,1.));
#1640=IFCDIRECTION((1.,0.,0.));
#1641=IFCAXIS2PLACEMENT3D(#1638,#1639,#1640);
#1642=IFCDIRECTION((0.,0.,1.));
#1643=IFCEXTRUDEDAREASOLID(#1637,#1641,#1642,3.);
#1644=IFCSHAPEREPRESENTATION(#11,'Body','SweptSolid',(#1643));
#1645=IFCCARTESIANPOINTLIST2D(((0.,0.),(3.4499988273660316,0.)));
#1646=IFCINDEXEDPOLYCURVE(#1645,$,$);
#1647=IFCSHAPEREPRESENTATION(#23,'Axis','Curve2D',(#1646));
#1648=IFCCARTESIANPOINTLIST2D(((0.,0.),(0.10000001629206913,0.10000000000000001),(1.5500001573649578,0.10000000000000001),(1.4500001108737202,0.)));
#1649=IFCINDEXEDPOLYCURVE(#1648,(IFCLINEINDEX((1,2,3,4,1))),$);
#1650=IFCARBITRARYCLOSEDPROFILEDEF(.AREA.,$,#1649);
#1651=IFCCARTESIANPOINT((0.,0.,0.));
#1652=IFCDIRECTION((0.,0.,1.));
#1653=IFCDIRECTION((1.,0.,0.));
#1654=IFCAXIS2PLACEMENT3D(#1651,#1652,#1653);
#1655=IFCDIRECTION((0.,0.,1.));
#1656=IFCEXTRUDEDAREASOLID(#1650,#1654,#1655,3.);
#1657=IFCSHAPEREPRESENTATION(#11,'Body','SweptSolid',(#1656));
#1658=IFCCARTESIANPOINTLIST2D(((0.,0.),(1.4500001108737202,0.)));
#1659=IFCINDEXEDPOLYCURVE(#1658,$,$);
#1660=IFCSHAPEREPRESENTATION(#23,'Axis','Curve2D',(#1659));
#1661=IFCCARTESIANPOINT((0.77660679817201028,6.5098946726412992,0.));
#1662=IFCDIRECTION((0.,0.,1.));
#1663=IFCDIRECTION((7.5497901264043123E-08,-0.99999999999999722,0.));
#1664=IFCAXIS2PLACEMENT3D(#1661,#1662,#1663);
#1665=IFCLOCALPLACEMENT(#79,#1664);
#1666=IFCSLABTYPE('3H0oMIql99G9foZaP_JWnC',$,'Slab',$,$,(#1670),$,$,$,.FLOOR.);
#1667=IFCMATERIALLAYERSET((#1669),$,$);
#1668=IFCRELASSOCIATESMATERIAL('35z10sk9bFa8QfURY3a7dM',$,$,$,(#1666),#1667);
#1669=IFCMATERIALLAYER(#81,0.10000000000000001,$,$,$,$,$);
#1670=IFCPROPERTYSET('1UwI27kxzCMuEQOColvgHE',$,'EPset_Parametric',$,(#1671));
#1671=IFCPROPERTYSINGLEVALUE('LayerSetDirection',$,IFCLABEL('AXIS3'),$);
#1672=IFCSLAB('17V9qvaOT4S9HY4KM7FmEg',$,'Slab',$,$,#1680,#1687,$,$);
#1673=IFCRELDEFINESBYTYPE('38hwisRYP0qeJx1ZpSs9Xr',$,$,$,(#1672,#8660),#1666);
#1674=IFCMATERIALLAYERSETUSAGE(#1667,.AXIS3.,.POSITIVE.,-0.10000000149011612,$);
#1675=IFCRELASSOCIATESMATERIAL('0zhkLd62L1PPKeGCwa74JP',$,$,$,(#1672),#1674);
#1676=IFCCARTESIANPOINT((4.2266049385070801,-2.5901062488555908,0.));
#1677=IFCDIRECTION((0.,0.,1.));
#1678=IFCDIRECTION((1.,0.,0.));
#1679=IFCAXIS2PLACEMENT3D(#1676,#1677,#1678);
#1680=IFCLOCALPLACEMENT(#79,#1679);
#1681=IFCCARTESIANPOINTLIST2D(((0.,0.),(4.76837158203125E-07,9.1000003814697266),(-3.449998140335083,9.100001335144043),(-3.4499979019165039,7.6500005722045898),(-6.999997615814209,7.6500024795532227),(-6.9999971389770508,2.5000011920928955),(-3.9999966621398926,2.5000011920928955),(-3.9999995231628418,0.),(0.,0.)));
#1682=IFCINDEXEDPOLYCURVE(#1681,$,$);
#1683=IFCDIRECTION((0.,0.,1.));
#1684=IFCARBITRARYCLOSEDPROFILEDEF(.AREA.,$,#1682);
#1685=IFCEXTRUDEDAREASOLID(#1684,#1694,#1683,0.10000000000000001);
#1686=IFCSHAPEREPRESENTATION(#11,'Body','SweptSolid',(#1685));
#1687=IFCPRODUCTDEFINITIONSHAPE($,$,(#1686));
#1688=IFCPROPERTYSET('3Rb03UZUP1wP3QPtHyoQ_a',$,'EPset_Parametric',$,(#1690));
#1689=IFCRELDEFINESBYPROPERTIES('3ZgBrneyrAJPkIPUSG14sc',$,$,$,(#1672),#1688);
#1690=IFCPROPERTYSINGLEVALUE('Engine',$,IFCLABEL('Bonsai.DumbLayer3'),$);
#1691=IFCCARTESIANPOINT((-0.,-0.,-0.10000000149011612));
#1692=IFCDIRECTION((0.,0.,1.));
#1693=IFCDIRECTION((1.,0.,0.));
#1694=IFCAXIS2PLACEMENT3D(#1691,#1692,#1693);
#1695=IFCDOORTYPE('281BBNJ$XBTP2WU80yIBW1',$,'Main-GF',$,$,(#1696),(#1705,#1783,#1802),$,$,.DOOR.,.SINGLE_SWING_LEFT.,$,$);
#1696=IFCPROPERTYSET('3Wusqz4CX1lhORwlowymab',$,'BBIM_Door',$,(#1697));
#1697=IFCPROPERTYSINGLEVALUE('Data',$,IFCTEXT('{"door_type": "SINGLE_SWING_LEFT", "overall_height": 2.0, "overall_width": 0.8999999761581421, "lining_properties": {"lining_depth": 0.05000000074505806, "lining_thickness": 0.05000000074505806, "lining_offset": 0.0, "lining_to_panel_offset_x": 0.02500000037252903, "lining_to_panel_offset_y": 0.02500000037252903, "transom_thickness": 0.0, "casing_thickness": 0.07500000298023224, "casing_depth": 0.004999999888241291, "threshold_thickness": 0.02500000037252903, "threshold_depth": 0.10000000149011612, "threshold_offset": 0.0}, "panel_properties": {"panel_depth": 0.03500000014901161, "panel_width_ratio": 1.0}}'),$);
#1701=IFCCARTESIANPOINT((0.,0.,0.));
#1702=IFCDIRECTION((1.,0.,0.));
#1703=IFCDIRECTION((0.,0.,1.));
#1704=IFCAXIS2PLACEMENT3D(#1701,#1703,#1702);
#1705=IFCREPRESENTATIONMAP(#1704,#2980);
#1779=IFCCARTESIANPOINT((0.,0.,0.));
#1780=IFCDIRECTION((1.,0.,0.));
#1781=IFCDIRECTION((0.,0.,1.));
#1782=IFCAXIS2PLACEMENT3D(#1779,#1781,#1780);
#1783=IFCREPRESENTATIONMAP(#1782,#3053);
#1798=IFCCARTESIANPOINT((0.,0.,0.));
#1799=IFCDIRECTION((1.,0.,0.));
#1800=IFCDIRECTION((0.,0.,1.));
#1801=IFCAXIS2PLACEMENT3D(#1798,#1800,#1799);
#1802=IFCREPRESENTATIONMAP(#1801,#3067);
#1896=IFCDOOR('0ti3xYg0H7DQTUSeUG7cHm',$,'Door',$,$,#3092,#1905,$,2.,0.89999997615814209,$,.SINGLE_SWING_LEFT.,$);
#1897=IFCRELDEFINESBYTYPE('2ImhrSXy95kuPV3SJtEUrH',$,$,$,(#1961,#1896,#1989),#1695);
#1898=IFCCARTESIANPOINT((0.,0.,0.));
#1899=IFCDIRECTION((1.,0.,0.));
#1900=IFCDIRECTION((0.,1.,0.));
#1901=IFCDIRECTION((0.,0.,1.));
#1902=IFCCARTESIANTRANSFORMATIONOPERATOR3D(#1899,#1900,#1898,1.,#1901);
#1903=IFCMAPPEDITEM(#1705,#1902);
#1904=IFCSHAPEREPRESENTATION(#18,'Profile','MappedRepresentation',(#1903));
#1905=IFCPRODUCTDEFINITIONSHAPE($,$,(#1904,#1912,#1919));
#1906=IFCCARTESIANPOINT((0.,0.,0.));
#1907=IFCDIRECTION((1.,0.,0.));
#1908=IFCDIRECTION((0.,1.,0.));
#1909=IFCDIRECTION((0.,0.,1.));
#1910=IFCCARTESIANTRANSFORMATIONOPERATOR3D(#1907,#1908,#1906,1.,#1909);
#1911=IFCMAPPEDITEM(#1783,#1910);
#1912=IFCSHAPEREPRESENTATION(#11,'Body','MappedRepresentation',(#1911));
#1913=IFCCARTESIANPOINT((0.,0.,0.));
#1914=IFCDIRECTION((1.,0.,0.));
#1915=IFCDIRECTION((0.,1.,0.));
#1916=IFCDIRECTION((0.,0.,1.));
#1917=IFCCARTESIANTRANSFORMATIONOPERATOR3D(#1914,#1915,#1913,1.,#1916);
#1918=IFCMAPPEDITEM(#1802,#1917);
#1919=IFCSHAPEREPRESENTATION(#24,'Body','MappedRepresentation',(#1918));
#1920=IFCOPENINGELEMENT('0xVvoy0Pj8Xvk0$KqqHSoB',$,'Opening',$,$,#3087,#1948,$,.OPENING.);
#1936=IFCCARTESIANPOINT((0.,0.,0.));
#1937=IFCDIRECTION((1.,0.,0.));
#1938=IFCDIRECTION((0.,0.,1.));
#1939=IFCAXIS2PLACEMENT3D(#1936,#1938,#1937);
#1940=IFCREPRESENTATIONMAP(#1939,#3077);
#1941=IFCCARTESIANPOINT((0.,0.,0.));
#1942=IFCDIRECTION((1.,0.,0.));
#1943=IFCDIRECTION((0.,1.,0.));
#1944=IFCDIRECTION((0.,0.,1.));
#1945=IFCCARTESIANTRANSFORMATIONOPERATOR3D(#1942,#1943,#1941,1.,#1944);
#1946=IFCMAPPEDITEM(#1940,#1945);
#1947=IFCSHAPEREPRESENTATION(#11,'Body','MappedRepresentation',(#1946));
#1948=IFCPRODUCTDEFINITIONSHAPE($,$,(#1947));
#1949=IFCRELVOIDSELEMENT('0cSQ5j2s54_A2suW3x4qUR',$,$,$,#87,#1920);
#1955=IFCRELFILLSELEMENT('3aV8HyfgHFWRBZzf1sn7uw',$,$,$,#1920,#1896);
#1961=IFCDOOR('2zgUbVigj5lhey$UZKtaVy',$,'Door',$,$,#1988,#1969,$,2.,0.89999997615814209,$,$,$);
#1962=IFCCARTESIANPOINT((0.,0.,0.));
#1963=IFCDIRECTION((1.,0.,0.));
#1964=IFCDIRECTION((0.,1.,0.));
#1965=IFCDIRECTION((0.,0.,1.));
#1966=IFCCARTESIANTRANSFORMATIONOPERATOR3D(#1963,#1964,#1962,1.,#1965);
#1967=IFCMAPPEDITEM(#1705,#1966);
#1968=IFCSHAPEREPRESENTATION(#18,'Profile','MappedRepresentation',(#1967));
#1969=IFCPRODUCTDEFINITIONSHAPE($,$,(#1968,#1976,#1983));
#1970=IFCCARTESIANPOINT((0.,0.,0.));
#1971=IFCDIRECTION((1.,0.,0.));
#1972=IFCDIRECTION((0.,1.,0.));
#1973=IFCDIRECTION((0.,0.,1.));
#1974=IFCCARTESIANTRANSFORMATIONOPERATOR3D(#1971,#1972,#1970,1.,#1973);
#1975=IFCMAPPEDITEM(#1783,#1974);
#1976=IFCSHAPEREPRESENTATION(#11,'Body','MappedRepresentation',(#1975));
#1977=IFCCARTESIANPOINT((0.,0.,0.));
#1978=IFCDIRECTION((1.,0.,0.));
#1979=IFCDIRECTION((0.,1.,0.));
#1980=IFCDIRECTION((0.,0.,1.));
#1981=IFCCARTESIANTRANSFORMATIONOPERATOR3D(#1978,#1979,#1977,1.,#1980);
#1982=IFCMAPPEDITEM(#1802,#1981);
#1983=IFCSHAPEREPRESENTATION(#24,'Body','MappedRepresentation',(#1982));
#1984=IFCCARTESIANPOINT((-11.560237884521484,11.841301918029785,0.));
#1985=IFCDIRECTION((0.,0.,1.));
#1986=IFCDIRECTION((1.,0.,0.));
#1987=IFCAXIS2PLACEMENT3D(#1984,#1985,#1986);
#1988=IFCLOCALPLACEMENT(#79,#1987);
#1989=IFCDOOR('3KRrMDYqf5VQ3iYAuHUILb',$,'Door',$,$,#2016,#1997,$,2.,0.89999997615814209,$,$,$);
#1990=IFCCARTESIANPOINT((0.,0.,0.));
#1991=IFCDIRECTION((1.,0.,0.));
#1992=IFCDIRECTION((0.,1.,0.));
#1993=IFCDIRECTION((0.,0.,1.));
#1994=IFCCARTESIANTRANSFORMATIONOPERATOR3D(#1991,#1992,#1990,1.,#1993);
#1995=IFCMAPPEDITEM(#1705,#1994);
#1996=IFCSHAPEREPRESENTATION(#18,'Profile','MappedRepresentation',(#1995));
#1997=IFCPRODUCTDEFINITIONSHAPE($,$,(#1996,#2004,#2011));
#1998=IFCCARTESIANPOINT((0.,0.,0.));
#1999=IFCDIRECTION((1.,0.,0.));
#2000=IFCDIRECTION((0.,1.,0.));
#2001=IFCDIRECTION((0.,0.,1.));
#2002=IFCCARTESIANTRANSFORMATIONOPERATOR3D(#1999,#2000,#1998,1.,#2001);
#2003=IFCMAPPEDITEM(#1783,#2002);
#2004=IFCSHAPEREPRESENTATION(#11,'Body','MappedRepresentation',(#2003));
#2005=IFCCARTESIANPOINT((0.,0.,0.));
#2006=IFCDIRECTION((1.,0.,0.));
#2007=IFCDIRECTION((0.,1.,0.));
#2008=IFCDIRECTION((0.,0.,1.));
#2009=IFCCARTESIANTRANSFORMATIONOPERATOR3D(#2006,#2007,#2005,1.,#2008);
#2010=IFCMAPPEDITEM(#1802,#2009);
#2011=IFCSHAPEREPRESENTATION(#24,'Body','MappedRepresentation',(#2010));
#2012=IFCCARTESIANPOINT((22.238235473632812,-49.533523559570312,0.));
#2013=IFCDIRECTION((0.,0.,1.));
#2014=IFCDIRECTION((1.,0.,0.));
#2015=IFCAXIS2PLACEMENT3D(#2012,#2013,#2014);
#2016=IFCLOCALPLACEMENT(#79,#2015);
#2095=IFCCARTESIANPOINTLIST2D(((0.,0.),(0.,2.),(0.89999997615814209,2.),(0.89999997615814209,0.),(0.87499997578561306,0.),(0.87499997578561306,1.974999999627471),(0.02500000037252903,1.974999999627471),(0.02500000037252903,0.)));
#2096=IFCINDEXEDPOLYCURVE(#2095,(IFCLINEINDEX((1,2,3,4,5,6,7,8,1))),$);
#2097=IFCARBITRARYCLOSEDPROFILEDEF(.AREA.,$,#2096);
#2098=IFCCARTESIANPOINT((0.,0.02500000037252903,0.));
#2099=IFCDIRECTION((0.,-1.,0.));
#2100=IFCDIRECTION((1.,0.,0.));
#2101=IFCAXIS2PLACEMENT3D(#2098,#2099,#2100);
#2102=IFCDIRECTION((0.,0.,-1.));
#2103=IFCEXTRUDEDAREASOLID(#2097,#2101,#2102,0.02500000037252903);
#2104=IFCCARTESIANPOINTLIST2D(((0.,0.),(0.,2.),(0.89999997615814209,2.),(0.89999997615814209,0.),(0.84999997541308403,0.),(0.84999997541308403,1.9499999992549419),(0.05000000074505806,1.9499999992549419),(0.05000000074505806,0.)));
#2105=IFCINDEXEDPOLYCURVE(#2104,(IFCLINEINDEX((1,2,3,4,5,6,7,8,1))),$);
#2106=IFCARBITRARYCLOSEDPROFILEDEF(.AREA.,$,#2105);
#2107=IFCCARTESIANPOINT((0.,0.,0.));
#2108=IFCDIRECTION((0.,-1.,0.));
#2109=IFCDIRECTION((1.,0.,0.));
#2110=IFCAXIS2PLACEMENT3D(#2107,#2108,#2109);
#2111=IFCDIRECTION((0.,0.,-1.));
#2112=IFCEXTRUDEDAREASOLID(#2106,#2110,#2111,0.02500000037252903);
#2113=IFCCARTESIANPOINTLIST2D(((0.,0.),(0.79999997466802597,0.),(0.79999997466802597,0.10000000149011612),(0.,0.10000000149011612)));
#2114=IFCINDEXEDPOLYCURVE(#2113,(IFCLINEINDEX((1,2,3,4,1))),$);
#2115=IFCARBITRARYCLOSEDPROFILEDEF(.AREA.,$,#2114);
#2116=IFCCARTESIANPOINT((0.05000000074505806,0.,0.));
#2117=IFCDIRECTION((0.,0.,1.));
#2118=IFCDIRECTION((1.,0.,0.));
#2119=IFCAXIS2PLACEMENT3D(#2116,#2117,#2118);
#2120=IFCDIRECTION((0.,0.,1.));
#2121=IFCEXTRUDEDAREASOLID(#2115,#2119,#2120,0.02500000037252903);
#2122=IFCCARTESIANPOINTLIST2D(((0.,0.),(0.,2.0250000022351742),(0.94999998062849045,2.0250000022351742),(0.94999998062849045,0.),(0.87499997764825821,0.),(0.87499997764825821,1.9499999992549419),(0.075000002980232239,1.9499999992549419),(0.075000002980232239,0.)));
#2123=IFCINDEXEDPOLYCURVE(#2122,(IFCLINEINDEX((1,2,3,4,5,6,7,8,1))),$);
#2124=IFCARBITRARYCLOSEDPROFILEDEF(.AREA.,$,#2123);
#2125=IFCCARTESIANPOINT((-0.025000002235174179,-0.004999999888241291,0.));
#2126=IFCDIRECTION((0.,-1.,0.));
#2127=IFCDIRECTION((1.,0.,0.));
#2128=IFCAXIS2PLACEMENT3D(#2125,#2126,#2127);
#2129=IFCDIRECTION((0.,0.,-1.));
#2130=IFCEXTRUDEDAREASOLID(#2124,#2128,#2129,0.004999999888241291);
#2131=IFCCARTESIANPOINTLIST2D(((0.,0.),(0.,2.0250000022351742),(0.94999998062849045,2.0250000022351742),(0.94999998062849045,0.),(0.89999997802078724,0.),(0.89999997802078724,1.974999999627471),(0.050000002607703209,1.974999999627471),(0.050000002607703209,0.)));
#2132=IFCINDEXEDPOLYCURVE(#2131,(IFCLINEINDEX((1,2,3,4,5,6,7,8,1))),$);
#2133=IFCARBITRARYCLOSEDPROFILEDEF(.AREA.,$,#2132);
#2134=IFCCARTESIANPOINT((-0.025000002235174179,0.05000000074505806,0.));
#2135=IFCDIRECTION((0.,-1.,0.));
#2136=IFCDIRECTION((1.,0.,0.));
#2137=IFCAXIS2PLACEMENT3D(#2134,#2135,#2136);
#2138=IFCDIRECTION((0.,0.,-1.));
#2139=IFCEXTRUDEDAREASOLID(#2133,#2137,#2138,0.004999999888241291);
#2140=IFCCARTESIANPOINTLIST2D(((0.,0.),(0.84999997541308403,0.),(0.84999997541308403,0.035000000149011612),(0.,0.035000000149011612)));
#2141=IFCINDEXEDPOLYCURVE(#2140,(IFCLINEINDEX((1,2,3,4,1))),$);
#2142=IFCARBITRARYCLOSEDPROFILEDEF(.AREA.,$,#2141);
#2143=IFCCARTESIANPOINT((0.02500000037252903,0.02500000037252903,0.02500000037252903));
#2144=IFCDIRECTION((0.,0.,1.));
#2145=IFCDIRECTION((1.,0.,0.));
#2146=IFCAXIS2PLACEMENT3D(#2143,#2144,#2145);
#2147=IFCDIRECTION((0.,0.,1.));
#2148=IFCEXTRUDEDAREASOLID(#2142,#2146,#2147,1.9499999992549419);
#2149=IFCCARTESIANPOINTLIST2D(((0.,0.),(0.,-0.040000000000000001),(-0.11999999999999988,-0.040000000000000001),(-0.11999999999999988,-0.02),(-0.020000000000000018,-0.02),(-0.020000000000000018,0.)));
#2150=IFCINDEXEDPOLYCURVE(#2149,(IFCLINEINDEX((1,2,3,4,5,6,1))),$);
#2151=IFCARBITRARYCLOSEDPROFILEDEF(.AREA.,$,#2150);
#2152=IFCCARTESIANPOINT((0.82499997578561302,0.02500000037252903,1.015000000372529));
#2153=IFCDIRECTION((0.,0.,1.));
#2154=IFCDIRECTION((1.,0.,0.));
#2155=IFCAXIS2PLACEMENT3D(#2152,#2153,#2154);
#2156=IFCDIRECTION((0.,0.,1.));
#2157=IFCEXTRUDEDAREASOLID(#2151,#2155,#2156,0.02);
#2158=IFCEXTRUDEDAREASOLID(#2159,#2162,#2166,0.02);
#2159=IFCARBITRARYCLOSEDPROFILEDEF(.AREA.,$,#2160);
#2160=IFCINDEXEDPOLYCURVE(#2161,(IFCLINEINDEX((1,2,3,4,5,6,1))),$);
#2161=IFCCARTESIANPOINTLIST2D(((0.,0.),(0.,0.040000000000000008),(-0.11999999999999988,0.040000000000000008),(-0.11999999999999988,0.020000000000000004),(-0.020000000000000018,0.020000000000000004),(-0.020000000000000018,0.)));
#2162=IFCAXIS2PLACEMENT3D(#2163,#2164,#2165);
#2163=IFCCARTESIANPOINT((0.82499997578561302,0.060000000521540642,1.015000000372529));
#2164=IFCDIRECTION((0.,0.,1.));
#2165=IFCDIRECTION((1.,0.,0.));
#2166=IFCDIRECTION((0.,0.,1.));
#2168=IFCSHAPEREPRESENTATION(#11,'Body','SweptSolid',(#3007,#2998,#2768,#2112,#2989,#2759,#2786,#2130,#2103,#2777,#3016,#3025,#2121,#2795,#2139));
#2169=IFCSHAPEASPECT((#2168),'Lining',$,.T.,#1905);
#2170=IFCSHAPEREPRESENTATION(#11,'Body','SweptSolid',(#3043,#2813,#3044,#2157,#2814,#2804,#2158,#3034,#2148));
#2171=IFCSHAPEASPECT((#2170),'Framing',$,.T.,#1905);
#2211=IFCDOORTYPE('0uU1wQjK53XQpmHg_XtxF5',$,'Guest-GF',$,$,(#2212),(#2214,#2222,#2300),$,$,.DOOR.,.SINGLE_SWING_LEFT.,$,$);
#2212=IFCPROPERTYSET('0wqra_xML1WflKYXos8PE6',$,'BBIM_Door',$,(#2213));
#2213=IFCPROPERTYSINGLEVALUE('Data',$,IFCTEXT('{"door_type": "SINGLE_SWING_RIGHT", "overall_height": 2.0, "overall_width": 0.8999999761581421, "lining_properties": {"lining_depth": 0.05000000074505806, "lining_thickness": 0.05000000074505806, "lining_offset": 0.0, "lining_to_panel_offset_x": 0.02500000037252903, "lining_to_panel_offset_y": 0.02500000037252903, "transom_thickness": 0.0, "casing_thickness": 0.07500000298023224, "casing_depth": 0.004999999888241291, "threshold_thickness": 0.02500000037252903, "threshold_depth": 0.10000000149011612, "threshold_offset": 0.0}, "panel_properties": {"panel_depth": 0.03500000014901161, "panel_width_ratio": 1.0}}'),$);
#2214=IFCREPRESENTATIONMAP(#2215,#3095);
#2215=IFCAXIS2PLACEMENT3D(#2216,#2217,#2218);
#2216=IFCCARTESIANPOINT((0.,0.,0.));
#2217=IFCDIRECTION((0.,0.,1.));
#2218=IFCDIRECTION((1.,0.,0.));
#2222=IFCREPRESENTATIONMAP(#2223,#3168);
#2223=IFCAXIS2PLACEMENT3D(#2224,#2225,#2226);
#2224=IFCCARTESIANPOINT((0.,0.,0.));
#2225=IFCDIRECTION((0.,0.,1.));
#2226=IFCDIRECTION((1.,0.,0.));
#2300=IFCREPRESENTATIONMAP(#2301,#3182);
#2301=IFCAXIS2PLACEMENT3D(#2302,#2303,#2304);
#2302=IFCCARTESIANPOINT((0.,0.,0.));
#2303=IFCDIRECTION((0.,0.,1.));
#2304=IFCDIRECTION((1.,0.,0.));
#2319=IFCDOOR('27c6sDaCHBIPnRg_XbOZlX',$,'Door',$,$,#3207,#2328,$,2.,0.89999997615814209,$,.SINGLE_SWING_RIGHT.,$);
#2320=IFCRELDEFINESBYTYPE('1eLG_9ApfBmAW9xXZKg1ld',$,$,$,(#4249,#4221,#2319),#2211);
#2321=IFCCARTESIANPOINT((0.,0.,0.));
#2322=IFCDIRECTION((1.,0.,0.));
#2323=IFCDIRECTION((0.,1.,0.));
#2324=IFCDIRECTION((0.,0.,1.));
#2325=IFCCARTESIANTRANSFORMATIONOPERATOR3D(#2322,#2323,#2321,1.,#2324);
#2326=IFCMAPPEDITEM(#2214,#2325);
#2327=IFCSHAPEREPRESENTATION(#18,'Profile','MappedRepresentation',(#2326));
#2328=IFCPRODUCTDEFINITIONSHAPE($,$,(#2327,#2335,#2342));
#2329=IFCCARTESIANPOINT((0.,0.,0.));
#2330=IFCDIRECTION((1.,0.,0.));
#2331=IFCDIRECTION((0.,1.,0.));
#2332=IFCDIRECTION((0.,0.,1.));
#2333=IFCCARTESIANTRANSFORMATIONOPERATOR3D(#2330,#2331,#2329,1.,#2332);
#2334=IFCMAPPEDITEM(#2222,#2333);
#2335=IFCSHAPEREPRESENTATION(#11,'Body','MappedRepresentation',(#2334));
#2336=IFCCARTESIANPOINT((0.,0.,0.));
#2337=IFCDIRECTION((1.,0.,0.));
#2338=IFCDIRECTION((0.,1.,0.));
#2339=IFCDIRECTION((0.,0.,1.));
#2340=IFCCARTESIANTRANSFORMATIONOPERATOR3D(#2337,#2338,#2336,1.,#2339);
#2341=IFCMAPPEDITEM(#2300,#2340);
#2342=IFCSHAPEREPRESENTATION(#24,'Body','MappedRepresentation',(#2341));
#2343=IFCOPENINGELEMENT('0rbmCG4IrFbO2hydkB7VQ2',$,'Opening',$,$,#3202,#2371,$,.OPENING.);
#2359=IFCCARTESIANPOINT((0.,0.,0.));
#2360=IFCDIRECTION((1.,0.,0.));
#2361=IFCDIRECTION((0.,0.,1.));
#2362=IFCAXIS2PLACEMENT3D(#2359,#2361,#2360);
#2363=IFCREPRESENTATIONMAP(#2362,#3192);
#2364=IFCCARTESIANPOINT((0.,0.,0.));
#2365=IFCDIRECTION((1.,0.,0.));
#2366=IFCDIRECTION((0.,1.,0.));
#2367=IFCDIRECTION((0.,0.,1.));
#2368=IFCCARTESIANTRANSFORMATIONOPERATOR3D(#2365,#2366,#2364,1.,#2367);
#2369=IFCMAPPEDITEM(#2363,#2368);
#2370=IFCSHAPEREPRESENTATION(#11,'Body','MappedRepresentation',(#2369));
#2371=IFCPRODUCTDEFINITIONSHAPE($,$,(#2370));
#2372=IFCRELVOIDSELEMENT('0AgUdGnaz8wgIIBO7_0wKt',$,$,$,#651,#2343);
#2378=IFCRELFILLSELEMENT('0ajTHvDRT1vB$txAfWjeQn',$,$,$,#2343,#2319);
#2402=IFCCARTESIANPOINTLIST2D(((0.,0.),(0.,2.),(0.89999997615814209,2.),(0.89999997615814209,0.),(0.87499997578561306,0.),(0.87499997578561306,1.974999999627471),(0.02500000037252903,1.974999999627471),(0.02500000037252903,0.)));
#2403=IFCINDEXEDPOLYCURVE(#2402,(IFCLINEINDEX((1,2,3,4,5,6,7,8,1))),$);
#2404=IFCARBITRARYCLOSEDPROFILEDEF(.AREA.,$,#2403);
#2405=IFCCARTESIANPOINT((0.,0.02500000037252903,0.));
#2406=IFCDIRECTION((0.,-1.,0.));
#2407=IFCDIRECTION((1.,0.,0.));
#2408=IFCAXIS2PLACEMENT3D(#2405,#2406,#2407);
#2409=IFCDIRECTION((0.,0.,-1.));
#2410=IFCEXTRUDEDAREASOLID(#2404,#2408,#2409,0.02500000037252903);
#2411=IFCCARTESIANPOINTLIST2D(((0.,0.),(0.,2.),(0.89999997615814209,2.),(0.89999997615814209,0.),(0.84999997541308403,0.),(0.84999997541308403,1.9499999992549419),(0.05000000074505806,1.9499999992549419),(0.05000000074505806,0.)));
#2412=IFCINDEXEDPOLYCURVE(#2411,(IFCLINEINDEX((1,2,3,4,5,6,7,8,1))),$);
#2413=IFCARBITRARYCLOSEDPROFILEDEF(.AREA.,$,#2412);
#2414=IFCCARTESIANPOINT((0.,0.,0.));
#2415=IFCDIRECTION((0.,-1.,0.));
#2416=IFCDIRECTION((1.,0.,0.));
#2417=IFCAXIS2PLACEMENT3D(#2414,#2415,#2416);
#2418=IFCDIRECTION((0.,0.,-1.));
#2419=IFCEXTRUDEDAREASOLID(#2413,#2417,#2418,0.02500000037252903);
#2420=IFCCARTESIANPOINTLIST2D(((0.,0.),(0.79999997466802597,0.),(0.79999997466802597,0.10000000149011612),(0.,0.10000000149011612)));
#2421=IFCINDEXEDPOLYCURVE(#2420,(IFCLINEINDEX((1,2,3,4,1))),$);
#2422=IFCARBITRARYCLOSEDPROFILEDEF(.AREA.,$,#2421);
#2423=IFCCARTESIANPOINT((0.05000000074505806,0.,0.));
#2424=IFCDIRECTION((0.,0.,1.));
#2425=IFCDIRECTION((1.,0.,0.));
#2426=IFCAXIS2PLACEMENT3D(#2423,#2424,#2425);
#2427=IFCDIRECTION((0.,0.,1.));
#2428=IFCEXTRUDEDAREASOLID(#2422,#2426,#2427,0.02500000037252903);
#2429=IFCCARTESIANPOINTLIST2D(((0.,0.),(0.,2.0250000022351742),(0.94999998062849045,2.0250000022351742),(0.94999998062849045,0.),(0.87499997764825821,0.),(0.87499997764825821,1.9499999992549419),(0.075000002980232239,1.9499999992549419),(0.075000002980232239,0.)));
#2430=IFCINDEXEDPOLYCURVE(#2429,(IFCLINEINDEX((1,2,3,4,5,6,7,8,1))),$);
#2431=IFCARBITRARYCLOSEDPROFILEDEF(.AREA.,$,#2430);
#2432=IFCCARTESIANPOINT((-0.025000002235174179,-0.004999999888241291,0.));
#2433=IFCDIRECTION((0.,-1.,0.));
#2434=IFCDIRECTION((1.,0.,0.));
#2435=IFCAXIS2PLACEMENT3D(#2432,#2433,#2434);
#2436=IFCDIRECTION((0.,0.,-1.));
#2437=IFCEXTRUDEDAREASOLID(#2431,#2435,#2436,0.004999999888241291);
#2438=IFCCARTESIANPOINTLIST2D(((0.,0.),(0.,2.0250000022351742),(0.94999998062849045,2.0250000022351742),(0.94999998062849045,0.),(0.89999997802078724,0.),(0.89999997802078724,1.974999999627471),(0.050000002607703209,1.974999999627471),(0.050000002607703209,0.)));
#2439=IFCINDEXEDPOLYCURVE(#2438,(IFCLINEINDEX((1,2,3,4,5,6,7,8,1))),$);
#2440=IFCARBITRARYCLOSEDPROFILEDEF(.AREA.,$,#2439);
#2441=IFCCARTESIANPOINT((-0.025000002235174179,0.05000000074505806,0.));
#2442=IFCDIRECTION((0.,-1.,0.));
#2443=IFCDIRECTION((1.,0.,0.));
#2444=IFCAXIS2PLACEMENT3D(#2441,#2442,#2443);
#2445=IFCDIRECTION((0.,0.,-1.));
#2446=IFCEXTRUDEDAREASOLID(#2440,#2444,#2445,0.004999999888241291);
#2447=IFCCARTESIANPOINTLIST2D(((0.,0.),(0.84999997541308403,0.),(0.84999997541308403,0.035000000149011612),(0.,0.035000000149011612)));
#2448=IFCINDEXEDPOLYCURVE(#2447,(IFCLINEINDEX((1,2,3,4,1))),$);
#2449=IFCARBITRARYCLOSEDPROFILEDEF(.AREA.,$,#2448);
#2450=IFCCARTESIANPOINT((0.02500000037252903,0.02500000037252903,0.02500000037252903));
#2451=IFCDIRECTION((0.,0.,1.));
#2452=IFCDIRECTION((1.,0.,0.));
#2453=IFCAXIS2PLACEMENT3D(#2450,#2451,#2452);
#2454=IFCDIRECTION((0.,0.,1.));
#2455=IFCEXTRUDEDAREASOLID(#2449,#2453,#2454,1.9499999992549419);
#2456=IFCCARTESIANPOINTLIST2D(((0.,0.),(0.,-0.040000000000000001),(-0.11999999999999988,-0.040000000000000001),(-0.11999999999999988,-0.02),(-0.020000000000000018,-0.02),(-0.020000000000000018,0.)));
#2457=IFCINDEXEDPOLYCURVE(#2456,(IFCLINEINDEX((1,2,3,4,5,6,1))),$);
#2458=IFCARBITRARYCLOSEDPROFILEDEF(.AREA.,$,#2457);
#2459=IFCCARTESIANPOINT((0.82499997578561302,0.02500000037252903,1.015000000372529));
#2460=IFCDIRECTION((0.,0.,1.));
#2461=IFCDIRECTION((1.,0.,0.));
#2462=IFCAXIS2PLACEMENT3D(#2459,#2460,#2461);
#2463=IFCDIRECTION((0.,0.,1.));
#2464=IFCEXTRUDEDAREASOLID(#2458,#2462,#2463,0.02);
#2465=IFCEXTRUDEDAREASOLID(#2466,#2469,#2473,0.02);
#2466=IFCARBITRARYCLOSEDPROFILEDEF(.AREA.,$,#2467);
#2467=IFCINDEXEDPOLYCURVE(#2468,(IFCLINEINDEX((1,2,3,4,5,6,1))),$);
#2468=IFCCARTESIANPOINTLIST2D(((0.,0.),(0.,0.040000000000000008),(-0.11999999999999988,0.040000000000000008),(-0.11999999999999988,0.020000000000000004),(-0.020000000000000018,0.020000000000000004),(-0.020000000000000018,0.)));
#2469=IFCAXIS2PLACEMENT3D(#2470,#2471,#2472);
#2470=IFCCARTESIANPOINT((0.82499997578561302,0.060000000521540642,1.015000000372529));
#2471=IFCDIRECTION((0.,0.,1.));
#2472=IFCDIRECTION((1.,0.,0.));
#2473=IFCDIRECTION((0.,0.,1.));
#2475=IFCSHAPEREPRESENTATION(#11,'Body','SweptSolid',(#2547,#3140,#2910,#2538,#2671,#2892,#3131,#2529,#2901,#2410,#2883,#2662,#2653,#3122,#2874,#2565,#3113,#3104,#2446,#2644,#2556,#2437,#2680,#2428,#2419));
#2476=IFCSHAPEASPECT((#2475),'Lining',$,.T.,#2328);
#2477=IFCSHAPEREPRESENTATION(#11,'Body','SweptSolid',(#2928,#2929,#2698,#2919,#2583,#2689,#2464,#2584,#2465,#2574,#3158,#2455,#3159,#3149,#2699));
#2478=IFCSHAPEASPECT((#2477),'Framing',$,.T.,#2328);
#2521=IFCCARTESIANPOINTLIST2D(((0.,0.),(0.,2.),(0.89999997615814209,2.),(0.89999997615814209,0.),(0.87499997578561306,0.),(0.87499997578561306,1.974999999627471),(0.02500000037252903,1.974999999627471),(0.02500000037252903,0.)));
#2522=IFCINDEXEDPOLYCURVE(#2521,(IFCLINEINDEX((1,2,3,4,5,6,7,8,1))),$);
#2523=IFCARBITRARYCLOSEDPROFILEDEF(.AREA.,$,#2522);
#2524=IFCCARTESIANPOINT((0.,0.02500000037252903,0.));
#2525=IFCDIRECTION((0.,-1.,0.));
#2526=IFCDIRECTION((1.,0.,0.));
#2527=IFCAXIS2PLACEMENT3D(#2524,#2525,#2526);
#2528=IFCDIRECTION((0.,0.,-1.));
#2529=IFCEXTRUDEDAREASOLID(#2523,#2527,#2528,0.02500000037252903);
#2530=IFCCARTESIANPOINTLIST2D(((0.,0.),(0.,2.),(0.89999997615814209,2.),(0.89999997615814209,0.),(0.84999997541308403,0.),(0.84999997541308403,1.9499999992549419),(0.05000000074505806,1.9499999992549419),(0.05000000074505806,0.)));
#2531=IFCINDEXEDPOLYCURVE(#2530,(IFCLINEINDEX((1,2,3,4,5,6,7,8,1))),$);
#2532=IFCARBITRARYCLOSEDPROFILEDEF(.AREA.,$,#2531);
#2533=IFCCARTESIANPOINT((0.,0.,0.));
#2534=IFCDIRECTION((0.,-1.,0.));
#2535=IFCDIRECTION((1.,0.,0.));
#2536=IFCAXIS2PLACEMENT3D(#2533,#2534,#2535);
#2537=IFCDIRECTION((0.,0.,-1.));
#2538=IFCEXTRUDEDAREASOLID(#2532,#2536,#2537,0.02500000037252903);
#2539=IFCCARTESIANPOINTLIST2D(((0.,0.),(0.79999997466802597,0.),(0.79999997466802597,0.10000000149011612),(0.,0.10000000149011612)));
#2540=IFCINDEXEDPOLYCURVE(#2539,(IFCLINEINDEX((1,2,3,4,1))),$);
#2541=IFCARBITRARYCLOSEDPROFILEDEF(.AREA.,$,#2540);
#2542=IFCCARTESIANPOINT((0.05000000074505806,0.,0.));
#2543=IFCDIRECTION((0.,0.,1.));
#2544=IFCDIRECTION((1.,0.,0.));
#2545=IFCAXIS2PLACEMENT3D(#2542,#2543,#2544);
#2546=IFCDIRECTION((0.,0.,1.));
#2547=IFCEXTRUDEDAREASOLID(#2541,#2545,#2546,0.02500000037252903);
#2548=IFCCARTESIANPOINTLIST2D(((0.,0.),(0.,2.0250000022351742),(0.94999998062849045,2.0250000022351742),(0.94999998062849045,0.),(0.87499997764825821,0.),(0.87499997764825821,1.9499999992549419),(0.075000002980232239,1.9499999992549419),(0.075000002980232239,0.)));
#2549=IFCINDEXEDPOLYCURVE(#2548,(IFCLINEINDEX((1,2,3,4,5,6,7,8,1))),$);
#2550=IFCARBITRARYCLOSEDPROFILEDEF(.AREA.,$,#2549);
#2551=IFCCARTESIANPOINT((-0.025000002235174179,-0.004999999888241291,0.));
#2552=IFCDIRECTION((0.,-1.,0.));
#2553=IFCDIRECTION((1.,0.,0.));
#2554=IFCAXIS2PLACEMENT3D(#2551,#2552,#2553);
#2555=IFCDIRECTION((0.,0.,-1.));
#2556=IFCEXTRUDEDAREASOLID(#2550,#2554,#2555,0.004999999888241291);
#2557=IFCCARTESIANPOINTLIST2D(((0.,0.),(0.,2.0250000022351742),(0.94999998062849045,2.0250000022351742),(0.94999998062849045,0.),(0.89999997802078724,0.),(0.89999997802078724,1.974999999627471),(0.050000002607703209,1.974999999627471),(0.050000002607703209,0.)));
#2558=IFCINDEXEDPOLYCURVE(#2557,(IFCLINEINDEX((1,2,3,4,5,6,7,8,1))),$);
#2559=IFCARBITRARYCLOSEDPROFILEDEF(.AREA.,$,#2558);
#2560=IFCCARTESIANPOINT((-0.025000002235174179,0.05000000074505806,0.));
#2561=IFCDIRECTION((0.,-1.,0.));
#2562=IFCDIRECTION((1.,0.,0.));
#2563=IFCAXIS2PLACEMENT3D(#2560,#2561,#2562);
#2564=IFCDIRECTION((0.,0.,-1.));
#2565=IFCEXTRUDEDAREASOLID(#2559,#2563,#2564,0.004999999888241291);
#2566=IFCCARTESIANPOINTLIST2D(((0.,0.),(0.84999997541308403,0.),(0.84999997541308403,0.035000000149011612),(0.,0.035000000149011612)));
#2567=IFCINDEXEDPOLYCURVE(#2566,(IFCLINEINDEX((1,2,3,4,1))),$);
#2568=IFCARBITRARYCLOSEDPROFILEDEF(.AREA.,$,#2567);
#2569=IFCCARTESIANPOINT((0.02500000037252903,0.02500000037252903,0.02500000037252903));
#2570=IFCDIRECTION((0.,0.,1.));
#2571=IFCDIRECTION((1.,0.,0.));
#2572=IFCAXIS2PLACEMENT3D(#2569,#2570,#2571);
#2573=IFCDIRECTION((0.,0.,1.));
#2574=IFCEXTRUDEDAREASOLID(#2568,#2572,#2573,1.9499999992549419);
#2575=IFCCARTESIANPOINTLIST2D(((0.,0.),(0.,-0.040000000000000001),(-0.11999999999999988,-0.040000000000000001),(-0.11999999999999988,-0.02),(-0.020000000000000018,-0.02),(-0.020000000000000018,0.)));
#2576=IFCINDEXEDPOLYCURVE(#2575,(IFCLINEINDEX((1,2,3,4,5,6,1))),$);
#2577=IFCARBITRARYCLOSEDPROFILEDEF(.AREA.,$,#2576);
#2578=IFCCARTESIANPOINT((0.82499997578561302,0.02500000037252903,1.015000000372529));
#2579=IFCDIRECTION((0.,0.,1.));
#2580=IFCDIRECTION((1.,0.,0.));
#2581=IFCAXIS2PLACEMENT3D(#2578,#2579,#2580);
#2582=IFCDIRECTION((0.,0.,1.));
#2583=IFCEXTRUDEDAREASOLID(#2577,#2581,#2582,0.02);
#2584=IFCEXTRUDEDAREASOLID(#2585,#2588,#2592,0.02);
#2585=IFCARBITRARYCLOSEDPROFILEDEF(.AREA.,$,#2586);
#2586=IFCINDEXEDPOLYCURVE(#2587,(IFCLINEINDEX((1,2,3,4,5,6,1))),$);
#2587=IFCCARTESIANPOINTLIST2D(((0.,0.),(0.,0.040000000000000008),(-0.11999999999999988,0.040000000000000008),(-0.11999999999999988,0.020000000000000004),(-0.020000000000000018,0.020000000000000004),(-0.020000000000000018,0.)));
#2588=IFCAXIS2PLACEMENT3D(#2589,#2590,#2591);
#2589=IFCCARTESIANPOINT((0.82499997578561302,0.060000000521540642,1.015000000372529));
#2590=IFCDIRECTION((0.,0.,1.));
#2591=IFCDIRECTION((1.,0.,0.));
#2592=IFCDIRECTION((0.,0.,1.));
#2636=IFCCARTESIANPOINTLIST2D(((0.,0.),(0.,2.),(0.89999997615814209,2.),(0.89999997615814209,0.),(0.87499997578561306,0.),(0.87499997578561306,1.974999999627471),(0.02500000037252903,1.974999999627471),(0.02500000037252903,0.)));
#2637=IFCINDEXEDPOLYCURVE(#2636,(IFCLINEINDEX((1,2,3,4,5,6,7,8,1))),$);
#2638=IFCARBITRARYCLOSEDPROFILEDEF(.AREA.,$,#2637);
#2639=IFCCARTESIANPOINT((0.,0.02500000037252903,0.));
#2640=IFCDIRECTION((0.,-1.,0.));
#2641=IFCDIRECTION((1.,0.,0.));
#2642=IFCAXIS2PLACEMENT3D(#2639,#2640,#2641);
#2643=IFCDIRECTION((0.,0.,-1.));
#2644=IFCEXTRUDEDAREASOLID(#2638,#2642,#2643,0.02500000037252903);
#2645=IFCCARTESIANPOINTLIST2D(((0.,0.),(0.,2.),(0.89999997615814209,2.),(0.89999997615814209,0.),(0.84999997541308403,0.),(0.84999997541308403,1.9499999992549419),(0.05000000074505806,1.9499999992549419),(0.05000000074505806,0.)));
#2646=IFCINDEXEDPOLYCURVE(#2645,(IFCLINEINDEX((1,2,3,4,5,6,7,8,1))),$);
#2647=IFCARBITRARYCLOSEDPROFILEDEF(.AREA.,$,#2646);
#2648=IFCCARTESIANPOINT((0.,0.,0.));
#2649=IFCDIRECTION((0.,-1.,0.));
#2650=IFCDIRECTION((1.,0.,0.));
#2651=IFCAXIS2PLACEMENT3D(#2648,#2649,#2650);
#2652=IFCDIRECTION((0.,0.,-1.));
#2653=IFCEXTRUDEDAREASOLID(#2647,#2651,#2652,0.02500000037252903);
#2654=IFCCARTESIANPOINTLIST2D(((0.,0.),(0.79999997466802597,0.),(0.79999997466802597,0.10000000149011612),(0.,0.10000000149011612)));
#2655=IFCINDEXEDPOLYCURVE(#2654,(IFCLINEINDEX((1,2,3,4,1))),$);
#2656=IFCARBITRARYCLOSEDPROFILEDEF(.AREA.,$,#2655);
#2657=IFCCARTESIANPOINT((0.05000000074505806,0.,0.));
#2658=IFCDIRECTION((0.,0.,1.));
#2659=IFCDIRECTION((1.,0.,0.));
#2660=IFCAXIS2PLACEMENT3D(#2657,#2658,#2659);
#2661=IFCDIRECTION((0.,0.,1.));
#2662=IFCEXTRUDEDAREASOLID(#2656,#2660,#2661,0.02500000037252903);
#2663=IFCCARTESIANPOINTLIST2D(((0.,0.),(0.,2.0250000022351742),(0.94999998062849045,2.0250000022351742),(0.94999998062849045,0.),(0.87499997764825821,0.),(0.87499997764825821,1.9499999992549419),(0.075000002980232239,1.9499999992549419),(0.075000002980232239,0.)));
#2664=IFCINDEXEDPOLYCURVE(#2663,(IFCLINEINDEX((1,2,3,4,5,6,7,8,1))),$);
#2665=IFCARBITRARYCLOSEDPROFILEDEF(.AREA.,$,#2664);
#2666=IFCCARTESIANPOINT((-0.025000002235174179,-0.004999999888241291,0.));
#2667=IFCDIRECTION((0.,-1.,0.));
#2668=IFCDIRECTION((1.,0.,0.));
#2669=IFCAXIS2PLACEMENT3D(#2666,#2667,#2668);
#2670=IFCDIRECTION((0.,0.,-1.));
#2671=IFCEXTRUDEDAREASOLID(#2665,#2669,#2670,0.004999999888241291);
#2672=IFCCARTESIANPOINTLIST2D(((0.,0.),(0.,2.0250000022351742),(0.94999998062849045,2.0250000022351742),(0.94999998062849045,0.),(0.89999997802078724,0.),(0.89999997802078724,1.974999999627471),(0.050000002607703209,1.974999999627471),(0.050000002607703209,0.)));
#2673=IFCINDEXEDPOLYCURVE(#2672,(IFCLINEINDEX((1,2,3,4,5,6,7,8,1))),$);
#2674=IFCARBITRARYCLOSEDPROFILEDEF(.AREA.,$,#2673);
#2675=IFCCARTESIANPOINT((-0.025000002235174179,0.05000000074505806,0.));
#2676=IFCDIRECTION((0.,-1.,0.));
#2677=IFCDIRECTION((1.,0.,0.));
#2678=IFCAXIS2PLACEMENT3D(#2675,#2676,#2677);
#2679=IFCDIRECTION((0.,0.,-1.));
#2680=IFCEXTRUDEDAREASOLID(#2674,#2678,#2679,0.004999999888241291);
#2681=IFCCARTESIANPOINTLIST2D(((0.,0.),(0.84999997541308403,0.),(0.84999997541308403,0.035000000149011612),(0.,0.035000000149011612)));
#2682=IFCINDEXEDPOLYCURVE(#2681,(IFCLINEINDEX((1,2,3,4,1))),$);
#2683=IFCARBITRARYCLOSEDPROFILEDEF(.AREA.,$,#2682);
#2684=IFCCARTESIANPOINT((0.02500000037252903,0.02500000037252903,0.02500000037252903));
#2685=IFCDIRECTION((0.,0.,1.));
#2686=IFCDIRECTION((1.,0.,0.));
#2687=IFCAXIS2PLACEMENT3D(#2684,#2685,#2686);
#2688=IFCDIRECTION((0.,0.,1.));
#2689=IFCEXTRUDEDAREASOLID(#2683,#2687,#2688,1.9499999992549419);
#2690=IFCCARTESIANPOINTLIST2D(((0.,0.),(0.,-0.040000000000000001),(-0.11999999999999988,-0.040000000000000001),(-0.11999999999999988,-0.02),(-0.020000000000000018,-0.02),(-0.020000000000000018,0.)));
#2691=IFCINDEXEDPOLYCURVE(#2690,(IFCLINEINDEX((1,2,3,4,5,6,1))),$);
#2692=IFCARBITRARYCLOSEDPROFILEDEF(.AREA.,$,#2691);
#2693=IFCCARTESIANPOINT((0.82499997578561302,0.02500000037252903,1.015000000372529));
#2694=IFCDIRECTION((0.,0.,1.));
#2695=IFCDIRECTION((1.,0.,0.));
#2696=IFCAXIS2PLACEMENT3D(#2693,#2694,#2695);
#2697=IFCDIRECTION((0.,0.,1.));
#2698=IFCEXTRUDEDAREASOLID(#2692,#2696,#2697,0.02);
#2699=IFCEXTRUDEDAREASOLID(#2700,#2703,#2707,0.02);
#2700=IFCARBITRARYCLOSEDPROFILEDEF(.AREA.,$,#2701);
#2701=IFCINDEXEDPOLYCURVE(#2702,(IFCLINEINDEX((1,2,3,4,5,6,1))),$);
#2702=IFCCARTESIANPOINTLIST2D(((0.,0.),(0.,0.040000000000000008),(-0.11999999999999988,0.040000000000000008),(-0.11999999999999988,0.020000000000000004),(-0.020000000000000018,0.020000000000000004),(-0.020000000000000018,0.)));
#2703=IFCAXIS2PLACEMENT3D(#2704,#2705,#2706);
#2704=IFCCARTESIANPOINT((0.82499997578561302,0.060000000521540642,1.015000000372529));
#2705=IFCDIRECTION((0.,0.,1.));
#2706=IFCDIRECTION((1.,0.,0.));
#2707=IFCDIRECTION((0.,0.,1.));
#2751=IFCCARTESIANPOINTLIST2D(((0.,0.),(0.,2.),(0.89999997615814209,2.),(0.89999997615814209,0.),(0.87499997578561306,0.),(0.87499997578561306,1.974999999627471),(0.02500000037252903,1.974999999627471),(0.02500000037252903,0.)));
#2752=IFCINDEXEDPOLYCURVE(#2751,(IFCLINEINDEX((1,2,3,4,5,6,7,8,1))),$);
#2753=IFCARBITRARYCLOSEDPROFILEDEF(.AREA.,$,#2752);
#2754=IFCCARTESIANPOINT((0.,0.02500000037252903,0.));
#2755=IFCDIRECTION((0.,-1.,0.));
#2756=IFCDIRECTION((1.,0.,0.));
#2757=IFCAXIS2PLACEMENT3D(#2754,#2755,#2756);
#2758=IFCDIRECTION((0.,0.,-1.));
#2759=IFCEXTRUDEDAREASOLID(#2753,#2757,#2758,0.02500000037252903);
#2760=IFCCARTESIANPOINTLIST2D(((0.,0.),(0.,2.),(0.89999997615814209,2.),(0.89999997615814209,0.),(0.84999997541308403,0.),(0.84999997541308403,1.9499999992549419),(0.05000000074505806,1.9499999992549419),(0.05000000074505806,0.)));
#2761=IFCINDEXEDPOLYCURVE(#2760,(IFCLINEINDEX((1,2,3,4,5,6,7,8,1))),$);
#2762=IFCARBITRARYCLOSEDPROFILEDEF(.AREA.,$,#2761);
#2763=IFCCARTESIANPOINT((0.,0.,0.));
#2764=IFCDIRECTION((0.,-1.,0.));
#2765=IFCDIRECTION((1.,0.,0.));
#2766=IFCAXIS2PLACEMENT3D(#2763,#2764,#2765);
#2767=IFCDIRECTION((0.,0.,-1.));
#2768=IFCEXTRUDEDAREASOLID(#2762,#2766,#2767,0.02500000037252903);
#2769=IFCCARTESIANPOINTLIST2D(((0.,0.),(0.79999997466802597,0.),(0.79999997466802597,0.10000000149011612),(0.,0.10000000149011612)));
#2770=IFCINDEXEDPOLYCURVE(#2769,(IFCLINEINDEX((1,2,3,4,1))),$);
#2771=IFCARBITRARYCLOSEDPROFILEDEF(.AREA.,$,#2770);
#2772=IFCCARTESIANPOINT((0.05000000074505806,0.,0.));
#2773=IFCDIRECTION((0.,0.,1.));
#2774=IFCDIRECTION((1.,0.,0.));
#2775=IFCAXIS2PLACEMENT3D(#2772,#2773,#2774);
#2776=IFCDIRECTION((0.,0.,1.));
#2777=IFCEXTRUDEDAREASOLID(#2771,#2775,#2776,0.02500000037252903);
#2778=IFCCARTESIANPOINTLIST2D(((0.,0.),(0.,2.0250000022351742),(0.94999998062849045,2.0250000022351742),(0.94999998062849045,0.),(0.87499997764825821,0.),(0.87499997764825821,1.9499999992549419),(0.075000002980232239,1.9499999992549419),(0.075000002980232239,0.)));
#2779=IFCINDEXEDPOLYCURVE(#2778,(IFCLINEINDEX((1,2,3,4,5,6,7,8,1))),$);
#2780=IFCARBITRARYCLOSEDPROFILEDEF(.AREA.,$,#2779);
#2781=IFCCARTESIANPOINT((-0.025000002235174179,-0.004999999888241291,0.));
#2782=IFCDIRECTION((0.,-1.,0.));
#2783=IFCDIRECTION((1.,0.,0.));
#2784=IFCAXIS2PLACEMENT3D(#2781,#2782,#2783);
#2785=IFCDIRECTION((0.,0.,-1.));
#2786=IFCEXTRUDEDAREASOLID(#2780,#2784,#2785,0.004999999888241291);
#2787=IFCCARTESIANPOINTLIST2D(((0.,0.),(0.,2.0250000022351742),(0.94999998062849045,2.0250000022351742),(0.94999998062849045,0.),(0.89999997802078724,0.),(0.89999997802078724,1.974999999627471),(0.050000002607703209,1.974999999627471),(0.050000002607703209,0.)));
#2788=IFCINDEXEDPOLYCURVE(#2787,(IFCLINEINDEX((1,2,3,4,5,6,7,8,1))),$);
#2789=IFCARBITRARYCLOSEDPROFILEDEF(.AREA.,$,#2788);
#2790=IFCCARTESIANPOINT((-0.025000002235174179,0.05000000074505806,0.));
#2791=IFCDIRECTION((0.,-1.,0.));
#2792=IFCDIRECTION((1.,0.,0.));
#2793=IFCAXIS2PLACEMENT3D(#2790,#2791,#2792);
#2794=IFCDIRECTION((0.,0.,-1.));
#2795=IFCEXTRUDEDAREASOLID(#2789,#2793,#2794,0.004999999888241291);
#2796=IFCCARTESIANPOINTLIST2D(((0.,0.),(0.84999997541308403,0.),(0.84999997541308403,0.035000000149011612),(0.,0.035000000149011612)));
#2797=IFCINDEXEDPOLYCURVE(#2796,(IFCLINEINDEX((1,2,3,4,1))),$);
#2798=IFCARBITRARYCLOSEDPROFILEDEF(.AREA.,$,#2797);
#2799=IFCCARTESIANPOINT((0.02500000037252903,0.02500000037252903,0.02500000037252903));
#2800=IFCDIRECTION((0.,0.,1.));
#2801=IFCDIRECTION((1.,0.,0.));
#2802=IFCAXIS2PLACEMENT3D(#2799,#2800,#2801);
#2803=IFCDIRECTION((0.,0.,1.));
#2804=IFCEXTRUDEDAREASOLID(#2798,#2802,#2803,1.9499999992549419);
#2805=IFCCARTESIANPOINTLIST2D(((0.,0.),(0.,-0.040000000000000001),(-0.11999999999999988,-0.040000000000000001),(-0.11999999999999988,-0.02),(-0.020000000000000018,-0.02),(-0.020000000000000018,0.)));
#2806=IFCINDEXEDPOLYCURVE(#2805,(IFCLINEINDEX((1,2,3,4,5,6,1))),$);
#2807=IFCARBITRARYCLOSEDPROFILEDEF(.AREA.,$,#2806);
#2808=IFCCARTESIANPOINT((0.82499997578561302,0.02500000037252903,1.015000000372529));
#2809=IFCDIRECTION((0.,0.,1.));
#2810=IFCDIRECTION((1.,0.,0.));
#2811=IFCAXIS2PLACEMENT3D(#2808,#2809,#2810);
#2812=IFCDIRECTION((0.,0.,1.));
#2813=IFCEXTRUDEDAREASOLID(#2807,#2811,#2812,0.02);
#2814=IFCEXTRUDEDAREASOLID(#2815,#2818,#2822,0.02);
#2815=IFCARBITRARYCLOSEDPROFILEDEF(.AREA.,$,#2816);
#2816=IFCINDEXEDPOLYCURVE(#2817,(IFCLINEINDEX((1,2,3,4,5,6,1))),$);
#2817=IFCCARTESIANPOINTLIST2D(((0.,0.),(0.,0.040000000000000008),(-0.11999999999999988,0.040000000000000008),(-0.11999999999999988,0.020000000000000004),(-0.020000000000000018,0.020000000000000004),(-0.020000000000000018,0.)));
#2818=IFCAXIS2PLACEMENT3D(#2819,#2820,#2821);
#2819=IFCCARTESIANPOINT((0.82499997578561302,0.060000000521540642,1.015000000372529));
#2820=IFCDIRECTION((0.,0.,1.));
#2821=IFCDIRECTION((1.,0.,0.));
#2822=IFCDIRECTION((0.,0.,1.));
#2866=IFCCARTESIANPOINTLIST2D(((0.,0.),(0.,2.),(0.89999997615814209,2.),(0.89999997615814209,0.),(0.87499997578561306,0.),(0.87499997578561306,1.974999999627471),(0.02500000037252903,1.974999999627471),(0.02500000037252903,0.)));
#2867=IFCINDEXEDPOLYCURVE(#2866,(IFCLINEINDEX((1,2,3,4,5,6,7,8,1))),$);
#2868=IFCARBITRARYCLOSEDPROFILEDEF(.AREA.,$,#2867);
#2869=IFCCARTESIANPOINT((0.,0.02500000037252903,0.));
#2870=IFCDIRECTION((0.,-1.,0.));
#2871=IFCDIRECTION((1.,0.,0.));
#2872=IFCAXIS2PLACEMENT3D(#2869,#2870,#2871);
#2873=IFCDIRECTION((0.,0.,-1.));
#2874=IFCEXTRUDEDAREASOLID(#2868,#2872,#2873,0.02500000037252903);
#2875=IFCCARTESIANPOINTLIST2D(((0.,0.),(0.,2.),(0.89999997615814209,2.),(0.89999997615814209,0.),(0.84999997541308403,0.),(0.84999997541308403,1.9499999992549419),(0.05000000074505806,1.9499999992549419),(0.05000000074505806,0.)));
#2876=IFCINDEXEDPOLYCURVE(#2875,(IFCLINEINDEX((1,2,3,4,5,6,7,8,1))),$);
#2877=IFCARBITRARYCLOSEDPROFILEDEF(.AREA.,$,#2876);
#2878=IFCCARTESIANPOINT((0.,0.,0.));
#2879=IFCDIRECTION((0.,-1.,0.));
#2880=IFCDIRECTION((1.,0.,0.));
#2881=IFCAXIS2PLACEMENT3D(#2878,#2879,#2880);
#2882=IFCDIRECTION((0.,0.,-1.));
#2883=IFCEXTRUDEDAREASOLID(#2877,#2881,#2882,0.02500000037252903);
#2884=IFCCARTESIANPOINTLIST2D(((0.,0.),(0.79999997466802597,0.),(0.79999997466802597,0.10000000149011612),(0.,0.10000000149011612)));
#2885=IFCINDEXEDPOLYCURVE(#2884,(IFCLINEINDEX((1,2,3,4,1))),$);
#2886=IFCARBITRARYCLOSEDPROFILEDEF(.AREA.,$,#2885);
#2887=IFCCARTESIANPOINT((0.05000000074505806,0.,0.));
#2888=IFCDIRECTION((0.,0.,1.));
#2889=IFCDIRECTION((1.,0.,0.));
#2890=IFCAXIS2PLACEMENT3D(#2887,#2888,#2889);
#2891=IFCDIRECTION((0.,0.,1.));
#2892=IFCEXTRUDEDAREASOLID(#2886,#2890,#2891,0.02500000037252903);
#2893=IFCCARTESIANPOINTLIST2D(((0.,0.),(0.,2.0250000022351742),(0.94999998062849045,2.0250000022351742),(0.94999998062849045,0.),(0.87499997764825821,0.),(0.87499997764825821,1.9499999992549419),(0.075000002980232239,1.9499999992549419),(0.075000002980232239,0.)));
#2894=IFCINDEXEDPOLYCURVE(#2893,(IFCLINEINDEX((1,2,3,4,5,6,7,8,1))),$);
#2895=IFCARBITRARYCLOSEDPROFILEDEF(.AREA.,$,#2894);
#2896=IFCCARTESIANPOINT((-0.025000002235174179,-0.004999999888241291,0.));
#2897=IFCDIRECTION((0.,-1.,0.));
#2898=IFCDIRECTION((1.,0.,0.));
#2899=IFCAXIS2PLACEMENT3D(#2896,#2897,#2898);
#2900=IFCDIRECTION((0.,0.,-1.));
#2901=IFCEXTRUDEDAREASOLID(#2895,#2899,#2900,0.004999999888241291);
#2902=IFCCARTESIANPOINTLIST2D(((0.,0.),(0.,2.0250000022351742),(0.94999998062849045,2.0250000022351742),(0.94999998062849045,0.),(0.89999997802078724,0.),(0.89999997802078724,1.974999999627471),(0.050000002607703209,1.974999999627471),(0.050000002607703209,0.)));
#2903=IFCINDEXEDPOLYCURVE(#2902,(IFCLINEINDEX((1,2,3,4,5,6,7,8,1))),$);
#2904=IFCARBITRARYCLOSEDPROFILEDEF(.AREA.,$,#2903);
#2905=IFCCARTESIANPOINT((-0.025000002235174179,0.05000000074505806,0.));
#2906=IFCDIRECTION((0.,-1.,0.));
#2907=IFCDIRECTION((1.,0.,0.));
#2908=IFCAXIS2PLACEMENT3D(#2905,#2906,#2907);
#2909=IFCDIRECTION((0.,0.,-1.));
#2910=IFCEXTRUDEDAREASOLID(#2904,#2908,#2909,0.004999999888241291);
#2911=IFCCARTESIANPOINTLIST2D(((0.,0.),(0.84999997541308403,0.),(0.84999997541308403,0.035000000149011612),(0.,0.035000000149011612)));
#2912=IFCINDEXEDPOLYCURVE(#2911,(IFCLINEINDEX((1,2,3,4,1))),$);
#2913=IFCARBITRARYCLOSEDPROFILEDEF(.AREA.,$,#2912);
#2914=IFCCARTESIANPOINT((0.02500000037252903,0.02500000037252903,0.02500000037252903));
#2915=IFCDIRECTION((0.,0.,1.));
#2916=IFCDIRECTION((1.,0.,0.));
#2917=IFCAXIS2PLACEMENT3D(#2914,#2915,#2916);
#2918=IFCDIRECTION((0.,0.,1.));
#2919=IFCEXTRUDEDAREASOLID(#2913,#2917,#2918,1.9499999992549419);
#2920=IFCCARTESIANPOINTLIST2D(((0.,0.),(0.,-0.040000000000000001),(0.12,-0.040000000000000001),(0.12,-0.02),(0.02,-0.02),(0.02,0.)));
#2921=IFCINDEXEDPOLYCURVE(#2920,(IFCLINEINDEX((1,2,3,4,5,6,1))),$);
#2922=IFCARBITRARYCLOSEDPROFILEDEF(.AREA.,$,#2921);
#2923=IFCCARTESIANPOINT((0.075000000372529033,0.02500000037252903,1.015000000372529));
#2924=IFCDIRECTION((0.,0.,1.));
#2925=IFCDIRECTION((1.,0.,0.));
#2926=IFCAXIS2PLACEMENT3D(#2923,#2924,#2925);
#2927=IFCDIRECTION((0.,0.,1.));
#2928=IFCEXTRUDEDAREASOLID(#2922,#2926,#2927,0.02);
#2929=IFCEXTRUDEDAREASOLID(#2930,#2933,#2937,0.02);
#2930=IFCARBITRARYCLOSEDPROFILEDEF(.AREA.,$,#2931);
#2931=IFCINDEXEDPOLYCURVE(#2932,(IFCLINEINDEX((1,2,3,4,5,6,1))),$);
#2932=IFCCARTESIANPOINTLIST2D(((0.,0.),(0.,0.040000000000000008),(0.11999999999999998,0.040000000000000008),(0.11999999999999998,0.020000000000000004),(0.020000000000000004,0.020000000000000004),(0.020000000000000004,0.)));
#2933=IFCAXIS2PLACEMENT3D(#2934,#2935,#2936);
#2934=IFCCARTESIANPOINT((0.075000000372529033,0.060000000521540642,1.015000000372529));
#2935=IFCDIRECTION((0.,0.,1.));
#2936=IFCDIRECTION((1.,0.,0.));
#2937=IFCDIRECTION((0.,0.,1.));
#2978=IFCCARTESIANPOINTLIST3D(((0.,0.,0.),(0.89999997615814209,0.,0.),(0.89999997615814209,0.,2.),(0.,0.,2.)));
#2979=IFCINDEXEDPOLYCURVE(#2978,(IFCLINEINDEX((1,2,3,4,1))),$);
#2980=IFCSHAPEREPRESENTATION(#18,'Profile','Curve3D',(#2979));
#2981=IFCCARTESIANPOINTLIST2D(((0.,0.),(0.,2.),(0.89999997615814209,2.),(0.89999997615814209,0.),(0.87499997578561306,0.),(0.87499997578561306,1.974999999627471),(0.02500000037252903,1.974999999627471),(0.02500000037252903,0.)));
#2982=IFCINDEXEDPOLYCURVE(#2981,(IFCLINEINDEX((1,2,3,4,5,6,7,8,1))),$);
#2983=IFCARBITRARYCLOSEDPROFILEDEF(.AREA.,$,#2982);
#2984=IFCCARTESIANPOINT((0.,0.02500000037252903,0.));
#2985=IFCDIRECTION((0.,-1.,0.));
#2986=IFCDIRECTION((1.,0.,0.));
#2987=IFCAXIS2PLACEMENT3D(#2984,#2985,#2986);
#2988=IFCDIRECTION((0.,0.,-1.));
#2989=IFCEXTRUDEDAREASOLID(#2983,#2987,#2988,0.02500000037252903);
#2990=IFCCARTESIANPOINTLIST2D(((0.,0.),(0.,2.),(0.89999997615814209,2.),(0.89999997615814209,0.),(0.84999997541308403,0.),(0.84999997541308403,1.9499999992549419),(0.05000000074505806,1.9499999992549419),(0.05000000074505806,0.)));
#2991=IFCINDEXEDPOLYCURVE(#2990,(IFCLINEINDEX((1,2,3,4,5,6,7,8,1))),$);
#2992=IFCARBITRARYCLOSEDPROFILEDEF(.AREA.,$,#2991);
#2993=IFCCARTESIANPOINT((0.,0.,0.));
#2994=IFCDIRECTION((0.,-1.,0.));
#2995=IFCDIRECTION((1.,0.,0.));
#2996=IFCAXIS2PLACEMENT3D(#2993,#2994,#2995);
#2997=IFCDIRECTION((0.,0.,-1.));
#2998=IFCEXTRUDEDAREASOLID(#2992,#2996,#2997,0.02500000037252903);
#2999=IFCCARTESIANPOINTLIST2D(((0.,0.),(0.79999997466802597,0.),(0.79999997466802597,0.10000000149011612),(0.,0.10000000149011612)));
#3000=IFCINDEXEDPOLYCURVE(#2999,(IFCLINEINDEX((1,2,3,4,1))),$);
#3001=IFCARBITRARYCLOSEDPROFILEDEF(.AREA.,$,#3000);
#3002=IFCCARTESIANPOINT((0.05000000074505806,0.,0.));
#3003=IFCDIRECTION((0.,0.,1.));
#3004=IFCDIRECTION((1.,0.,0.));
#3005=IFCAXIS2PLACEMENT3D(#3002,#3003,#3004);
#3006=IFCDIRECTION((0.,0.,1.));
#3007=IFCEXTRUDEDAREASOLID(#3001,#3005,#3006,0.02500000037252903);
#3008=IFCCARTESIANPOINTLIST2D(((0.,0.),(0.,2.0250000022351742),(0.94999998062849045,2.0250000022351742),(0.94999998062849045,0.),(0.87499997764825821,0.),(0.87499997764825821,1.9499999992549419),(0.075000002980232239,1.9499999992549419),(0.075000002980232239,0.)));
#3009=IFCINDEXEDPOLYCURVE(#3008,(IFCLINEINDEX((1,2,3,4,5,6,7,8,1))),$);
#3010=IFCARBITRARYCLOSEDPROFILEDEF(.AREA.,$,#3009);
#3011=IFCCARTESIANPOINT((-0.025000002235174179,-0.004999999888241291,0.));
#3012=IFCDIRECTION((0.,-1.,0.));
#3013=IFCDIRECTION((1.,0.,0.));
#3014=IFCAXIS2PLACEMENT3D(#3011,#3012,#3013);
#3015=IFCDIRECTION((0.,0.,-1.));
#3016=IFCEXTRUDEDAREASOLID(#3010,#3014,#3015,0.004999999888241291);
#3017=IFCCARTESIANPOINTLIST2D(((0.,0.),(0.,2.0250000022351742),(0.94999998062849045,2.0250000022351742),(0.94999998062849045,0.),(0.89999997802078724,0.),(0.89999997802078724,1.974999999627471),(0.050000002607703209,1.974999999627471),(0.050000002607703209,0.)));
#3018=IFCINDEXEDPOLYCURVE(#3017,(IFCLINEINDEX((1,2,3,4,5,6,7,8,1))),$);
#3019=IFCARBITRARYCLOSEDPROFILEDEF(.AREA.,$,#3018);
#3020=IFCCARTESIANPOINT((-0.025000002235174179,0.05000000074505806,0.));
#3021=IFCDIRECTION((0.,-1.,0.));
#3022=IFCDIRECTION((1.,0.,0.));
#3023=IFCAXIS2PLACEMENT3D(#3020,#3021,#3022);
#3024=IFCDIRECTION((0.,0.,-1.));
#3025=IFCEXTRUDEDAREASOLID(#3019,#3023,#3024,0.004999999888241291);
#3026=IFCCARTESIANPOINTLIST2D(((0.,0.),(0.84999997541308403,0.),(0.84999997541308403,0.035000000149011612),(0.,0.035000000149011612)));
#3027=IFCINDEXEDPOLYCURVE(#3026,(IFCLINEINDEX((1,2,3,4,1))),$);
#3028=IFCARBITRARYCLOSEDPROFILEDEF(.AREA.,$,#3027);
#3029=IFCCARTESIANPOINT((0.02500000037252903,0.02500000037252903,0.02500000037252903));
#3030=IFCDIRECTION((0.,0.,1.));
#3031=IFCDIRECTION((1.,0.,0.));
#3032=IFCAXIS2PLACEMENT3D(#3029,#3030,#3031);
#3033=IFCDIRECTION((0.,0.,1.));
#3034=IFCEXTRUDEDAREASOLID(#3028,#3032,#3033,1.9499999992549419);
#3035=IFCCARTESIANPOINTLIST2D(((0.,0.),(0.,-0.040000000000000001),(-0.11999999999999988,-0.040000000000000001),(-0.11999999999999988,-0.02),(-0.020000000000000018,-0.02),(-0.020000000000000018,0.)));
#3036=IFCINDEXEDPOLYCURVE(#3035,(IFCLINEINDEX((1,2,3,4,5,6,1))),$);
#3037=IFCARBITRARYCLOSEDPROFILEDEF(.AREA.,$,#3036);
#3038=IFCCARTESIANPOINT((0.82499997578561302,0.02500000037252903,1.015000000372529));
#3039=IFCDIRECTION((0.,0.,1.));
#3040=IFCDIRECTION((1.,0.,0.));
#3041=IFCAXIS2PLACEMENT3D(#3038,#3039,#3040);
#3042=IFCDIRECTION((0.,0.,1.));
#3043=IFCEXTRUDEDAREASOLID(#3037,#3041,#3042,0.02);
#3044=IFCEXTRUDEDAREASOLID(#3045,#3048,#3052,0.02);
#3045=IFCARBITRARYCLOSEDPROFILEDEF(.AREA.,$,#3046);
#3046=IFCINDEXEDPOLYCURVE(#3047,(IFCLINEINDEX((1,2,3,4,5,6,1))),$);
#3047=IFCCARTESIANPOINTLIST2D(((0.,0.),(0.,0.040000000000000008),(-0.11999999999999988,0.040000000000000008),(-0.11999999999999988,0.020000000000000004),(-0.020000000000000018,0.020000000000000004),(-0.020000000000000018,0.)));
#3048=IFCAXIS2PLACEMENT3D(#3049,#3050,#3051);
#3049=IFCCARTESIANPOINT((0.82499997578561302,0.060000000521540642,1.015000000372529));
#3050=IFCDIRECTION((0.,0.,1.));
#3051=IFCDIRECTION((1.,0.,0.));
#3052=IFCDIRECTION((0.,0.,1.));
#3053=IFCSHAPEREPRESENTATION(#11,'Body','SweptSolid',(#2989,#2998,#3034,#3043,#3044,#3007,#3016,#3025));
#3054=IFCCARTESIANPOINTLIST2D(((0.,0.),(0.,0.05000000074505806),(0.02500000037252903,0.05000000074505806),(0.02500000037252903,0.02500000037252903),(0.05000000074505806,0.02500000037252903),(0.05000000074505806,0.)));
#3055=IFCINDEXEDPOLYCURVE(#3054,(IFCLINEINDEX((1,2,3,4,5,6,1))),$);
#3056=IFCINDEXEDPOLYCURVE(#3057,(IFCLINEINDEX((1,2,3,4,5,6,1))),$);
#3057=IFCCARTESIANPOINTLIST2D(((0.89999997615814209,0.),(0.89999997615814209,0.05000000074505806),(0.87499997578561306,0.05000000074505806),(0.87499997578561306,0.02500000037252903),(0.84999997541308403,0.02500000037252903),(0.84999997541308403,0.)));
#3058=IFCDIRECTION((1.,0.));
#3059=IFCCARTESIANPOINT((0.060000000521540642,0.05000000074505806));
#3060=IFCAXIS2PLACEMENT2D(#3059,#3058);
#3061=IFCELLIPSE(#3060,0.81499997526407242,0.84999997541308403);
#3062=IFCCARTESIANPOINT((0.87499997578561306,0.05000000074505806));
#3063=IFCCARTESIANPOINT((0.060000000521540642,0.89999997615814209));
#3064=IFCTRIMMEDCURVE(#3061,(#3062),(#3063),.T.,.CARTESIAN.);
#3065=IFCCARTESIANPOINTLIST2D(((0.02500000037252903,0.05000000074505806),(0.060000000521540642,0.05000000074505806),(0.060000000521540642,0.89999997615814209),(0.02500000037252903,0.89999997615814209)));
#3066=IFCINDEXEDPOLYCURVE(#3065,(IFCLINEINDEX((1,2,3,4,1))),$);
#3067=IFCSHAPEREPRESENTATION(#24,'Body','Curve2D',(#3055,#3056,#3064,#3066));
#3068=IFCCARTESIANPOINTLIST2D(((0.,0.),(0.89999997615814209,0.),(0.89999997615814209,2.),(0.,2.)));
#3069=IFCINDEXEDPOLYCURVE(#3068,(IFCLINEINDEX((1,2,3,4,1))),$);
#3070=IFCARBITRARYCLOSEDPROFILEDEF(.AREA.,$,#3069);
#3071=IFCCARTESIANPOINT((0.,-0.60000002384185791,0.));
#3072=IFCDIRECTION((0.,-1.,0.));
#3073=IFCDIRECTION((1.,0.,0.));
#3074=IFCAXIS2PLACEMENT3D(#3071,#3072,#3073);
#3075=IFCDIRECTION((0.,0.,-1.));
#3076=IFCEXTRUDEDAREASOLID(#3070,#3074,#3075,1.2);
#3077=IFCSHAPEREPRESENTATION(#11,'Body','SweptSolid',(#3076));
#3083=IFCCARTESIANPOINT((0.33506046732730488,1.6689300537109375E-06,0.));
#3084=IFCDIRECTION((0.,0.,1.));
#3085=IFCDIRECTION((0.99999999999988631,-4.7683715820307079E-07,0.));
#3086=IFCAXIS2PLACEMENT3D(#3083,#3084,#3085);
#3087=IFCLOCALPLACEMENT(#1412,#3086);
#3088=IFCCARTESIANPOINT((0.,0.,0.));
#3089=IFCDIRECTION((0.,0.,1.));
#3090=IFCDIRECTION((1.,0.,0.));
#3091=IFCAXIS2PLACEMENT3D(#3088,#3089,#3090);
#3092=IFCLOCALPLACEMENT(#3087,#3091);
#3093=IFCCARTESIANPOINTLIST3D(((0.,0.,0.),(0.89999997615814209,0.,0.),(0.89999997615814209,0.,2.),(0.,0.,2.)));
#3094=IFCINDEXEDPOLYCURVE(#3093,(IFCLINEINDEX((1,2,3,4,1))),$);
#3095=IFCSHAPEREPRESENTATION(#18,'Profile','Curve3D',(#3094));
#3096=IFCCARTESIANPOINTLIST2D(((0.,0.),(0.,2.),(0.89999997615814209,2.),(0.89999997615814209,0.),(0.87499997578561306,0.),(0.87499997578561306,1.974999999627471),(0.02500000037252903,1.974999999627471),(0.02500000037252903,0.)));
#3097=IFCINDEXEDPOLYCURVE(#3096,(IFCLINEINDEX((1,2,3,4,5,6,7,8,1))),$);
#3098=IFCARBITRARYCLOSEDPROFILEDEF(.AREA.,$,#3097);
#3099=IFCCARTESIANPOINT((0.,0.02500000037252903,0.));
#3100=IFCDIRECTION((0.,-1.,0.));
#3101=IFCDIRECTION((1.,0.,0.));
#3102=IFCAXIS2PLACEMENT3D(#3099,#3100,#3101);
#3103=IFCDIRECTION((0.,0.,-1.));
#3104=IFCEXTRUDEDAREASOLID(#3098,#3102,#3103,0.02500000037252903);
#3105=IFCCARTESIANPOINTLIST2D(((0.,0.),(0.,2.),(0.89999997615814209,2.),(0.89999997615814209,0.),(0.84999997541308403,0.),(0.84999997541308403,1.9499999992549419),(0.05000000074505806,1.9499999992549419),(0.05000000074505806,0.)));
#3106=IFCINDEXEDPOLYCURVE(#3105,(IFCLINEINDEX((1,2,3,4,5,6,7,8,1))),$);
#3107=IFCARBITRARYCLOSEDPROFILEDEF(.AREA.,$,#3106);
#3108=IFCCARTESIANPOINT((0.,0.,0.));
#3109=IFCDIRECTION((0.,-1.,0.));
#3110=IFCDIRECTION((1.,0.,0.));
#3111=IFCAXIS2PLACEMENT3D(#3108,#3109,#3110);
#3112=IFCDIRECTION((0.,0.,-1.));
#3113=IFCEXTRUDEDAREASOLID(#3107,#3111,#3112,0.02500000037252903);
#3114=IFCCARTESIANPOINTLIST2D(((0.,0.),(0.79999997466802597,0.),(0.79999997466802597,0.10000000149011612),(0.,0.10000000149011612)));
#3115=IFCINDEXEDPOLYCURVE(#3114,(IFCLINEINDEX((1,2,3,4,1))),$);
#3116=IFCARBITRARYCLOSEDPROFILEDEF(.AREA.,$,#3115);
#3117=IFCCARTESIANPOINT((0.05000000074505806,0.,0.));
#3118=IFCDIRECTION((0.,0.,1.));
#3119=IFCDIRECTION((1.,0.,0.));
#3120=IFCAXIS2PLACEMENT3D(#3117,#3118,#3119);
#3121=IFCDIRECTION((0.,0.,1.));
#3122=IFCEXTRUDEDAREASOLID(#3116,#3120,#3121,0.02500000037252903);
#3123=IFCCARTESIANPOINTLIST2D(((0.,0.),(0.,2.0250000022351742),(0.94999998062849045,2.0250000022351742),(0.94999998062849045,0.),(0.87499997764825821,0.),(0.87499997764825821,1.9499999992549419),(0.075000002980232239,1.9499999992549419),(0.075000002980232239,0.)));
#3124=IFCINDEXEDPOLYCURVE(#3123,(IFCLINEINDEX((1,2,3,4,5,6,7,8,1))),$);
#3125=IFCARBITRARYCLOSEDPROFILEDEF(.AREA.,$,#3124);
#3126=IFCCARTESIANPOINT((-0.025000002235174179,-0.004999999888241291,0.));
#3127=IFCDIRECTION((0.,-1.,0.));
#3128=IFCDIRECTION((1.,0.,0.));
#3129=IFCAXIS2PLACEMENT3D(#3126,#3127,#3128);
#3130=IFCDIRECTION((0.,0.,-1.));
#3131=IFCEXTRUDEDAREASOLID(#3125,#3129,#3130,0.004999999888241291);
#3132=IFCCARTESIANPOINTLIST2D(((0.,0.),(0.,2.0250000022351742),(0.94999998062849045,2.0250000022351742),(0.94999998062849045,0.),(0.89999997802078724,0.),(0.89999997802078724,1.974999999627471),(0.050000002607703209,1.974999999627471),(0.050000002607703209,0.)));
#3133=IFCINDEXEDPOLYCURVE(#3132,(IFCLINEINDEX((1,2,3,4,5,6,7,8,1))),$);
#3134=IFCARBITRARYCLOSEDPROFILEDEF(.AREA.,$,#3133);
#3135=IFCCARTESIANPOINT((-0.025000002235174179,0.05000000074505806,0.));
#3136=IFCDIRECTION((0.,-1.,0.));
#3137=IFCDIRECTION((1.,0.,0.));
#3138=IFCAXIS2PLACEMENT3D(#3135,#3136,#3137);
#3139=IFCDIRECTION((0.,0.,-1.));
#3140=IFCEXTRUDEDAREASOLID(#3134,#3138,#3139,0.004999999888241291);
#3141=IFCCARTESIANPOINTLIST2D(((0.,0.),(0.84999997541308403,0.),(0.84999997541308403,0.035000000149011612),(0.,0.035000000149011612)));
#3142=IFCINDEXEDPOLYCURVE(#3141,(IFCLINEINDEX((1,2,3,4,1))),$);
#3143=IFCARBITRARYCLOSEDPROFILEDEF(.AREA.,$,#3142);
#3144=IFCCARTESIANPOINT((0.02500000037252903,0.02500000037252903,0.02500000037252903));
#3145=IFCDIRECTION((0.,0.,1.));
#3146=IFCDIRECTION((1.,0.,0.));
#3147=IFCAXIS2PLACEMENT3D(#3144,#3145,#3146);
#3148=IFCDIRECTION((0.,0.,1.));
#3149=IFCEXTRUDEDAREASOLID(#3143,#3147,#3148,1.9499999992549419);
#3150=IFCCARTESIANPOINTLIST2D(((0.,0.),(0.,-0.040000000000000001),(0.12,-0.040000000000000001),(0.12,-0.02),(0.02,-0.02),(0.02,0.)));
#3151=IFCINDEXEDPOLYCURVE(#3150,(IFCLINEINDEX((1,2,3,4,5,6,1))),$);
#3152=IFCARBITRARYCLOSEDPROFILEDEF(.AREA.,$,#3151);
#3153=IFCCARTESIANPOINT((0.075000000372529033,0.02500000037252903,1.015000000372529));
#3154=IFCDIRECTION((0.,0.,1.));
#3155=IFCDIRECTION((1.,0.,0.));
#3156=IFCAXIS2PLACEMENT3D(#3153,#3154,#3155);
#3157=IFCDIRECTION((0.,0.,1.));
#3158=IFCEXTRUDEDAREASOLID(#3152,#3156,#3157,0.02);
#3159=IFCEXTRUDEDAREASOLID(#3160,#3163,#3167,0.02);
#3160=IFCARBITRARYCLOSEDPROFILEDEF(.AREA.,$,#3161);
#3161=IFCINDEXEDPOLYCURVE(#3162,(IFCLINEINDEX((1,2,3,4,5,6,1))),$);
#3162=IFCCARTESIANPOINTLIST2D(((0.,0.),(0.,0.040000000000000008),(0.11999999999999998,0.040000000000000008),(0.11999999999999998,0.020000000000000004),(0.020000000000000004,0.020000000000000004),(0.020000000000000004,0.)));
#3163=IFCAXIS2PLACEMENT3D(#3164,#3165,#3166);
#3164=IFCCARTESIANPOINT((0.075000000372529033,0.060000000521540642,1.015000000372529));
#3165=IFCDIRECTION((0.,0.,1.));
#3166=IFCDIRECTION((1.,0.,0.));
#3167=IFCDIRECTION((0.,0.,1.));
#3168=IFCSHAPEREPRESENTATION(#11,'Body','SweptSolid',(#3104,#3113,#3149,#3158,#3159,#3122,#3131,#3140));
#3169=IFCCARTESIANPOINTLIST2D(((0.,0.),(0.,0.05000000074505806),(0.02500000037252903,0.05000000074505806),(0.02500000037252903,0.02500000037252903),(0.05000000074505806,0.02500000037252903),(0.05000000074505806,0.)));
#3170=IFCINDEXEDPOLYCURVE(#3169,(IFCLINEINDEX((1,2,3,4,5,6,1))),$);
#3171=IFCINDEXEDPOLYCURVE(#3172,(IFCLINEINDEX((1,2,3,4,5,6,1))),$);
#3172=IFCCARTESIANPOINTLIST2D(((0.89999997615814209,0.),(0.89999997615814209,0.05000000074505806),(0.87499997578561306,0.05000000074505806),(0.87499997578561306,0.02500000037252903),(0.84999997541308403,0.02500000037252903),(0.84999997541308403,0.)));
#3173=IFCDIRECTION((1.,0.));
#3174=IFCCARTESIANPOINT((0.83999997563660145,0.05000000074505806));
#3175=IFCAXIS2PLACEMENT2D(#3174,#3173);
#3176=IFCELLIPSE(#3175,0.81499997526407242,0.84999997541308403);
#3177=IFCCARTESIANPOINT((0.83999997563660145,0.89999997615814209));
#3178=IFCCARTESIANPOINT((0.02500000037252903,0.05000000074505806));
#3179=IFCTRIMMEDCURVE(#3176,(#3177),(#3178),.T.,.CARTESIAN.);
#3180=IFCCARTESIANPOINTLIST2D(((0.87499997578561306,0.05000000074505806),(0.83999997563660145,0.05000000074505806),(0.83999997563660145,0.89999997615814209),(0.87499997578561306,0.89999997615814209)));
#3181=IFCINDEXEDPOLYCURVE(#3180,(IFCLINEINDEX((1,2,3,4,1))),$);
#3182=IFCSHAPEREPRESENTATION(#24,'Body','Curve2D',(#3170,#3171,#3179,#3181));
#3183=IFCCARTESIANPOINTLIST2D(((0.,0.),(0.89999997615814209,0.),(0.89999997615814209,2.),(0.,2.)));
#3184=IFCINDEXEDPOLYCURVE(#3183,(IFCLINEINDEX((1,2,3,4,1))),$);
#3185=IFCARBITRARYCLOSEDPROFILEDEF(.AREA.,$,#3184);
#3186=IFCCARTESIANPOINT((0.,-0.60000002384185791,0.));
#3187=IFCDIRECTION((0.,-1.,0.));
#3188=IFCDIRECTION((1.,0.,0.));
#3189=IFCAXIS2PLACEMENT3D(#3186,#3187,#3188);
#3190=IFCDIRECTION((0.,0.,-1.));
#3191=IFCEXTRUDEDAREASOLID(#3185,#3189,#3190,1.2);
#3192=IFCSHAPEREPRESENTATION(#11,'Body','SweptSolid',(#3191));
#3198=IFCCARTESIANPOINT((1.5512112516761216,0.014999804784855297,0.));
#3199=IFCDIRECTION((0.,0.,1.));
#3200=IFCDIRECTION((0.99999999999997147,-2.384185719961227E-07,0.));
#3201=IFCAXIS2PLACEMENT3D(#3198,#3199,#3200);
#3202=IFCLOCALPLACEMENT(#662,#3201);
#3203=IFCCARTESIANPOINT((-2.2204460492503131E-16,5.5511151231257827E-17,0.));
#3204=IFCDIRECTION((0.,0.,1.));
#3205=IFCDIRECTION((1.,5.2939559203393771E-23,0.));
#3206=IFCAXIS2PLACEMENT3D(#3203,#3204,#3205);
#3207=IFCLOCALPLACEMENT(#3202,#3206);
#3316=IFCDOOR('20NeEcY$j0pwRwU1_VKsyA',$,'Door',$,$,#3490,$,$,2.,0.64906704425811768,$,.SINGLE_SWING_LEFT.,$);
#3340=IFCOPENINGELEMENT('2VQ96YQI92TBuyd_BPc_Cq',$,'Opening',$,$,#3485,#3368,$,.OPENING.);
#3356=IFCCARTESIANPOINT((0.,0.,0.));
#3357=IFCDIRECTION((1.,0.,0.));
#3358=IFCDIRECTION((0.,0.,1.));
#3359=IFCAXIS2PLACEMENT3D(#3356,#3358,#3357);
#3360=IFCREPRESENTATIONMAP(#3359,#3475);
#3361=IFCCARTESIANPOINT((0.,0.,0.));
#3362=IFCDIRECTION((1.,0.,0.));
#3363=IFCDIRECTION((0.,1.,0.));
#3364=IFCDIRECTION((0.,0.,1.));
#3365=IFCCARTESIANTRANSFORMATIONOPERATOR3D(#3362,#3363,#3361,1.,#3364);
#3366=IFCMAPPEDITEM(#3360,#3365);
#3367=IFCSHAPEREPRESENTATION(#11,'Body','MappedRepresentation',(#3366));
#3368=IFCPRODUCTDEFINITIONSHAPE($,$,(#3367));
#3369=IFCRELVOIDSELEMENT('0FAYkBdNf818mvu8iuT_Wh',$,$,$,#920,#3340);
#3375=IFCRELFILLSELEMENT('1MsQc6DyjBbfacRDN2KCXl',$,$,$,#3340,#3316);
#3466=IFCCARTESIANPOINTLIST2D(((0.,0.),(0.70942580699920654,0.),(0.70942580699920654,2.),(0.,2.)));
#3467=IFCINDEXEDPOLYCURVE(#3466,(IFCLINEINDEX((1,2,3,4,1))),$);
#3468=IFCARBITRARYCLOSEDPROFILEDEF(.AREA.,$,#3467);
#3469=IFCCARTESIANPOINT((0.,-0.60000002384185791,0.));
#3470=IFCDIRECTION((0.,-1.,0.));
#3471=IFCDIRECTION((1.,0.,0.));
#3472=IFCAXIS2PLACEMENT3D(#3469,#3470,#3471);
#3473=IFCDIRECTION((0.,0.,-1.));
#3474=IFCEXTRUDEDAREASOLID(#3468,#3472,#3473,1.2);
#3475=IFCSHAPEREPRESENTATION(#11,'Body','SweptSolid',(#3474));
#3481=IFCCARTESIANPOINT((0.025910004814594156,0.014999990739775315,0.));
#3482=IFCDIRECTION((0.,0.,1.));
#3483=IFCDIRECTION((0.99999999999999289,-1.1920928955077312E-07,0.));
#3484=IFCAXIS2PLACEMENT3D(#3481,#3482,#3483);
#3485=IFCLOCALPLACEMENT(#1222,#3484);
#3486=IFCCARTESIANPOINT((0.,2.2204460492503131E-16,0.));
#3487=IFCDIRECTION((0.,0.,1.));
#3488=IFCDIRECTION((0.99999999999999989,0.,0.));
#3489=IFCAXIS2PLACEMENT3D(#3486,#3487,#3488);
#3490=IFCLOCALPLACEMENT(#3485,#3489);
#3491=IFCWALL('2aQDrqTt5BLBhMJZ$ZqxZk',$,'Wall',$,$,#3502,#3497,$,$);
#3492=IFCMATERIALLAYERSETUSAGE(#82,.AXIS2.,.POSITIVE.,0.,$);
#3493=IFCRELASSOCIATESMATERIAL('3C8I1Ca4T789hZ3LnI6VOt',$,$,$,(#3491),#3492);
#3497=IFCPRODUCTDEFINITIONSHAPE($,$,(#3528,#3525));
#3498=IFCCARTESIANPOINT((-1.2627986669540405,4.9598956108093262,0.));
#3499=IFCDIRECTION((0.,0.,1.));
#3500=IFCDIRECTION((-0.010240300751373549,-0.99994756674563767,0.));
#3501=IFCAXIS2PLACEMENT3D(#3498,#3499,#3500);
#3502=IFCLOCALPLACEMENT(#79,#3501);
#3513=IFCPROPERTYSET('1JKI$H_J16uQ9vJBmc8g3I',$,'EPset_Parametric',$,(#3515));
#3514=IFCRELDEFINESBYPROPERTIES('1tYHrLDO5CSOfUe66y985s',$,$,$,(#3491),#3513);
#3515=IFCPROPERTYSINGLEVALUE('Engine',$,IFCLABEL('Bonsai.DumbLayer2'),$);
#3516=IFCCARTESIANPOINTLIST2D(((0.,0.),(0.,0.10000000000000001),(2.347935548995403,0.10000000000000001),(2.347935548995403,0.)));
#3517=IFCINDEXEDPOLYCURVE(#3516,(IFCLINEINDEX((1,2,3,4,1))),$);
#3518=IFCARBITRARYCLOSEDPROFILEDEF(.AREA.,$,#3517);
#3519=IFCCARTESIANPOINT((0.,0.,0.));
#3520=IFCDIRECTION((0.,0.,1.));
#3521=IFCDIRECTION((1.,0.,0.));
#3522=IFCAXIS2PLACEMENT3D(#3519,#3520,#3521);
#3523=IFCDIRECTION((0.,0.,1.));
#3524=IFCEXTRUDEDAREASOLID(#3518,#3522,#3523,3.);
#3525=IFCSHAPEREPRESENTATION(#11,'Body','SweptSolid',(#3524));
#3526=IFCCARTESIANPOINTLIST2D(((0.,0.),(2.347935548995403,0.)));
#3527=IFCINDEXEDPOLYCURVE(#3526,$,$);
#3528=IFCSHAPEREPRESENTATION(#23,'Axis','Curve2D',(#3527));
#3713=IFCDOOR('0s0YrjxbH54PNixuGmI0xX',$,'Door',$,$,#3761,$,$,2.,0.70942580699920654,$,$,$);
#3736=IFCOPENINGELEMENT('2mft9q87f2$RVndNsE$dM2',$,'Opening',$,$,#3755,#3749,$,.OPENING.);
#3742=IFCCARTESIANPOINT((0.,0.,0.));
#3743=IFCDIRECTION((1.,0.,0.));
#3744=IFCDIRECTION((0.,1.,0.));
#3745=IFCDIRECTION((0.,0.,1.));
#3746=IFCCARTESIANTRANSFORMATIONOPERATOR3D(#3743,#3744,#3742,1.,#3745);
#3747=IFCMAPPEDITEM(#3360,#3746);
#3748=IFCSHAPEREPRESENTATION(#11,'Body','MappedRepresentation',(#3747));
#3749=IFCPRODUCTDEFINITIONSHAPE($,$,(#3748));
#3750=IFCRELVOIDSELEMENT('2_ezlrwiP8qO5fAL3bfRQ8',$,$,$,#3491,#3736);
#3751=IFCCARTESIANPOINT((2.2160730999864851,0.10000000058414038,0.));
#3752=IFCDIRECTION((0.,0.,1.));
#3753=IFCDIRECTION((-0.99999999999999956,3.1342405434897636E-08,0.));
#3754=IFCAXIS2PLACEMENT3D(#3751,#3752,#3753);
#3755=IFCLOCALPLACEMENT(#3502,#3754);
#3756=IFCRELFILLSELEMENT('1HrSirEPj1kB2jzG3zUAtO',$,$,$,#3736,#3713);
#3757=IFCCARTESIANPOINT((4.4408920985006262E-16,0.,0.));
#3758=IFCDIRECTION((0.,0.,1.));
#3759=IFCDIRECTION((0.99999999999999989,-1.7347234759768071E-18,0.));
#3760=IFCAXIS2PLACEMENT3D(#3757,#3758,#3759);
#3761=IFCLOCALPLACEMENT(#3755,#3760);
#3765=IFCDOORTYPE('0PJbLHs_r7sgkiGah0mKVs',$,'Maid''s-GF',$,$,(#3766),(#3768,#3776,#3854,#4031),$,$,.DOOR.,.SINGLE_SWING_LEFT.,$,$);
#3766=IFCPROPERTYSET('2HmGI6XDb72OuHRCt7ONgs',$,'BBIM_Door',$,(#3767));
#3767=IFCPROPERTYSINGLEVALUE('Data',$,IFCTEXT('{"door_type": "SLIDING_TO_RIGHT", "overall_height": 2.0, "overall_width": 1.3422476053237915, "lining_properties": {"lining_depth": 0.05000000074505806, "lining_thickness": 0.05000000074505806, "lining_offset": 0.0, "transom_thickness": 0.0, "casing_thickness": 0.07500000298023224, "casing_depth": 0.004999999888241291, "threshold_thickness": 0.02500000037252903, "threshold_depth": 0.10000000149011612, "threshold_offset": 0.0}, "panel_properties": {"panel_depth": 0.03500000014901161, "panel_width_ratio": 1.0}}'),$);
#3768=IFCREPRESENTATIONMAP(#3769,#8553);
#3769=IFCAXIS2PLACEMENT3D(#3770,#3771,#3772);
#3770=IFCCARTESIANPOINT((0.,0.,0.));
#3771=IFCDIRECTION((0.,0.,1.));
#3772=IFCDIRECTION((1.,0.,0.));
#3776=IFCREPRESENTATIONMAP(#3777,#8617);
#3777=IFCAXIS2PLACEMENT3D(#3778,#3779,#3780);
#3778=IFCCARTESIANPOINT((0.,0.,0.));
#3779=IFCDIRECTION((0.,0.,1.));
#3780=IFCDIRECTION((1.,0.,0.));
#3854=IFCREPRESENTATIONMAP(#3855,#8624);
#3855=IFCAXIS2PLACEMENT3D(#3856,#3857,#3858);
#3856=IFCCARTESIANPOINT((0.,0.,0.));
#3857=IFCDIRECTION((0.,0.,1.));
#3858=IFCDIRECTION((1.,0.,0.));
#3873=IFCDOOR('1zd7KeHG98dPhnYQ635aAq',$,'Door',$,$,#8654,#3882,$,2.,1.3422476053237915,$,.SLIDING_TO_RIGHT.,$);
#3874=IFCRELDEFINESBYTYPE('2eBWrP53TEwBtibRyQtmH5',$,$,$,(#3873),#3765);
#3875=IFCCARTESIANPOINT((0.,0.,0.));
#3876=IFCDIRECTION((1.,0.,0.));
#3877=IFCDIRECTION((0.,1.,0.));
#3878=IFCDIRECTION((0.,0.,1.));
#3879=IFCCARTESIANTRANSFORMATIONOPERATOR3D(#3876,#3877,#3875,1.,#3878);
#3880=IFCMAPPEDITEM(#3768,#3879);
#3881=IFCSHAPEREPRESENTATION(#18,'Profile','MappedRepresentation',(#3880));
#3882=IFCPRODUCTDEFINITIONSHAPE($,$,(#3881,#3889,#3896,#4038));
#3883=IFCCARTESIANPOINT((0.,0.,0.));
#3884=IFCDIRECTION((1.,0.,0.));
#3885=IFCDIRECTION((0.,1.,0.));
#3886=IFCDIRECTION((0.,0.,1.));
#3887=IFCCARTESIANTRANSFORMATIONOPERATOR3D(#3884,#3885,#3883,1.,#3886);
#3888=IFCMAPPEDITEM(#3776,#3887);
#3889=IFCSHAPEREPRESENTATION(#11,'Body','MappedRepresentation',(#3888));
#3890=IFCCARTESIANPOINT((0.,0.,0.));
#3891=IFCDIRECTION((1.,0.,0.));
#3892=IFCDIRECTION((0.,1.,0.));
#3893=IFCDIRECTION((0.,0.,1.));
#3894=IFCCARTESIANTRANSFORMATIONOPERATOR3D(#3891,#3892,#3890,1.,#3893);
#3895=IFCMAPPEDITEM(#3854,#3894);
#3896=IFCSHAPEREPRESENTATION(#24,'Body','MappedRepresentation',(#3895));
#3897=IFCOPENINGELEMENT('0AaKuxvt94IvUR3434Tzl1',$,'Opening',$,$,#8649,#3925,$,.OPENING.);
#3913=IFCCARTESIANPOINT((0.,0.,0.));
#3914=IFCDIRECTION((1.,0.,0.));
#3915=IFCDIRECTION((0.,0.,1.));
#3916=IFCAXIS2PLACEMENT3D(#3913,#3915,#3914);
#3917=IFCREPRESENTATIONMAP(#3916,#8639);
#3918=IFCCARTESIANPOINT((0.,0.,0.));
#3919=IFCDIRECTION((1.,0.,0.));
#3920=IFCDIRECTION((0.,1.,0.));
#3921=IFCDIRECTION((0.,0.,1.));
#3922=IFCCARTESIANTRANSFORMATIONOPERATOR3D(#3919,#3920,#3918,1.,#3921);
#3923=IFCMAPPEDITEM(#3917,#3922);
#3924=IFCSHAPEREPRESENTATION(#11,'Body','MappedRepresentation',(#3923));
#3925=IFCPRODUCTDEFINITIONSHAPE($,$,(#3924));
#3926=IFCRELVOIDSELEMENT('2fQteo0TH9VBBUuNnSUFQL',$,$,$,#1015,#3897);
#3932=IFCRELFILLSELEMENT('3TJZDwWdT0BON3qaELyoZY',$,$,$,#3897,#3873);
#3947=IFCCARTESIANPOINTLIST2D(((0.,0.),(0.,2.),(1.3422476053237915,2.),(1.3422476053237915,0.),(1.2922476045787334,0.),(1.2922476045787334,1.9499999992549419),(0.05000000074505806,1.9499999992549419),(0.05000000074505806,0.)));
#3948=IFCINDEXEDPOLYCURVE(#3947,(IFCLINEINDEX((1,2,3,4,5,6,7,8,1))),$);
#3949=IFCARBITRARYCLOSEDPROFILEDEF(.AREA.,$,#3948);
#3950=IFCCARTESIANPOINT((0.,0.,0.));
#3951=IFCDIRECTION((0.,-1.,0.));
#3952=IFCDIRECTION((1.,0.,0.));
#3953=IFCAXIS2PLACEMENT3D(#3950,#3951,#3952);
#3954=IFCDIRECTION((0.,0.,-1.));
#3955=IFCEXTRUDEDAREASOLID(#3949,#3953,#3954,0.05000000074505806);
#3956=IFCCARTESIANPOINTLIST2D(((0.,0.),(1.2422476038336754,0.),(1.2422476038336754,0.10000000149011612),(0.,0.10000000149011612)));
#3957=IFCINDEXEDPOLYCURVE(#3956,(IFCLINEINDEX((1,2,3,4,1))),$);
#3958=IFCARBITRARYCLOSEDPROFILEDEF(.AREA.,$,#3957);
#3959=IFCCARTESIANPOINT((0.05000000074505806,0.,0.));
#3960=IFCDIRECTION((0.,0.,1.));
#3961=IFCDIRECTION((1.,0.,0.));
#3962=IFCAXIS2PLACEMENT3D(#3959,#3960,#3961);
#3963=IFCDIRECTION((0.,0.,1.));
#3964=IFCEXTRUDEDAREASOLID(#3958,#3962,#3963,0.02500000037252903);
#3965=IFCCARTESIANPOINTLIST2D(((0.,0.),(0.,2.0250000022351742),(1.3922476097941399,2.0250000022351742),(1.3922476097941399,0.),(1.3172476068139076,0.),(1.3172476068139076,1.9499999992549419),(0.075000002980232239,1.9499999992549419),(0.075000002980232239,0.)));
#3966=IFCINDEXEDPOLYCURVE(#3965,(IFCLINEINDEX((1,2,3,4,5,6,7,8,1))),$);
#3967=IFCARBITRARYCLOSEDPROFILEDEF(.AREA.,$,#3966);
#3968=IFCCARTESIANPOINT((-0.025000002235174179,-0.004999999888241291,0.));
#3969=IFCDIRECTION((0.,-1.,0.));
#3970=IFCDIRECTION((1.,0.,0.));
#3971=IFCAXIS2PLACEMENT3D(#3968,#3969,#3970);
#3972=IFCDIRECTION((0.,0.,-1.));
#3973=IFCEXTRUDEDAREASOLID(#3967,#3971,#3972,0.004999999888241291);
#3974=IFCCARTESIANPOINTLIST2D(((0.,0.),(0.,2.0250000022351742),(1.3922476097941399,2.0250000022351742),(1.3922476097941399,0.),(1.3172476068139076,0.),(1.3172476068139076,1.9499999992549419),(0.075000002980232239,1.9499999992549419),(0.075000002980232239,0.)));
#3975=IFCINDEXEDPOLYCURVE(#3974,(IFCLINEINDEX((1,2,3,4,5,6,7,8,1))),$);
#3976=IFCARBITRARYCLOSEDPROFILEDEF(.AREA.,$,#3975);
#3977=IFCCARTESIANPOINT((-0.025000002235174179,0.05000000074505806,0.));
#3978=IFCDIRECTION((0.,-1.,0.));
#3979=IFCDIRECTION((1.,0.,0.));
#3980=IFCAXIS2PLACEMENT3D(#3977,#3978,#3979);
#3981=IFCDIRECTION((0.,0.,-1.));
#3982=IFCEXTRUDEDAREASOLID(#3976,#3980,#3981,0.004999999888241291);
#3983=IFCCARTESIANPOINTLIST2D(((0.,0.),(1.2422476038336754,0.),(1.2422476038336754,0.035000000149011612),(0.,0.035000000149011612)));
#3984=IFCINDEXEDPOLYCURVE(#3983,(IFCLINEINDEX((1,2,3,4,1))),$);
#3985=IFCARBITRARYCLOSEDPROFILEDEF(.AREA.,$,#3984);
#3986=IFCCARTESIANPOINT((0.05000000074505806,-0.035000000149011612,0.02500000037252903));
#3987=IFCDIRECTION((0.,0.,1.));
#3988=IFCDIRECTION((1.,0.,0.));
#3989=IFCAXIS2PLACEMENT3D(#3986,#3987,#3988);
#3990=IFCDIRECTION((0.,0.,1.));
#3991=IFCEXTRUDEDAREASOLID(#3985,#3989,#3990,1.9249999988824129);
#3992=IFCCARTESIANPOINTLIST2D(((0.,0.),(0.,-0.040000000000000001),(0.12,-0.040000000000000001),(0.12,-0.02),(0.02,-0.02),(0.02,0.)));
#3993=IFCINDEXEDPOLYCURVE(#3992,(IFCLINEINDEX((1,2,3,4,5,6,1))),$);
#3994=IFCARBITRARYCLOSEDPROFILEDEF(.AREA.,$,#3993);
#3995=IFCCARTESIANPOINT((0.10000000074505806,-0.035000000149011612,1.015000000372529));
#3996=IFCDIRECTION((0.,0.,1.));
#3997=IFCDIRECTION((1.,0.,0.));
#3998=IFCAXIS2PLACEMENT3D(#3995,#3996,#3997);
#3999=IFCDIRECTION((0.,0.,1.));
#4000=IFCEXTRUDEDAREASOLID(#3994,#3998,#3999,0.02);
#4001=IFCEXTRUDEDAREASOLID(#4002,#4005,#4009,0.02);
#4002=IFCARBITRARYCLOSEDPROFILEDEF(.AREA.,$,#4003);
#4003=IFCINDEXEDPOLYCURVE(#4004,(IFCLINEINDEX((1,2,3,4,5,6,1))),$);
#4004=IFCCARTESIANPOINTLIST2D(((0.,0.),(0.,0.040000000000000008),(0.11999999999999998,0.040000000000000008),(0.11999999999999998,0.020000000000000004),(0.020000000000000004,0.020000000000000004),(0.020000000000000004,0.)));
#4005=IFCAXIS2PLACEMENT3D(#4006,#4007,#4008);
#4006=IFCCARTESIANPOINT((0.10000000074505806,0.,1.015000000372529));
#4007=IFCDIRECTION((0.,0.,1.));
#4008=IFCDIRECTION((1.,0.,0.));
#4009=IFCDIRECTION((0.,0.,1.));
#4011=IFCSHAPEREPRESENTATION(#11,'Body','SweptSolid',(#3982,#8571,#3973,#8562,#5132,#4137,#5123,#4597,#4128,#5114,#4588,#3964,#5105,#4579,#4570,#8589,#8580,#5236,#3955,#5218,#5227,#4155,#5209,#4146));
#4012=IFCSHAPEASPECT((#4011),'Lining',$,.T.,#3882);
#4013=IFCSHAPEREPRESENTATION(#11,'Body','SweptSolid',(#4174,#8607,#5150,#8598,#8608,#5141,#5254,#4606,#5255,#4164,#5245,#4173,#5151,#4000,#4001,#4615,#3991,#4616));
#4014=IFCSHAPEASPECT((#4013),'Framing',$,.T.,#3882);
#4027=IFCCARTESIANPOINT((0.,0.,0.));
#4028=IFCDIRECTION((1.,0.,0.));
#4029=IFCDIRECTION((0.,0.,1.));
#4030=IFCAXIS2PLACEMENT3D(#4027,#4029,#4028);
#4031=IFCREPRESENTATIONMAP(#4030,#8629);
#4032=IFCCARTESIANPOINT((0.,0.,0.));
#4033=IFCDIRECTION((1.,0.,0.));
#4034=IFCDIRECTION((0.,1.,0.));
#4035=IFCDIRECTION((0.,0.,1.));
#4036=IFCCARTESIANTRANSFORMATIONOPERATOR3D(#4033,#4034,#4032,1.,#4035);
#4037=IFCMAPPEDITEM(#4031,#4036);
#4038=IFCSHAPEREPRESENTATION(#25,'Annotation','MappedRepresentation',(#4037));
#4064=IFCWALL('1X0HwJtiz5xAOjzrLdFKKl',$,'Wall',$,$,#5684,#4070,$,$);
#4065=IFCMATERIALLAYERSETUSAGE(#82,.AXIS2.,.POSITIVE.,0.,$);
#4066=IFCRELASSOCIATESMATERIAL('25CXGAlsf4MxzmpiObVuNS',$,$,$,(#4064),#4065);
#4070=IFCPRODUCTDEFINITIONSHAPE($,$,(#6282,#6279));
#4086=IFCPROPERTYSET('1rZHIFyyv6MuZ2yzVK8_Ny',$,'EPset_Parametric',$,(#4088));
#4087=IFCRELDEFINESBYPROPERTIES('0iI57WoG94RhUvI4D8KRZS',$,$,$,(#4064),#4086);
#4088=IFCPROPERTYSINGLEVALUE('Engine',$,IFCLABEL('Bonsai.DumbLayer2'),$);
#4120=IFCCARTESIANPOINTLIST2D(((0.,0.),(0.,2.),(1.3422476053237915,2.),(1.3422476053237915,0.),(1.2922476045787334,0.),(1.2922476045787334,1.9499999992549419),(0.05000000074505806,1.9499999992549419),(0.05000000074505806,0.)));
#4121=IFCINDEXEDPOLYCURVE(#4120,(IFCLINEINDEX((1,2,3,4,5,6,7,8,1))),$);
#4122=IFCARBITRARYCLOSEDPROFILEDEF(.AREA.,$,#4121);
#4123=IFCCARTESIANPOINT((0.,0.,0.));
#4124=IFCDIRECTION((0.,-1.,0.));
#4125=IFCDIRECTION((1.,0.,0.));
#4126=IFCAXIS2PLACEMENT3D(#4123,#4124,#4125);
#4127=IFCDIRECTION((0.,0.,-1.));
#4128=IFCEXTRUDEDAREASOLID(#4122,#4126,#4127,0.05000000074505806);
#4129=IFCCARTESIANPOINTLIST2D(((0.,0.),(1.2422476038336754,0.),(1.2422476038336754,0.10000000149011612),(0.,0.10000000149011612)));
#4130=IFCINDEXEDPOLYCURVE(#4129,(IFCLINEINDEX((1,2,3,4,1))),$);
#4131=IFCARBITRARYCLOSEDPROFILEDEF(.AREA.,$,#4130);
#4132=IFCCARTESIANPOINT((0.05000000074505806,0.,0.));
#4133=IFCDIRECTION((0.,0.,1.));
#4134=IFCDIRECTION((1.,0.,0.));
#4135=IFCAXIS2PLACEMENT3D(#4132,#4133,#4134);
#4136=IFCDIRECTION((0.,0.,1.));
#4137=IFCEXTRUDEDAREASOLID(#4131,#4135,#4136,0.02500000037252903);
#4138=IFCCARTESIANPOINTLIST2D(((0.,0.),(0.,2.0250000022351742),(1.3922476097941399,2.0250000022351742),(1.3922476097941399,0.),(1.3172476068139076,0.),(1.3172476068139076,1.9499999992549419),(0.075000002980232239,1.9499999992549419),(0.075000002980232239,0.)));
#4139=IFCINDEXEDPOLYCURVE(#4138,(IFCLINEINDEX((1,2,3,4,5,6,7,8,1))),$);
#4140=IFCARBITRARYCLOSEDPROFILEDEF(.AREA.,$,#4139);
#4141=IFCCARTESIANPOINT((-0.025000002235174179,-0.004999999888241291,0.));
#4142=IFCDIRECTION((0.,-1.,0.));
#4143=IFCDIRECTION((1.,0.,0.));
#4144=IFCAXIS2PLACEMENT3D(#4141,#4142,#4143);
#4145=IFCDIRECTION((0.,0.,-1.));
#4146=IFCEXTRUDEDAREASOLID(#4140,#4144,#4145,0.004999999888241291);
#4147=IFCCARTESIANPOINTLIST2D(((0.,0.),(0.,2.0250000022351742),(1.3922476097941399,2.0250000022351742),(1.3922476097941399,0.),(1.3172476068139076,0.),(1.3172476068139076,1.9499999992549419),(0.075000002980232239,1.9499999992549419),(0.075000002980232239,0.)));
#4148=IFCINDEXEDPOLYCURVE(#4147,(IFCLINEINDEX((1,2,3,4,5,6,7,8,1))),$);
#4149=IFCARBITRARYCLOSEDPROFILEDEF(.AREA.,$,#4148);
#4150=IFCCARTESIANPOINT((-0.025000002235174179,0.05000000074505806,0.));
#4151=IFCDIRECTION((0.,-1.,0.));
#4152=IFCDIRECTION((1.,0.,0.));
#4153=IFCAXIS2PLACEMENT3D(#4150,#4151,#4152);
#4154=IFCDIRECTION((0.,0.,-1.));
#4155=IFCEXTRUDEDAREASOLID(#4149,#4153,#4154,0.004999999888241291);
#4156=IFCCARTESIANPOINTLIST2D(((0.,0.),(1.2422476038336754,0.),(1.2422476038336754,0.035000000149011612),(0.,0.035000000149011612)));
#4157=IFCINDEXEDPOLYCURVE(#4156,(IFCLINEINDEX((1,2,3,4,1))),$);
#4158=IFCARBITRARYCLOSEDPROFILEDEF(.AREA.,$,#4157);
#4159=IFCCARTESIANPOINT((0.05000000074505806,-0.035000000149011612,0.02500000037252903));
#4160=IFCDIRECTION((0.,0.,1.));
#4161=IFCDIRECTION((1.,0.,0.));
#4162=IFCAXIS2PLACEMENT3D(#4159,#4160,#4161);
#4163=IFCDIRECTION((0.,0.,1.));
#4164=IFCEXTRUDEDAREASOLID(#4158,#4162,#4163,1.9249999988824129);
#4165=IFCCARTESIANPOINTLIST2D(((0.,0.),(0.,-0.040000000000000001),(0.12,-0.040000000000000001),(0.12,-0.02),(0.02,-0.02),(0.02,0.)));
#4166=IFCINDEXEDPOLYCURVE(#4165,(IFCLINEINDEX((1,2,3,4,5,6,1))),$);
#4167=IFCARBITRARYCLOSEDPROFILEDEF(.AREA.,$,#4166);
#4168=IFCCARTESIANPOINT((0.10000000074505806,-0.035000000149011612,1.015000000372529));
#4169=IFCDIRECTION((0.,0.,1.));
#4170=IFCDIRECTION((1.,0.,0.));
#4171=IFCAXIS2PLACEMENT3D(#4168,#4169,#4170);
#4172=IFCDIRECTION((0.,0.,1.));
#4173=IFCEXTRUDEDAREASOLID(#4167,#4171,#4172,0.02);
#4174=IFCEXTRUDEDAREASOLID(#4175,#4178,#4182,0.02);
#4175=IFCARBITRARYCLOSEDPROFILEDEF(.AREA.,$,#4176);
#4176=IFCINDEXEDPOLYCURVE(#4177,(IFCLINEINDEX((1,2,3,4,5,6,1))),$);
#4177=IFCCARTESIANPOINTLIST2D(((0.,0.),(0.,0.040000000000000008),(0.11999999999999998,0.040000000000000008),(0.11999999999999998,0.020000000000000004),(0.020000000000000004,0.020000000000000004),(0.020000000000000004,0.)));
#4178=IFCAXIS2PLACEMENT3D(#4179,#4180,#4181);
#4179=IFCCARTESIANPOINT((0.10000000074505806,0.,1.015000000372529));
#4180=IFCDIRECTION((0.,0.,1.));
#4181=IFCDIRECTION((1.,0.,0.));
#4182=IFCDIRECTION((0.,0.,1.));
#4221=IFCDOOR('3bfnv$dNf1GPargUqdctaf',$,'Door',$,$,#4248,#4229,$,2.,0.89999997615814209,$,$,$);
#4222=IFCCARTESIANPOINT((0.,0.,0.));
#4223=IFCDIRECTION((1.,0.,0.));
#4224=IFCDIRECTION((0.,1.,0.));
#4225=IFCDIRECTION((0.,0.,1.));
#4226=IFCCARTESIANTRANSFORMATIONOPERATOR3D(#4223,#4224,#4222,1.,#4225);
#4227=IFCMAPPEDITEM(#2214,#4226);
#4228=IFCSHAPEREPRESENTATION(#18,'Profile','MappedRepresentation',(#4227));
#4229=IFCPRODUCTDEFINITIONSHAPE($,$,(#4228,#4236,#4243));
#4230=IFCCARTESIANPOINT((0.,0.,0.));
#4231=IFCDIRECTION((1.,0.,0.));
#4232=IFCDIRECTION((0.,1.,0.));
#4233=IFCDIRECTION((0.,0.,1.));
#4234=IFCCARTESIANTRANSFORMATIONOPERATOR3D(#4231,#4232,#4230,1.,#4233);
#4235=IFCMAPPEDITEM(#2222,#4234);
#4236=IFCSHAPEREPRESENTATION(#11,'Body','MappedRepresentation',(#4235));
#4237=IFCCARTESIANPOINT((0.,0.,0.));
#4238=IFCDIRECTION((1.,0.,0.));
#4239=IFCDIRECTION((0.,1.,0.));
#4240=IFCDIRECTION((0.,0.,1.));
#4241=IFCCARTESIANTRANSFORMATIONOPERATOR3D(#4238,#4239,#4237,1.,#4240);
#4242=IFCMAPPEDITEM(#2300,#4241);
#4243=IFCSHAPEREPRESENTATION(#24,'Body','MappedRepresentation',(#4242));
#4244=IFCCARTESIANPOINT((-8.2945146560668945,8.125950813293457,0.));
#4245=IFCDIRECTION((0.,0.,1.));
#4246=IFCDIRECTION((1.,0.,0.));
#4247=IFCAXIS2PLACEMENT3D(#4244,#4245,#4246);
#4248=IFCLOCALPLACEMENT(#79,#4247);
#4249=IFCDOOR('36qv7XiYvDiw0rn576N_Ga',$,'Door',$,$,#4276,#4257,$,2.,0.89999997615814209,$,$,$);
#4250=IFCCARTESIANPOINT((0.,0.,0.));
#4251=IFCDIRECTION((1.,0.,0.));
#4252=IFCDIRECTION((0.,1.,0.));
#4253=IFCDIRECTION((0.,0.,1.));
#4254=IFCCARTESIANTRANSFORMATIONOPERATOR3D(#4251,#4252,#4250,1.,#4253);
#4255=IFCMAPPEDITEM(#2214,#4254);
#4256=IFCSHAPEREPRESENTATION(#18,'Profile','MappedRepresentation',(#4255));
#4257=IFCPRODUCTDEFINITIONSHAPE($,$,(#4256,#4264,#4271));
#4258=IFCCARTESIANPOINT((0.,0.,0.));
#4259=IFCDIRECTION((1.,0.,0.));
#4260=IFCDIRECTION((0.,1.,0.));
#4261=IFCDIRECTION((0.,0.,1.));
#4262=IFCCARTESIANTRANSFORMATIONOPERATOR3D(#4259,#4260,#4258,1.,#4261);
#4263=IFCMAPPEDITEM(#2222,#4262);
#4264=IFCSHAPEREPRESENTATION(#11,'Body','MappedRepresentation',(#4263));
#4265=IFCCARTESIANPOINT((0.,0.,0.));
#4266=IFCDIRECTION((1.,0.,0.));
#4267=IFCDIRECTION((0.,1.,0.));
#4268=IFCDIRECTION((0.,0.,1.));
#4269=IFCCARTESIANTRANSFORMATIONOPERATOR3D(#4266,#4267,#4265,1.,#4268);
#4270=IFCMAPPEDITEM(#2300,#4269);
#4271=IFCSHAPEREPRESENTATION(#24,'Body','MappedRepresentation',(#4270));
#4272=IFCCARTESIANPOINT((-7.7963099479675293,7.4544634819030762,0.));
#4273=IFCDIRECTION((0.,0.,1.));
#4274=IFCDIRECTION((1.,0.,0.));
#4275=IFCAXIS2PLACEMENT3D(#4272,#4273,#4274);
#4276=IFCLOCALPLACEMENT(#79,#4275);
#4277=IFCDOORTYPE('1uzOel90f4oO6gwdnL4EkT',$,'Bathroom-GF',$,$,(#4278),(#4280,#4288,#4357,#4369),$,$,.DOOR.,.SINGLE_SWING_LEFT.,$,$);
#4278=IFCPROPERTYSET('2g4k8Dvyn2GwVZh1p0MCZk',$,'BBIM_Door',$,(#4279));
#4279=IFCPROPERTYSINGLEVALUE('Data',$,IFCTEXT('{"door_type": "SLIDING_TO_LEFT", "overall_height": 2.0, "overall_width": 0.6664738059043884, "lining_properties": {"lining_depth": 0.05000000074505806, "lining_thickness": 0.05000000074505806, "lining_offset": 0.0, "transom_thickness": 0.0, "casing_thickness": 0.07500000298023224, "casing_depth": 0.004999999888241291, "threshold_thickness": 0.02500000037252903, "threshold_depth": 0.10000000149011612, "threshold_offset": 0.0}, "panel_properties": {"panel_depth": 0.03500000014901161, "panel_width_ratio": 1.0}}'),$);
#4280=IFCREPRESENTATIONMAP(#4281,#5527);
#4281=IFCAXIS2PLACEMENT3D(#4282,#4283,#4284);
#4282=IFCCARTESIANPOINT((0.,0.,0.));
#4283=IFCDIRECTION((0.,0.,1.));
#4284=IFCDIRECTION((1.,0.,0.));
#4288=IFCREPRESENTATIONMAP(#4289,#5591);
#4289=IFCAXIS2PLACEMENT3D(#4290,#4291,#4292);
#4290=IFCCARTESIANPOINT((0.,0.,0.));
#4291=IFCDIRECTION((0.,0.,1.));
#4292=IFCDIRECTION((1.,0.,0.));
#4357=IFCREPRESENTATIONMAP(#4358,#5598);
#4358=IFCAXIS2PLACEMENT3D(#4359,#4360,#4361);
#4359=IFCCARTESIANPOINT((0.,0.,0.));
#4360=IFCDIRECTION((0.,0.,1.));
#4361=IFCDIRECTION((1.,0.,0.));
#4369=IFCREPRESENTATIONMAP(#4370,#5603);
#4370=IFCAXIS2PLACEMENT3D(#4371,#4372,#4373);
#4371=IFCCARTESIANPOINT((0.,0.,0.));
#4372=IFCDIRECTION((0.,0.,1.));
#4373=IFCDIRECTION((1.,0.,0.));
#4379=IFCDOOR('2yw5gPbwTAnuxd3znH_zCS',$,'Door',$,$,#5628,#4388,$,2.,0.66647380590438843,$,.SLIDING_TO_LEFT.,$);
#4380=IFCRELDEFINESBYTYPE('1RHihdr0z7gwobieonD31n',$,$,$,(#4379),#4277);
#4381=IFCCARTESIANPOINT((0.,0.,0.));
#4382=IFCDIRECTION((1.,0.,0.));
#4383=IFCDIRECTION((0.,1.,0.));
#4384=IFCDIRECTION((0.,0.,1.));
#4385=IFCCARTESIANTRANSFORMATIONOPERATOR3D(#4382,#4383,#4381,1.,#4384);
#4386=IFCMAPPEDITEM(#4280,#4385);
#4387=IFCSHAPEREPRESENTATION(#18,'Profile','MappedRepresentation',(#4386));
#4388=IFCPRODUCTDEFINITIONSHAPE($,$,(#4387,#4395,#4402,#4409));
#4389=IFCCARTESIANPOINT((0.,0.,0.));
#4390=IFCDIRECTION((1.,0.,0.));
#4391=IFCDIRECTION((0.,1.,0.));
#4392=IFCDIRECTION((0.,0.,1.));
#4393=IFCCARTESIANTRANSFORMATIONOPERATOR3D(#4390,#4391,#4389,1.,#4392);
#4394=IFCMAPPEDITEM(#4288,#4393);
#4395=IFCSHAPEREPRESENTATION(#11,'Body','MappedRepresentation',(#4394));
#4396=IFCCARTESIANPOINT((0.,0.,0.));
#4397=IFCDIRECTION((1.,0.,0.));
#4398=IFCDIRECTION((0.,1.,0.));
#4399=IFCDIRECTION((0.,0.,1.));
#4400=IFCCARTESIANTRANSFORMATIONOPERATOR3D(#4397,#4398,#4396,1.,#4399);
#4401=IFCMAPPEDITEM(#4357,#4400);
#4402=IFCSHAPEREPRESENTATION(#24,'Body','MappedRepresentation',(#4401));
#4403=IFCCARTESIANPOINT((0.,0.,0.));
#4404=IFCDIRECTION((1.,0.,0.));
#4405=IFCDIRECTION((0.,1.,0.));
#4406=IFCDIRECTION((0.,0.,1.));
#4407=IFCCARTESIANTRANSFORMATIONOPERATOR3D(#4404,#4405,#4403,1.,#4406);
#4408=IFCMAPPEDITEM(#4369,#4407);
#4409=IFCSHAPEREPRESENTATION(#25,'Annotation','MappedRepresentation',(#4408));
#4410=IFCOPENINGELEMENT('3XMIjrO2v66A5uRbnZ6_6t',$,'Opening',$,$,#5689,#4438,$,.OPENING.);
#4426=IFCCARTESIANPOINT((0.,0.,0.));
#4427=IFCDIRECTION((1.,0.,0.));
#4428=IFCDIRECTION((0.,0.,1.));
#4429=IFCAXIS2PLACEMENT3D(#4426,#4428,#4427);
#4430=IFCREPRESENTATIONMAP(#4429,#5613);
#4431=IFCCARTESIANPOINT((0.,0.,0.));
#4432=IFCDIRECTION((1.,0.,0.));
#4433=IFCDIRECTION((0.,1.,0.));
#4434=IFCDIRECTION((0.,0.,1.));
#4435=IFCCARTESIANTRANSFORMATIONOPERATOR3D(#4432,#4433,#4431,1.,#4434);
#4436=IFCMAPPEDITEM(#4430,#4435);
#4437=IFCSHAPEREPRESENTATION(#11,'Body','MappedRepresentation',(#4436));
#4438=IFCPRODUCTDEFINITIONSHAPE($,$,(#4437));
#4439=IFCRELVOIDSELEMENT('1NPvhEpgv2KBK$RuVAYu6w',$,$,$,#4064,#4410);
#4445=IFCRELFILLSELEMENT('1ucpeDM0bF3usWaz6sEITu',$,$,$,#4410,#4379);
#4454=IFCCARTESIANPOINTLIST2D(((0.,0.),(0.,2.),(0.75526875257492065,2.),(0.75526875257492065,0.),(0.70526875182986259,0.),(0.70526875182986259,1.9499999992549419),(0.05000000074505806,1.9499999992549419),(0.05000000074505806,0.)));
#4455=IFCINDEXEDPOLYCURVE(#4454,(IFCLINEINDEX((1,2,3,4,5,6,7,8,1))),$);
#4456=IFCARBITRARYCLOSEDPROFILEDEF(.AREA.,$,#4455);
#4457=IFCCARTESIANPOINT((0.,0.,0.));
#4458=IFCDIRECTION((0.,-1.,0.));
#4459=IFCDIRECTION((1.,0.,0.));
#4460=IFCAXIS2PLACEMENT3D(#4457,#4458,#4459);
#4461=IFCDIRECTION((0.,0.,-1.));
#4462=IFCEXTRUDEDAREASOLID(#4456,#4460,#4461,0.05000000074505806);
#4463=IFCCARTESIANPOINTLIST2D(((0.,0.),(0.65526875108480453,0.),(0.65526875108480453,0.10000000149011612),(0.,0.10000000149011612)));
#4464=IFCINDEXEDPOLYCURVE(#4463,(IFCLINEINDEX((1,2,3,4,1))),$);
#4465=IFCARBITRARYCLOSEDPROFILEDEF(.AREA.,$,#4464);
#4466=IFCCARTESIANPOINT((0.05000000074505806,0.,0.));
#4467=IFCDIRECTION((0.,0.,1.));
#4468=IFCDIRECTION((1.,0.,0.));
#4469=IFCAXIS2PLACEMENT3D(#4466,#4467,#4468);
#4470=IFCDIRECTION((0.,0.,1.));
#4471=IFCEXTRUDEDAREASOLID(#4465,#4469,#4470,0.02500000037252903);
#4472=IFCCARTESIANPOINTLIST2D(((0.,0.),(0.,2.0250000022351742),(0.80526875704526901,2.0250000022351742),(0.80526875704526901,0.),(0.73026875406503677,0.),(0.73026875406503677,1.9499999992549419),(0.075000002980232239,1.9499999992549419),(0.075000002980232239,0.)));
#4473=IFCINDEXEDPOLYCURVE(#4472,(IFCLINEINDEX((1,2,3,4,5,6,7,8,1))),$);
#4474=IFCARBITRARYCLOSEDPROFILEDEF(.AREA.,$,#4473);
#4475=IFCCARTESIANPOINT((-0.025000002235174179,-0.004999999888241291,0.));
#4476=IFCDIRECTION((0.,-1.,0.));
#4477=IFCDIRECTION((1.,0.,0.));
#4478=IFCAXIS2PLACEMENT3D(#4475,#4476,#4477);
#4479=IFCDIRECTION((0.,0.,-1.));
#4480=IFCEXTRUDEDAREASOLID(#4474,#4478,#4479,0.004999999888241291);
#4481=IFCCARTESIANPOINTLIST2D(((0.,0.),(0.,2.0250000022351742),(0.80526875704526901,2.0250000022351742),(0.80526875704526901,0.),(0.73026875406503677,0.),(0.73026875406503677,1.9499999992549419),(0.075000002980232239,1.9499999992549419),(0.075000002980232239,0.)));
#4482=IFCINDEXEDPOLYCURVE(#4481,(IFCLINEINDEX((1,2,3,4,5,6,7,8,1))),$);
#4483=IFCARBITRARYCLOSEDPROFILEDEF(.AREA.,$,#4482);
#4484=IFCCARTESIANPOINT((-0.025000002235174179,0.05000000074505806,0.));
#4485=IFCDIRECTION((0.,-1.,0.));
#4486=IFCDIRECTION((1.,0.,0.));
#4487=IFCAXIS2PLACEMENT3D(#4484,#4485,#4486);
#4488=IFCDIRECTION((0.,0.,-1.));
#4489=IFCEXTRUDEDAREASOLID(#4483,#4487,#4488,0.004999999888241291);
#4490=IFCCARTESIANPOINTLIST2D(((0.,0.),(0.65526875108480453,0.),(0.65526875108480453,0.035000000149011612),(0.,0.035000000149011612)));
#4491=IFCINDEXEDPOLYCURVE(#4490,(IFCLINEINDEX((1,2,3,4,1))),$);
#4492=IFCARBITRARYCLOSEDPROFILEDEF(.AREA.,$,#4491);
#4493=IFCCARTESIANPOINT((0.05000000074505806,-0.035000000149011612,0.02500000037252903));
#4494=IFCDIRECTION((0.,0.,1.));
#4495=IFCDIRECTION((1.,0.,0.));
#4496=IFCAXIS2PLACEMENT3D(#4493,#4494,#4495);
#4497=IFCDIRECTION((0.,0.,1.));
#4498=IFCEXTRUDEDAREASOLID(#4492,#4496,#4497,1.9249999988824129);
#4499=IFCCARTESIANPOINTLIST2D(((0.,0.),(0.,-0.040000000000000001),(0.12,-0.040000000000000001),(0.12,-0.02),(0.02,-0.02),(0.02,0.)));
#4500=IFCINDEXEDPOLYCURVE(#4499,(IFCLINEINDEX((1,2,3,4,5,6,1))),$);
#4501=IFCARBITRARYCLOSEDPROFILEDEF(.AREA.,$,#4500);
#4502=IFCCARTESIANPOINT((0.10000000074505806,-0.035000000149011612,1.015000000372529));
#4503=IFCDIRECTION((0.,0.,1.));
#4504=IFCDIRECTION((1.,0.,0.));
#4505=IFCAXIS2PLACEMENT3D(#4502,#4503,#4504);
#4506=IFCDIRECTION((0.,0.,1.));
#4507=IFCEXTRUDEDAREASOLID(#4501,#4505,#4506,0.02);
#4508=IFCEXTRUDEDAREASOLID(#4509,#4512,#4516,0.02);
#4509=IFCARBITRARYCLOSEDPROFILEDEF(.AREA.,$,#4510);
#4510=IFCINDEXEDPOLYCURVE(#4511,(IFCLINEINDEX((1,2,3,4,5,6,1))),$);
#4511=IFCCARTESIANPOINTLIST2D(((0.,0.),(0.,0.040000000000000008),(0.11999999999999998,0.040000000000000008),(0.11999999999999998,0.020000000000000004),(0.020000000000000004,0.020000000000000004),(0.020000000000000004,0.)));
#4512=IFCAXIS2PLACEMENT3D(#4513,#4514,#4515);
#4513=IFCCARTESIANPOINT((0.10000000074505806,0.,1.015000000372529));
#4514=IFCDIRECTION((0.,0.,1.));
#4515=IFCDIRECTION((1.,0.,0.));
#4516=IFCDIRECTION((0.,0.,1.));
#4518=IFCSHAPEREPRESENTATION(#11,'Body','SweptSolid',(#5328,#4793,#5450,#4924,#4707,#5441,#4915,#4698,#4489,#5355,#5432,#4906,#4480,#5346,#4820,#4897,#4716,#5554,#5028,#5563,#5545,#5019,#4471,#5337,#4689,#4811,#5010,#4462,#5459,#4802,#5536,#5001));
#4519=IFCSHAPEASPECT((#4518),'Lining',$,.T.,#4388);
#4520=IFCSHAPEREPRESENTATION(#11,'Body','SweptSolid',(#4508,#5046,#5582,#5374,#5364,#4498,#4838,#5047,#5037,#5477,#4839,#4829,#4507,#4942,#4734,#5478,#5468,#4735,#5581,#4725,#4943,#4933,#5373,#5572));
#4521=IFCSHAPEASPECT((#4520),'Framing',$,.T.,#4388);
#4562=IFCCARTESIANPOINTLIST2D(((0.,0.),(0.,2.),(1.3422476053237915,2.),(1.3422476053237915,0.),(1.2922476045787334,0.),(1.2922476045787334,1.9499999992549419),(0.05000000074505806,1.9499999992549419),(0.05000000074505806,0.)));
#4563=IFCINDEXEDPOLYCURVE(#4562,(IFCLINEINDEX((1,2,3,4,5,6,7,8,1))),$);
#4564=IFCARBITRARYCLOSEDPROFILEDEF(.AREA.,$,#4563);
#4565=IFCCARTESIANPOINT((0.,0.,0.));
#4566=IFCDIRECTION((0.,-1.,0.));
#4567=IFCDIRECTION((1.,0.,0.));
#4568=IFCAXIS2PLACEMENT3D(#4565,#4566,#4567);
#4569=IFCDIRECTION((0.,0.,-1.));
#4570=IFCEXTRUDEDAREASOLID(#4564,#4568,#4569,0.05000000074505806);
#4571=IFCCARTESIANPOINTLIST2D(((0.,0.),(1.2422476038336754,0.),(1.2422476038336754,0.10000000149011612),(0.,0.10000000149011612)));
#4572=IFCINDEXEDPOLYCURVE(#4571,(IFCLINEINDEX((1,2,3,4,1))),$);
#4573=IFCARBITRARYCLOSEDPROFILEDEF(.AREA.,$,#4572);
#4574=IFCCARTESIANPOINT((0.05000000074505806,0.,0.));
#4575=IFCDIRECTION((0.,0.,1.));
#4576=IFCDIRECTION((1.,0.,0.));
#4577=IFCAXIS2PLACEMENT3D(#4574,#4575,#4576);
#4578=IFCDIRECTION((0.,0.,1.));
#4579=IFCEXTRUDEDAREASOLID(#4573,#4577,#4578,0.02500000037252903);
#4580=IFCCARTESIANPOINTLIST2D(((0.,0.),(0.,2.0250000022351742),(1.3922476097941399,2.0250000022351742),(1.3922476097941399,0.),(1.3172476068139076,0.),(1.3172476068139076,1.9499999992549419),(0.075000002980232239,1.9499999992549419),(0.075000002980232239,0.)));
#4581=IFCINDEXEDPOLYCURVE(#4580,(IFCLINEINDEX((1,2,3,4,5,6,7,8,1))),$);
#4582=IFCARBITRARYCLOSEDPROFILEDEF(.AREA.,$,#4581);
#4583=IFCCARTESIANPOINT((-0.025000002235174179,-0.004999999888241291,0.));
#4584=IFCDIRECTION((0.,-1.,0.));
#4585=IFCDIRECTION((1.,0.,0.));
#4586=IFCAXIS2PLACEMENT3D(#4583,#4584,#4585);
#4587=IFCDIRECTION((0.,0.,-1.));
#4588=IFCEXTRUDEDAREASOLID(#4582,#4586,#4587,0.004999999888241291);
#4589=IFCCARTESIANPOINTLIST2D(((0.,0.),(0.,2.0250000022351742),(1.3922476097941399,2.0250000022351742),(1.3922476097941399,0.),(1.3172476068139076,0.),(1.3172476068139076,1.9499999992549419),(0.075000002980232239,1.9499999992549419),(0.075000002980232239,0.)));
#4590=IFCINDEXEDPOLYCURVE(#4589,(IFCLINEINDEX((1,2,3,4,5,6,7,8,1))),$);
#4591=IFCARBITRARYCLOSEDPROFILEDEF(.AREA.,$,#4590);
#4592=IFCCARTESIANPOINT((-0.025000002235174179,0.05000000074505806,0.));
#4593=IFCDIRECTION((0.,-1.,0.));
#4594=IFCDIRECTION((1.,0.,0.));
#4595=IFCAXIS2PLACEMENT3D(#4592,#4593,#4594);
#4596=IFCDIRECTION((0.,0.,-1.));
#4597=IFCEXTRUDEDAREASOLID(#4591,#4595,#4596,0.004999999888241291);
#4598=IFCCARTESIANPOINTLIST2D(((0.,0.),(1.2422476038336754,0.),(1.2422476038336754,0.035000000149011612),(0.,0.035000000149011612)));
#4599=IFCINDEXEDPOLYCURVE(#4598,(IFCLINEINDEX((1,2,3,4,1))),$);
#4600=IFCARBITRARYCLOSEDPROFILEDEF(.AREA.,$,#4599);
#4601=IFCCARTESIANPOINT((0.05000000074505806,-0.035000000149011612,0.02500000037252903));
#4602=IFCDIRECTION((0.,0.,1.));
#4603=IFCDIRECTION((1.,0.,0.));
#4604=IFCAXIS2PLACEMENT3D(#4601,#4602,#4603);
#4605=IFCDIRECTION((0.,0.,1.));
#4606=IFCEXTRUDEDAREASOLID(#4600,#4604,#4605,1.9249999988824129);
#4607=IFCCARTESIANPOINTLIST2D(((0.,0.),(0.,-0.040000000000000001),(0.12,-0.040000000000000001),(0.12,-0.02),(0.02,-0.02),(0.02,0.)));
#4608=IFCINDEXEDPOLYCURVE(#4607,(IFCLINEINDEX((1,2,3,4,5,6,1))),$);
#4609=IFCARBITRARYCLOSEDPROFILEDEF(.AREA.,$,#4608);
#4610=IFCCARTESIANPOINT((0.10000000074505806,-0.035000000149011612,1.015000000372529));
#4611=IFCDIRECTION((0.,0.,1.));
#4612=IFCDIRECTION((1.,0.,0.));
#4613=IFCAXIS2PLACEMENT3D(#4610,#4611,#4612);
#4614=IFCDIRECTION((0.,0.,1.));
#4615=IFCEXTRUDEDAREASOLID(#4609,#4613,#4614,0.02);
#4616=IFCEXTRUDEDAREASOLID(#4617,#4620,#4624,0.02);
#4617=IFCARBITRARYCLOSEDPROFILEDEF(.AREA.,$,#4618);
#4618=IFCINDEXEDPOLYCURVE(#4619,(IFCLINEINDEX((1,2,3,4,5,6,1))),$);
#4619=IFCCARTESIANPOINTLIST2D(((0.,0.),(0.,0.040000000000000008),(0.11999999999999998,0.040000000000000008),(0.11999999999999998,0.020000000000000004),(0.020000000000000004,0.020000000000000004),(0.020000000000000004,0.)));
#4620=IFCAXIS2PLACEMENT3D(#4621,#4622,#4623);
#4621=IFCCARTESIANPOINT((0.10000000074505806,0.,1.015000000372529));
#4622=IFCDIRECTION((0.,0.,1.));
#4623=IFCDIRECTION((1.,0.,0.));
#4624=IFCDIRECTION((0.,0.,1.));
#4681=IFCCARTESIANPOINTLIST2D(((0.,0.),(0.,2.),(0.75526875257492065,2.),(0.75526875257492065,0.),(0.70526875182986259,0.),(0.70526875182986259,1.9499999992549419),(0.05000000074505806,1.9499999992549419),(0.05000000074505806,0.)));
#4682=IFCINDEXEDPOLYCURVE(#4681,(IFCLINEINDEX((1,2,3,4,5,6,7,8,1))),$);
#4683=IFCARBITRARYCLOSEDPROFILEDEF(.AREA.,$,#4682);
#4684=IFCCARTESIANPOINT((0.,0.,0.));
#4685=IFCDIRECTION((0.,-1.,0.));
#4686=IFCDIRECTION((1.,0.,0.));
#4687=IFCAXIS2PLACEMENT3D(#4684,#4685,#4686);
#4688=IFCDIRECTION((0.,0.,-1.));
#4689=IFCEXTRUDEDAREASOLID(#4683,#4687,#4688,0.05000000074505806);
#4690=IFCCARTESIANPOINTLIST2D(((0.,0.),(0.65526875108480453,0.),(0.65526875108480453,0.10000000149011612),(0.,0.10000000149011612)));
#4691=IFCINDEXEDPOLYCURVE(#4690,(IFCLINEINDEX((1,2,3,4,1))),$);
#4692=IFCARBITRARYCLOSEDPROFILEDEF(.AREA.,$,#4691);
#4693=IFCCARTESIANPOINT((0.05000000074505806,0.,0.));
#4694=IFCDIRECTION((0.,0.,1.));
#4695=IFCDIRECTION((1.,0.,0.));
#4696=IFCAXIS2PLACEMENT3D(#4693,#4694,#4695);
#4697=IFCDIRECTION((0.,0.,1.));
#4698=IFCEXTRUDEDAREASOLID(#4692,#4696,#4697,0.02500000037252903);
#4699=IFCCARTESIANPOINTLIST2D(((0.,0.),(0.,2.0250000022351742),(0.80526875704526901,2.0250000022351742),(0.80526875704526901,0.),(0.73026875406503677,0.),(0.73026875406503677,1.9499999992549419),(0.075000002980232239,1.9499999992549419),(0.075000002980232239,0.)));
#4700=IFCINDEXEDPOLYCURVE(#4699,(IFCLINEINDEX((1,2,3,4,5,6,7,8,1))),$);
#4701=IFCARBITRARYCLOSEDPROFILEDEF(.AREA.,$,#4700);
#4702=IFCCARTESIANPOINT((-0.025000002235174179,-0.004999999888241291,0.));
#4703=IFCDIRECTION((0.,-1.,0.));
#4704=IFCDIRECTION((1.,0.,0.));
#4705=IFCAXIS2PLACEMENT3D(#4702,#4703,#4704);
#4706=IFCDIRECTION((0.,0.,-1.));
#4707=IFCEXTRUDEDAREASOLID(#4701,#4705,#4706,0.004999999888241291);
#4708=IFCCARTESIANPOINTLIST2D(((0.,0.),(0.,2.0250000022351742),(0.80526875704526901,2.0250000022351742),(0.80526875704526901,0.),(0.73026875406503677,0.),(0.73026875406503677,1.9499999992549419),(0.075000002980232239,1.9499999992549419),(0.075000002980232239,0.)));
#4709=IFCINDEXEDPOLYCURVE(#4708,(IFCLINEINDEX((1,2,3,4,5,6,7,8,1))),$);
#4710=IFCARBITRARYCLOSEDPROFILEDEF(.AREA.,$,#4709);
#4711=IFCCARTESIANPOINT((-0.025000002235174179,0.05000000074505806,0.));
#4712=IFCDIRECTION((0.,-1.,0.));
#4713=IFCDIRECTION((1.,0.,0.));
#4714=IFCAXIS2PLACEMENT3D(#4711,#4712,#4713);
#4715=IFCDIRECTION((0.,0.,-1.));
#4716=IFCEXTRUDEDAREASOLID(#4710,#4714,#4715,0.004999999888241291);
#4717=IFCCARTESIANPOINTLIST2D(((0.,0.),(0.65526875108480453,0.),(0.65526875108480453,0.035000000149011612),(0.,0.035000000149011612)));
#4718=IFCINDEXEDPOLYCURVE(#4717,(IFCLINEINDEX((1,2,3,4,1))),$);
#4719=IFCARBITRARYCLOSEDPROFILEDEF(.AREA.,$,#4718);
#4720=IFCCARTESIANPOINT((0.05000000074505806,-0.035000000149011612,0.02500000037252903));
#4721=IFCDIRECTION((0.,0.,1.));
#4722=IFCDIRECTION((1.,0.,0.));
#4723=IFCAXIS2PLACEMENT3D(#4720,#4721,#4722);
#4724=IFCDIRECTION((0.,0.,1.));
#4725=IFCEXTRUDEDAREASOLID(#4719,#4723,#4724,1.9249999988824129);
#4726=IFCCARTESIANPOINTLIST2D(((0.,0.),(0.,-0.040000000000000008),(-0.11999999999999988,-0.040000000000000008),(-0.11999999999999988,-0.020000000000000004),(-0.020000000000000018,-0.020000000000000004),(-0.020000000000000018,0.)));
#4727=IFCINDEXEDPOLYCURVE(#4726,(IFCLINEINDEX((1,2,3,4,5,6,1))),$);
#4728=IFCARBITRARYCLOSEDPROFILEDEF(.AREA.,$,#4727);
#4729=IFCCARTESIANPOINT((0.65526875182986255,-0.035000000149011612,1.015000000372529));
#4730=IFCDIRECTION((0.,0.,1.));
#4731=IFCDIRECTION((1.,0.,0.));
#4732=IFCAXIS2PLACEMENT3D(#4729,#4730,#4731);
#4733=IFCDIRECTION((0.,0.,1.));
#4734=IFCEXTRUDEDAREASOLID(#4728,#4732,#4733,0.02);
#4735=IFCEXTRUDEDAREASOLID(#4736,#4739,#4743,0.02);
#4736=IFCARBITRARYCLOSEDPROFILEDEF(.AREA.,$,#4737);
#4737=IFCINDEXEDPOLYCURVE(#4738,(IFCLINEINDEX((1,2,3,4,5,6,1))),$);
#4738=IFCCARTESIANPOINTLIST2D(((0.,0.),(0.,0.040000000000000008),(-0.11999999999999988,0.040000000000000008),(-0.11999999999999988,0.020000000000000004),(-0.020000000000000018,0.020000000000000004),(-0.020000000000000018,0.)));
#4739=IFCAXIS2PLACEMENT3D(#4740,#4741,#4742);
#4740=IFCCARTESIANPOINT((0.65526875182986255,0.,1.015000000372529));
#4741=IFCDIRECTION((0.,0.,1.));
#4742=IFCDIRECTION((1.,0.,0.));
#4743=IFCDIRECTION((0.,0.,1.));
#4785=IFCCARTESIANPOINTLIST2D(((0.,0.),(0.,2.),(0.7222437858581543,2.),(0.7222437858581543,0.),(0.67224378511309624,0.),(0.67224378511309624,1.9499999992549419),(0.05000000074505806,1.9499999992549419),(0.05000000074505806,0.)));
#4786=IFCINDEXEDPOLYCURVE(#4785,(IFCLINEINDEX((1,2,3,4,5,6,7,8,1))),$);
#4787=IFCARBITRARYCLOSEDPROFILEDEF(.AREA.,$,#4786);
#4788=IFCCARTESIANPOINT((0.,0.,0.));
#4789=IFCDIRECTION((0.,-1.,0.));
#4790=IFCDIRECTION((1.,0.,0.));
#4791=IFCAXIS2PLACEMENT3D(#4788,#4789,#4790);
#4792=IFCDIRECTION((0.,0.,-1.));
#4793=IFCEXTRUDEDAREASOLID(#4787,#4791,#4792,0.05000000074505806);
#4794=IFCCARTESIANPOINTLIST2D(((0.,0.),(0.62224378436803818,0.),(0.62224378436803818,0.10000000149011612),(0.,0.10000000149011612)));
#4795=IFCINDEXEDPOLYCURVE(#4794,(IFCLINEINDEX((1,2,3,4,1))),$);
#4796=IFCARBITRARYCLOSEDPROFILEDEF(.AREA.,$,#4795);
#4797=IFCCARTESIANPOINT((0.05000000074505806,0.,0.));
#4798=IFCDIRECTION((0.,0.,1.));
#4799=IFCDIRECTION((1.,0.,0.));
#4800=IFCAXIS2PLACEMENT3D(#4797,#4798,#4799);
#4801=IFCDIRECTION((0.,0.,1.));
#4802=IFCEXTRUDEDAREASOLID(#4796,#4800,#4801,0.02500000037252903);
#4803=IFCCARTESIANPOINTLIST2D(((0.,0.),(0.,2.0250000022351742),(0.77224379032850266,2.0250000022351742),(0.77224379032850266,0.),(0.69724378734827042,0.),(0.69724378734827042,1.9499999992549419),(0.075000002980232239,1.9499999992549419),(0.075000002980232239,0.)));
#4804=IFCINDEXEDPOLYCURVE(#4803,(IFCLINEINDEX((1,2,3,4,5,6,7,8,1))),$);
#4805=IFCARBITRARYCLOSEDPROFILEDEF(.AREA.,$,#4804);
#4806=IFCCARTESIANPOINT((-0.025000002235174179,-0.004999999888241291,0.));
#4807=IFCDIRECTION((0.,-1.,0.));
#4808=IFCDIRECTION((1.,0.,0.));
#4809=IFCAXIS2PLACEMENT3D(#4806,#4807,#4808);
#4810=IFCDIRECTION((0.,0.,-1.));
#4811=IFCEXTRUDEDAREASOLID(#4805,#4809,#4810,0.004999999888241291);
#4812=IFCCARTESIANPOINTLIST2D(((0.,0.),(0.,2.0250000022351742),(0.77224379032850266,2.0250000022351742),(0.77224379032850266,0.),(0.69724378734827042,0.),(0.69724378734827042,1.9499999992549419),(0.075000002980232239,1.9499999992549419),(0.075000002980232239,0.)));
#4813=IFCINDEXEDPOLYCURVE(#4812,(IFCLINEINDEX((1,2,3,4,5,6,7,8,1))),$);
#4814=IFCARBITRARYCLOSEDPROFILEDEF(.AREA.,$,#4813);
#4815=IFCCARTESIANPOINT((-0.025000002235174179,0.05000000074505806,0.));
#4816=IFCDIRECTION((0.,-1.,0.));
#4817=IFCDIRECTION((1.,0.,0.));
#4818=IFCAXIS2PLACEMENT3D(#4815,#4816,#4817);
#4819=IFCDIRECTION((0.,0.,-1.));
#4820=IFCEXTRUDEDAREASOLID(#4814,#4818,#4819,0.004999999888241291);
#4821=IFCCARTESIANPOINTLIST2D(((0.,0.),(0.62224378436803818,0.),(0.62224378436803818,0.035000000149011612),(0.,0.035000000149011612)));
#4822=IFCINDEXEDPOLYCURVE(#4821,(IFCLINEINDEX((1,2,3,4,1))),$);
#4823=IFCARBITRARYCLOSEDPROFILEDEF(.AREA.,$,#4822);
#4824=IFCCARTESIANPOINT((0.05000000074505806,-0.035000000149011612,0.02500000037252903));
#4825=IFCDIRECTION((0.,0.,1.));
#4826=IFCDIRECTION((1.,0.,0.));
#4827=IFCAXIS2PLACEMENT3D(#4824,#4825,#4826);
#4828=IFCDIRECTION((0.,0.,1.));
#4829=IFCEXTRUDEDAREASOLID(#4823,#4827,#4828,1.9249999988824129);
#4830=IFCCARTESIANPOINTLIST2D(((0.,0.),(0.,-0.040000000000000001),(0.12,-0.040000000000000001),(0.12,-0.02),(0.02,-0.02),(0.02,0.)));
#4831=IFCINDEXEDPOLYCURVE(#4830,(IFCLINEINDEX((1,2,3,4,5,6,1))),$);
#4832=IFCARBITRARYCLOSEDPROFILEDEF(.AREA.,$,#4831);
#4833=IFCCARTESIANPOINT((0.10000000074505806,-0.035000000149011612,1.015000000372529));
#4834=IFCDIRECTION((0.,0.,1.));
#4835=IFCDIRECTION((1.,0.,0.));
#4836=IFCAXIS2PLACEMENT3D(#4833,#4834,#4835);
#4837=IFCDIRECTION((0.,0.,1.));
#4838=IFCEXTRUDEDAREASOLID(#4832,#4836,#4837,0.02);
#4839=IFCEXTRUDEDAREASOLID(#4840,#4843,#4847,0.02);
#4840=IFCARBITRARYCLOSEDPROFILEDEF(.AREA.,$,#4841);
#4841=IFCINDEXEDPOLYCURVE(#4842,(IFCLINEINDEX((1,2,3,4,5,6,1))),$);
#4842=IFCCARTESIANPOINTLIST2D(((0.,0.),(0.,0.040000000000000008),(0.11999999999999998,0.040000000000000008),(0.11999999999999998,0.020000000000000004),(0.020000000000000004,0.020000000000000004),(0.020000000000000004,0.)));
#4843=IFCAXIS2PLACEMENT3D(#4844,#4845,#4846);
#4844=IFCCARTESIANPOINT((0.10000000074505806,0.,1.015000000372529));
#4845=IFCDIRECTION((0.,0.,1.));
#4846=IFCDIRECTION((1.,0.,0.));
#4847=IFCDIRECTION((0.,0.,1.));
#4889=IFCCARTESIANPOINTLIST2D(((0.,0.),(0.,2.),(0.7222437858581543,2.),(0.7222437858581543,0.),(0.67224378511309624,0.),(0.67224378511309624,1.9499999992549419),(0.05000000074505806,1.9499999992549419),(0.05000000074505806,0.)));
#4890=IFCINDEXEDPOLYCURVE(#4889,(IFCLINEINDEX((1,2,3,4,5,6,7,8,1))),$);
#4891=IFCARBITRARYCLOSEDPROFILEDEF(.AREA.,$,#4890);
#4892=IFCCARTESIANPOINT((0.,0.,0.));
#4893=IFCDIRECTION((0.,-1.,0.));
#4894=IFCDIRECTION((1.,0.,0.));
#4895=IFCAXIS2PLACEMENT3D(#4892,#4893,#4894);
#4896=IFCDIRECTION((0.,0.,-1.));
#4897=IFCEXTRUDEDAREASOLID(#4891,#4895,#4896,0.05000000074505806);
#4898=IFCCARTESIANPOINTLIST2D(((0.,0.),(0.62224378436803818,0.),(0.62224378436803818,0.10000000149011612),(0.,0.10000000149011612)));
#4899=IFCINDEXEDPOLYCURVE(#4898,(IFCLINEINDEX((1,2,3,4,1))),$);
#4900=IFCARBITRARYCLOSEDPROFILEDEF(.AREA.,$,#4899);
#4901=IFCCARTESIANPOINT((0.05000000074505806,0.,0.));
#4902=IFCDIRECTION((0.,0.,1.));
#4903=IFCDIRECTION((1.,0.,0.));
#4904=IFCAXIS2PLACEMENT3D(#4901,#4902,#4903);
#4905=IFCDIRECTION((0.,0.,1.));
#4906=IFCEXTRUDEDAREASOLID(#4900,#4904,#4905,0.02500000037252903);
#4907=IFCCARTESIANPOINTLIST2D(((0.,0.),(0.,2.0250000022351742),(0.77224379032850266,2.0250000022351742),(0.77224379032850266,0.),(0.69724378734827042,0.),(0.69724378734827042,1.9499999992549419),(0.075000002980232239,1.9499999992549419),(0.075000002980232239,0.)));
#4908=IFCINDEXEDPOLYCURVE(#4907,(IFCLINEINDEX((1,2,3,4,5,6,7,8,1))),$);
#4909=IFCARBITRARYCLOSEDPROFILEDEF(.AREA.,$,#4908);
#4910=IFCCARTESIANPOINT((-0.025000002235174179,-0.004999999888241291,0.));
#4911=IFCDIRECTION((0.,-1.,0.));
#4912=IFCDIRECTION((1.,0.,0.));
#4913=IFCAXIS2PLACEMENT3D(#4910,#4911,#4912);
#4914=IFCDIRECTION((0.,0.,-1.));
#4915=IFCEXTRUDEDAREASOLID(#4909,#4913,#4914,0.004999999888241291);
#4916=IFCCARTESIANPOINTLIST2D(((0.,0.),(0.,2.0250000022351742),(0.77224379032850266,2.0250000022351742),(0.77224379032850266,0.),(0.69724378734827042,0.),(0.69724378734827042,1.9499999992549419),(0.075000002980232239,1.9499999992549419),(0.075000002980232239,0.)));
#4917=IFCINDEXEDPOLYCURVE(#4916,(IFCLINEINDEX((1,2,3,4,5,6,7,8,1))),$);
#4918=IFCARBITRARYCLOSEDPROFILEDEF(.AREA.,$,#4917);
#4919=IFCCARTESIANPOINT((-0.025000002235174179,0.05000000074505806,0.));
#4920=IFCDIRECTION((0.,-1.,0.));
#4921=IFCDIRECTION((1.,0.,0.));
#4922=IFCAXIS2PLACEMENT3D(#4919,#4920,#4921);
#4923=IFCDIRECTION((0.,0.,-1.));
#4924=IFCEXTRUDEDAREASOLID(#4918,#4922,#4923,0.004999999888241291);
#4925=IFCCARTESIANPOINTLIST2D(((0.,0.),(0.62224378436803818,0.),(0.62224378436803818,0.035000000149011612),(0.,0.035000000149011612)));
#4926=IFCINDEXEDPOLYCURVE(#4925,(IFCLINEINDEX((1,2,3,4,1))),$);
#4927=IFCARBITRARYCLOSEDPROFILEDEF(.AREA.,$,#4926);
#4928=IFCCARTESIANPOINT((0.05000000074505806,-0.035000000149011612,0.02500000037252903));
#4929=IFCDIRECTION((0.,0.,1.));
#4930=IFCDIRECTION((1.,0.,0.));
#4931=IFCAXIS2PLACEMENT3D(#4928,#4929,#4930);
#4932=IFCDIRECTION((0.,0.,1.));
#4933=IFCEXTRUDEDAREASOLID(#4927,#4931,#4932,1.9249999988824129);
#4934=IFCCARTESIANPOINTLIST2D(((0.,0.),(0.,-0.040000000000000001),(0.12,-0.040000000000000001),(0.12,-0.02),(0.02,-0.02),(0.02,0.)));
#4935=IFCINDEXEDPOLYCURVE(#4934,(IFCLINEINDEX((1,2,3,4,5,6,1))),$);
#4936=IFCARBITRARYCLOSEDPROFILEDEF(.AREA.,$,#4935);
#4937=IFCCARTESIANPOINT((0.10000000074505806,-0.035000000149011612,1.015000000372529));
#4938=IFCDIRECTION((0.,0.,1.));
#4939=IFCDIRECTION((1.,0.,0.));
#4940=IFCAXIS2PLACEMENT3D(#4937,#4938,#4939);
#4941=IFCDIRECTION((0.,0.,1.));
#4942=IFCEXTRUDEDAREASOLID(#4936,#4940,#4941,0.02);
#4943=IFCEXTRUDEDAREASOLID(#4944,#4947,#4951,0.02);
#4944=IFCARBITRARYCLOSEDPROFILEDEF(.AREA.,$,#4945);
#4945=IFCINDEXEDPOLYCURVE(#4946,(IFCLINEINDEX((1,2,3,4,5,6,1))),$);
#4946=IFCCARTESIANPOINTLIST2D(((0.,0.),(0.,0.040000000000000008),(0.11999999999999998,0.040000000000000008),(0.11999999999999998,0.020000000000000004),(0.020000000000000004,0.020000000000000004),(0.020000000000000004,0.)));
#4947=IFCAXIS2PLACEMENT3D(#4948,#4949,#4950);
#4948=IFCCARTESIANPOINT((0.10000000074505806,0.,1.015000000372529));
#4949=IFCDIRECTION((0.,0.,1.));
#4950=IFCDIRECTION((1.,0.,0.));
#4951=IFCDIRECTION((0.,0.,1.));
#4993=IFCCARTESIANPOINTLIST2D(((0.,0.),(0.,2.),(0.7222437858581543,2.),(0.7222437858581543,0.),(0.67224378511309624,0.),(0.67224378511309624,1.9499999992549419),(0.05000000074505806,1.9499999992549419),(0.05000000074505806,0.)));
#4994=IFCINDEXEDPOLYCURVE(#4993,(IFCLINEINDEX((1,2,3,4,5,6,7,8,1))),$);
#4995=IFCARBITRARYCLOSEDPROFILEDEF(.AREA.,$,#4994);
#4996=IFCCARTESIANPOINT((0.,0.,0.));
#4997=IFCDIRECTION((0.,-1.,0.));
#4998=IFCDIRECTION((1.,0.,0.));
#4999=IFCAXIS2PLACEMENT3D(#4996,#4997,#4998);
#5000=IFCDIRECTION((0.,0.,-1.));
#5001=IFCEXTRUDEDAREASOLID(#4995,#4999,#5000,0.05000000074505806);
#5002=IFCCARTESIANPOINTLIST2D(((0.,0.),(0.62224378436803818,0.),(0.62224378436803818,0.10000000149011612),(0.,0.10000000149011612)));
#5003=IFCINDEXEDPOLYCURVE(#5002,(IFCLINEINDEX((1,2,3,4,1))),$);
#5004=IFCARBITRARYCLOSEDPROFILEDEF(.AREA.,$,#5003);
#5005=IFCCARTESIANPOINT((0.05000000074505806,0.,0.));
#5006=IFCDIRECTION((0.,0.,1.));
#5007=IFCDIRECTION((1.,0.,0.));
#5008=IFCAXIS2PLACEMENT3D(#5005,#5006,#5007);
#5009=IFCDIRECTION((0.,0.,1.));
#5010=IFCEXTRUDEDAREASOLID(#5004,#5008,#5009,0.02500000037252903);
#5011=IFCCARTESIANPOINTLIST2D(((0.,0.),(0.,2.0250000022351742),(0.77224379032850266,2.0250000022351742),(0.77224379032850266,0.),(0.69724378734827042,0.),(0.69724378734827042,1.9499999992549419),(0.075000002980232239,1.9499999992549419),(0.075000002980232239,0.)));
#5012=IFCINDEXEDPOLYCURVE(#5011,(IFCLINEINDEX((1,2,3,4,5,6,7,8,1))),$);
#5013=IFCARBITRARYCLOSEDPROFILEDEF(.AREA.,$,#5012);
#5014=IFCCARTESIANPOINT((-0.025000002235174179,-0.004999999888241291,0.));
#5015=IFCDIRECTION((0.,-1.,0.));
#5016=IFCDIRECTION((1.,0.,0.));
#5017=IFCAXIS2PLACEMENT3D(#5014,#5015,#5016);
#5018=IFCDIRECTION((0.,0.,-1.));
#5019=IFCEXTRUDEDAREASOLID(#5013,#5017,#5018,0.004999999888241291);
#5020=IFCCARTESIANPOINTLIST2D(((0.,0.),(0.,2.0250000022351742),(0.77224379032850266,2.0250000022351742),(0.77224379032850266,0.),(0.69724378734827042,0.),(0.69724378734827042,1.9499999992549419),(0.075000002980232239,1.9499999992549419),(0.075000002980232239,0.)));
#5021=IFCINDEXEDPOLYCURVE(#5020,(IFCLINEINDEX((1,2,3,4,5,6,7,8,1))),$);
#5022=IFCARBITRARYCLOSEDPROFILEDEF(.AREA.,$,#5021);
#5023=IFCCARTESIANPOINT((-0.025000002235174179,0.05000000074505806,0.));
#5024=IFCDIRECTION((0.,-1.,0.));
#5025=IFCDIRECTION((1.,0.,0.));
#5026=IFCAXIS2PLACEMENT3D(#5023,#5024,#5025);
#5027=IFCDIRECTION((0.,0.,-1.));
#5028=IFCEXTRUDEDAREASOLID(#5022,#5026,#5027,0.004999999888241291);
#5029=IFCCARTESIANPOINTLIST2D(((0.,0.),(0.62224378436803818,0.),(0.62224378436803818,0.035000000149011612),(0.,0.035000000149011612)));
#5030=IFCINDEXEDPOLYCURVE(#5029,(IFCLINEINDEX((1,2,3,4,1))),$);
#5031=IFCARBITRARYCLOSEDPROFILEDEF(.AREA.,$,#5030);
#5032=IFCCARTESIANPOINT((0.05000000074505806,-0.035000000149011612,0.02500000037252903));
#5033=IFCDIRECTION((0.,0.,1.));
#5034=IFCDIRECTION((1.,0.,0.));
#5035=IFCAXIS2PLACEMENT3D(#5032,#5033,#5034);
#5036=IFCDIRECTION((0.,0.,1.));
#5037=IFCEXTRUDEDAREASOLID(#5031,#5035,#5036,1.9249999988824129);
#5038=IFCCARTESIANPOINTLIST2D(((0.,0.),(0.,-0.040000000000000008),(-0.11999999999999988,-0.040000000000000008),(-0.11999999999999988,-0.020000000000000004),(-0.020000000000000018,-0.020000000000000004),(-0.020000000000000018,0.)));
#5039=IFCINDEXEDPOLYCURVE(#5038,(IFCLINEINDEX((1,2,3,4,5,6,1))),$);
#5040=IFCARBITRARYCLOSEDPROFILEDEF(.AREA.,$,#5039);
#5041=IFCCARTESIANPOINT((0.62224378511309619,-0.035000000149011612,1.015000000372529));
#5042=IFCDIRECTION((0.,0.,1.));
#5043=IFCDIRECTION((1.,0.,0.));
#5044=IFCAXIS2PLACEMENT3D(#5041,#5042,#5043);
#5045=IFCDIRECTION((0.,0.,1.));
#5046=IFCEXTRUDEDAREASOLID(#5040,#5044,#5045,0.02);
#5047=IFCEXTRUDEDAREASOLID(#5048,#5051,#5055,0.02);
#5048=IFCARBITRARYCLOSEDPROFILEDEF(.AREA.,$,#5049);
#5049=IFCINDEXEDPOLYCURVE(#5050,(IFCLINEINDEX((1,2,3,4,5,6,1))),$);
#5050=IFCCARTESIANPOINTLIST2D(((0.,0.),(0.,0.040000000000000008),(-0.11999999999999988,0.040000000000000008),(-0.11999999999999988,0.020000000000000004),(-0.020000000000000018,0.020000000000000004),(-0.020000000000000018,0.)));
#5051=IFCAXIS2PLACEMENT3D(#5052,#5053,#5054);
#5052=IFCCARTESIANPOINT((0.62224378511309619,0.,1.015000000372529));
#5053=IFCDIRECTION((0.,0.,1.));
#5054=IFCDIRECTION((1.,0.,0.));
#5055=IFCDIRECTION((0.,0.,1.));
#5097=IFCCARTESIANPOINTLIST2D(((0.,0.),(0.,2.),(1.3422476053237915,2.),(1.3422476053237915,0.),(1.2922476045787334,0.),(1.2922476045787334,1.9499999992549419),(0.05000000074505806,1.9499999992549419),(0.05000000074505806,0.)));
#5098=IFCINDEXEDPOLYCURVE(#5097,(IFCLINEINDEX((1,2,3,4,5,6,7,8,1))),$);
#5099=IFCARBITRARYCLOSEDPROFILEDEF(.AREA.,$,#5098);
#5100=IFCCARTESIANPOINT((0.,0.,0.));
#5101=IFCDIRECTION((0.,-1.,0.));
#5102=IFCDIRECTION((1.,0.,0.));
#5103=IFCAXIS2PLACEMENT3D(#5100,#5101,#5102);
#5104=IFCDIRECTION((0.,0.,-1.));
#5105=IFCEXTRUDEDAREASOLID(#5099,#5103,#5104,0.05000000074505806);
#5106=IFCCARTESIANPOINTLIST2D(((0.,0.),(1.2422476038336754,0.),(1.2422476038336754,0.10000000149011612),(0.,0.10000000149011612)));
#5107=IFCINDEXEDPOLYCURVE(#5106,(IFCLINEINDEX((1,2,3,4,1))),$);
#5108=IFCARBITRARYCLOSEDPROFILEDEF(.AREA.,$,#5107);
#5109=IFCCARTESIANPOINT((0.05000000074505806,0.,0.));
#5110=IFCDIRECTION((0.,0.,1.));
#5111=IFCDIRECTION((1.,0.,0.));
#5112=IFCAXIS2PLACEMENT3D(#5109,#5110,#5111);
#5113=IFCDIRECTION((0.,0.,1.));
#5114=IFCEXTRUDEDAREASOLID(#5108,#5112,#5113,0.02500000037252903);
#5115=IFCCARTESIANPOINTLIST2D(((0.,0.),(0.,2.0250000022351742),(1.3922476097941399,2.0250000022351742),(1.3922476097941399,0.),(1.3172476068139076,0.),(1.3172476068139076,1.9499999992549419),(0.075000002980232239,1.9499999992549419),(0.075000002980232239,0.)));
#5116=IFCINDEXEDPOLYCURVE(#5115,(IFCLINEINDEX((1,2,3,4,5,6,7,8,1))),$);
#5117=IFCARBITRARYCLOSEDPROFILEDEF(.AREA.,$,#5116);
#5118=IFCCARTESIANPOINT((-0.025000002235174179,-0.004999999888241291,0.));
#5119=IFCDIRECTION((0.,-1.,0.));
#5120=IFCDIRECTION((1.,0.,0.));
#5121=IFCAXIS2PLACEMENT3D(#5118,#5119,#5120);
#5122=IFCDIRECTION((0.,0.,-1.));
#5123=IFCEXTRUDEDAREASOLID(#5117,#5121,#5122,0.004999999888241291);
#5124=IFCCARTESIANPOINTLIST2D(((0.,0.),(0.,2.0250000022351742),(1.3922476097941399,2.0250000022351742),(1.3922476097941399,0.),(1.3172476068139076,0.),(1.3172476068139076,1.9499999992549419),(0.075000002980232239,1.9499999992549419),(0.075000002980232239,0.)));
#5125=IFCINDEXEDPOLYCURVE(#5124,(IFCLINEINDEX((1,2,3,4,5,6,7,8,1))),$);
#5126=IFCARBITRARYCLOSEDPROFILEDEF(.AREA.,$,#5125);
#5127=IFCCARTESIANPOINT((-0.025000002235174179,0.05000000074505806,0.));
#5128=IFCDIRECTION((0.,-1.,0.));
#5129=IFCDIRECTION((1.,0.,0.));
#5130=IFCAXIS2PLACEMENT3D(#5127,#5128,#5129);
#5131=IFCDIRECTION((0.,0.,-1.));
#5132=IFCEXTRUDEDAREASOLID(#5126,#5130,#5131,0.004999999888241291);
#5133=IFCCARTESIANPOINTLIST2D(((0.,0.),(1.2422476038336754,0.),(1.2422476038336754,0.035000000149011612),(0.,0.035000000149011612)));
#5134=IFCINDEXEDPOLYCURVE(#5133,(IFCLINEINDEX((1,2,3,4,1))),$);
#5135=IFCARBITRARYCLOSEDPROFILEDEF(.AREA.,$,#5134);
#5136=IFCCARTESIANPOINT((0.05000000074505806,-0.035000000149011612,0.02500000037252903));
#5137=IFCDIRECTION((0.,0.,1.));
#5138=IFCDIRECTION((1.,0.,0.));
#5139=IFCAXIS2PLACEMENT3D(#5136,#5137,#5138);
#5140=IFCDIRECTION((0.,0.,1.));
#5141=IFCEXTRUDEDAREASOLID(#5135,#5139,#5140,1.9249999988824129);
#5142=IFCCARTESIANPOINTLIST2D(((0.,0.),(0.,-0.040000000000000001),(0.12,-0.040000000000000001),(0.12,-0.02),(0.02,-0.02),(0.02,0.)));
#5143=IFCINDEXEDPOLYCURVE(#5142,(IFCLINEINDEX((1,2,3,4,5,6,1))),$);
#5144=IFCARBITRARYCLOSEDPROFILEDEF(.AREA.,$,#5143);
#5145=IFCCARTESIANPOINT((0.10000000074505806,-0.035000000149011612,1.015000000372529));
#5146=IFCDIRECTION((0.,0.,1.));
#5147=IFCDIRECTION((1.,0.,0.));
#5148=IFCAXIS2PLACEMENT3D(#5145,#5146,#5147);
#5149=IFCDIRECTION((0.,0.,1.));
#5150=IFCEXTRUDEDAREASOLID(#5144,#5148,#5149,0.02);
#5151=IFCEXTRUDEDAREASOLID(#5152,#5155,#5159,0.02);
#5152=IFCARBITRARYCLOSEDPROFILEDEF(.AREA.,$,#5153);
#5153=IFCINDEXEDPOLYCURVE(#5154,(IFCLINEINDEX((1,2,3,4,5,6,1))),$);
#5154=IFCCARTESIANPOINTLIST2D(((0.,0.),(0.,0.040000000000000008),(0.11999999999999998,0.040000000000000008),(0.11999999999999998,0.020000000000000004),(0.020000000000000004,0.020000000000000004),(0.020000000000000004,0.)));
#5155=IFCAXIS2PLACEMENT3D(#5156,#5157,#5158);
#5156=IFCCARTESIANPOINT((0.10000000074505806,0.,1.015000000372529));
#5157=IFCDIRECTION((0.,0.,1.));
#5158=IFCDIRECTION((1.,0.,0.));
#5159=IFCDIRECTION((0.,0.,1.));
#5201=IFCCARTESIANPOINTLIST2D(((0.,0.),(0.,2.),(1.3422476053237915,2.),(1.3422476053237915,0.),(1.2922476045787334,0.),(1.2922476045787334,1.9499999992549419),(0.05000000074505806,1.9499999992549419),(0.05000000074505806,0.)));
#5202=IFCINDEXEDPOLYCURVE(#5201,(IFCLINEINDEX((1,2,3,4,5,6,7,8,1))),$);
#5203=IFCARBITRARYCLOSEDPROFILEDEF(.AREA.,$,#5202);
#5204=IFCCARTESIANPOINT((0.,0.,0.));
#5205=IFCDIRECTION((0.,-1.,0.));
#5206=IFCDIRECTION((1.,0.,0.));
#5207=IFCAXIS2PLACEMENT3D(#5204,#5205,#5206);
#5208=IFCDIRECTION((0.,0.,-1.));
#5209=IFCEXTRUDEDAREASOLID(#5203,#5207,#5208,0.05000000074505806);
#5210=IFCCARTESIANPOINTLIST2D(((0.,0.),(1.2422476038336754,0.),(1.2422476038336754,0.10000000149011612),(0.,0.10000000149011612)));
#5211=IFCINDEXEDPOLYCURVE(#5210,(IFCLINEINDEX((1,2,3,4,1))),$);
#5212=IFCARBITRARYCLOSEDPROFILEDEF(.AREA.,$,#5211);
#5213=IFCCARTESIANPOINT((0.05000000074505806,0.,0.));
#5214=IFCDIRECTION((0.,0.,1.));
#5215=IFCDIRECTION((1.,0.,0.));
#5216=IFCAXIS2PLACEMENT3D(#5213,#5214,#5215);
#5217=IFCDIRECTION((0.,0.,1.));
#5218=IFCEXTRUDEDAREASOLID(#5212,#5216,#5217,0.02500000037252903);
#5219=IFCCARTESIANPOINTLIST2D(((0.,0.),(0.,2.0250000022351742),(1.3922476097941399,2.0250000022351742),(1.3922476097941399,0.),(1.3172476068139076,0.),(1.3172476068139076,1.9499999992549419),(0.075000002980232239,1.9499999992549419),(0.075000002980232239,0.)));
#5220=IFCINDEXEDPOLYCURVE(#5219,(IFCLINEINDEX((1,2,3,4,5,6,7,8,1))),$);
#5221=IFCARBITRARYCLOSEDPROFILEDEF(.AREA.,$,#5220);
#5222=IFCCARTESIANPOINT((-0.025000002235174179,-0.004999999888241291,0.));
#5223=IFCDIRECTION((0.,-1.,0.));
#5224=IFCDIRECTION((1.,0.,0.));
#5225=IFCAXIS2PLACEMENT3D(#5222,#5223,#5224);
#5226=IFCDIRECTION((0.,0.,-1.));
#5227=IFCEXTRUDEDAREASOLID(#5221,#5225,#5226,0.004999999888241291);
#5228=IFCCARTESIANPOINTLIST2D(((0.,0.),(0.,2.0250000022351742),(1.3922476097941399,2.0250000022351742),(1.3922476097941399,0.),(1.3172476068139076,0.),(1.3172476068139076,1.9499999992549419),(0.075000002980232239,1.9499999992549419),(0.075000002980232239,0.)));
#5229=IFCINDEXEDPOLYCURVE(#5228,(IFCLINEINDEX((1,2,3,4,5,6,7,8,1))),$);
#5230=IFCARBITRARYCLOSEDPROFILEDEF(.AREA.,$,#5229);
#5231=IFCCARTESIANPOINT((-0.025000002235174179,0.05000000074505806,0.));
#5232=IFCDIRECTION((0.,-1.,0.));
#5233=IFCDIRECTION((1.,0.,0.));
#5234=IFCAXIS2PLACEMENT3D(#5231,#5232,#5233);
#5235=IFCDIRECTION((0.,0.,-1.));
#5236=IFCEXTRUDEDAREASOLID(#5230,#5234,#5235,0.004999999888241291);
#5237=IFCCARTESIANPOINTLIST2D(((0.,0.),(1.2422476038336754,0.),(1.2422476038336754,0.035000000149011612),(0.,0.035000000149011612)));
#5238=IFCINDEXEDPOLYCURVE(#5237,(IFCLINEINDEX((1,2,3,4,1))),$);
#5239=IFCARBITRARYCLOSEDPROFILEDEF(.AREA.,$,#5238);
#5240=IFCCARTESIANPOINT((0.05000000074505806,-0.035000000149011612,0.02500000037252903));
#5241=IFCDIRECTION((0.,0.,1.));
#5242=IFCDIRECTION((1.,0.,0.));
#5243=IFCAXIS2PLACEMENT3D(#5240,#5241,#5242);
#5244=IFCDIRECTION((0.,0.,1.));
#5245=IFCEXTRUDEDAREASOLID(#5239,#5243,#5244,1.9249999988824129);
#5246=IFCCARTESIANPOINTLIST2D(((0.,0.),(0.,-0.040000000000000001),(0.12,-0.040000000000000001),(0.12,-0.02),(0.02,-0.02),(0.02,0.)));
#5247=IFCINDEXEDPOLYCURVE(#5246,(IFCLINEINDEX((1,2,3,4,5,6,1))),$);
#5248=IFCARBITRARYCLOSEDPROFILEDEF(.AREA.,$,#5247);
#5249=IFCCARTESIANPOINT((0.10000000074505806,-0.035000000149011612,1.015000000372529));
#5250=IFCDIRECTION((0.,0.,1.));
#5251=IFCDIRECTION((1.,0.,0.));
#5252=IFCAXIS2PLACEMENT3D(#5249,#5250,#5251);
#5253=IFCDIRECTION((0.,0.,1.));
#5254=IFCEXTRUDEDAREASOLID(#5248,#5252,#5253,0.02);
#5255=IFCEXTRUDEDAREASOLID(#5256,#5259,#5263,0.02);
#5256=IFCARBITRARYCLOSEDPROFILEDEF(.AREA.,$,#5257);
#5257=IFCINDEXEDPOLYCURVE(#5258,(IFCLINEINDEX((1,2,3,4,5,6,1))),$);
#5258=IFCCARTESIANPOINTLIST2D(((0.,0.),(0.,0.040000000000000008),(0.11999999999999998,0.040000000000000008),(0.11999999999999998,0.020000000000000004),(0.020000000000000004,0.020000000000000004),(0.020000000000000004,0.)));
#5259=IFCAXIS2PLACEMENT3D(#5260,#5261,#5262);
#5260=IFCCARTESIANPOINT((0.10000000074505806,0.,1.015000000372529));
#5261=IFCDIRECTION((0.,0.,1.));
#5262=IFCDIRECTION((1.,0.,0.));
#5263=IFCDIRECTION((0.,0.,1.));
#5320=IFCCARTESIANPOINTLIST2D(((0.,0.),(0.,2.),(0.7222437858581543,2.),(0.7222437858581543,0.),(0.67224378511309624,0.),(0.67224378511309624,1.9499999992549419),(0.05000000074505806,1.9499999992549419),(0.05000000074505806,0.)));
#5321=IFCINDEXEDPOLYCURVE(#5320,(IFCLINEINDEX((1,2,3,4,5,6,7,8,1))),$);
#5322=IFCARBITRARYCLOSEDPROFILEDEF(.AREA.,$,#5321);
#5323=IFCCARTESIANPOINT((0.,0.,0.));
#5324=IFCDIRECTION((0.,-1.,0.));
#5325=IFCDIRECTION((1.,0.,0.));
#5326=IFCAXIS2PLACEMENT3D(#5323,#5324,#5325);
#5327=IFCDIRECTION((0.,0.,-1.));
#5328=IFCEXTRUDEDAREASOLID(#5322,#5326,#5327,0.05000000074505806);
#5329=IFCCARTESIANPOINTLIST2D(((0.,0.),(0.62224378436803818,0.),(0.62224378436803818,0.10000000149011612),(0.,0.10000000149011612)));
#5330=IFCINDEXEDPOLYCURVE(#5329,(IFCLINEINDEX((1,2,3,4,1))),$);
#5331=IFCARBITRARYCLOSEDPROFILEDEF(.AREA.,$,#5330);
#5332=IFCCARTESIANPOINT((0.05000000074505806,0.,0.));
#5333=IFCDIRECTION((0.,0.,1.));
#5334=IFCDIRECTION((1.,0.,0.));
#5335=IFCAXIS2PLACEMENT3D(#5332,#5333,#5334);
#5336=IFCDIRECTION((0.,0.,1.));
#5337=IFCEXTRUDEDAREASOLID(#5331,#5335,#5336,0.02500000037252903);
#5338=IFCCARTESIANPOINTLIST2D(((0.,0.),(0.,2.0250000022351742),(0.77224379032850266,2.0250000022351742),(0.77224379032850266,0.),(0.69724378734827042,0.),(0.69724378734827042,1.9499999992549419),(0.075000002980232239,1.9499999992549419),(0.075000002980232239,0.)));
#5339=IFCINDEXEDPOLYCURVE(#5338,(IFCLINEINDEX((1,2,3,4,5,6,7,8,1))),$);
#5340=IFCARBITRARYCLOSEDPROFILEDEF(.AREA.,$,#5339);
#5341=IFCCARTESIANPOINT((-0.025000002235174179,-0.004999999888241291,0.));
#5342=IFCDIRECTION((0.,-1.,0.));
#5343=IFCDIRECTION((1.,0.,0.));
#5344=IFCAXIS2PLACEMENT3D(#5341,#5342,#5343);
#5345=IFCDIRECTION((0.,0.,-1.));
#5346=IFCEXTRUDEDAREASOLID(#5340,#5344,#5345,0.004999999888241291);
#5347=IFCCARTESIANPOINTLIST2D(((0.,0.),(0.,2.0250000022351742),(0.77224379032850266,2.0250000022351742),(0.77224379032850266,0.),(0.69724378734827042,0.),(0.69724378734827042,1.9499999992549419),(0.075000002980232239,1.9499999992549419),(0.075000002980232239,0.)));
#5348=IFCINDEXEDPOLYCURVE(#5347,(IFCLINEINDEX((1,2,3,4,5,6,7,8,1))),$);
#5349=IFCARBITRARYCLOSEDPROFILEDEF(.AREA.,$,#5348);
#5350=IFCCARTESIANPOINT((-0.025000002235174179,0.05000000074505806,0.));
#5351=IFCDIRECTION((0.,-1.,0.));
#5352=IFCDIRECTION((1.,0.,0.));
#5353=IFCAXIS2PLACEMENT3D(#5350,#5351,#5352);
#5354=IFCDIRECTION((0.,0.,-1.));
#5355=IFCEXTRUDEDAREASOLID(#5349,#5353,#5354,0.004999999888241291);
#5356=IFCCARTESIANPOINTLIST2D(((0.,0.),(0.62224378436803818,0.),(0.62224378436803818,0.035000000149011612),(0.,0.035000000149011612)));
#5357=IFCINDEXEDPOLYCURVE(#5356,(IFCLINEINDEX((1,2,3,4,1))),$);
#5358=IFCARBITRARYCLOSEDPROFILEDEF(.AREA.,$,#5357);
#5359=IFCCARTESIANPOINT((0.05000000074505806,-0.035000000149011612,0.02500000037252903));
#5360=IFCDIRECTION((0.,0.,1.));
#5361=IFCDIRECTION((1.,0.,0.));
#5362=IFCAXIS2PLACEMENT3D(#5359,#5360,#5361);
#5363=IFCDIRECTION((0.,0.,1.));
#5364=IFCEXTRUDEDAREASOLID(#5358,#5362,#5363,1.9249999988824129);
#5365=IFCCARTESIANPOINTLIST2D(((0.,0.),(0.,-0.040000000000000001),(0.12,-0.040000000000000001),(0.12,-0.02),(0.02,-0.02),(0.02,0.)));
#5366=IFCINDEXEDPOLYCURVE(#5365,(IFCLINEINDEX((1,2,3,4,5,6,1))),$);
#5367=IFCARBITRARYCLOSEDPROFILEDEF(.AREA.,$,#5366);
#5368=IFCCARTESIANPOINT((0.10000000074505806,-0.035000000149011612,1.015000000372529));
#5369=IFCDIRECTION((0.,0.,1.));
#5370=IFCDIRECTION((1.,0.,0.));
#5371=IFCAXIS2PLACEMENT3D(#5368,#5369,#5370);
#5372=IFCDIRECTION((0.,0.,1.));
#5373=IFCEXTRUDEDAREASOLID(#5367,#5371,#5372,0.02);
#5374=IFCEXTRUDEDAREASOLID(#5375,#5378,#5382,0.02);
#5375=IFCARBITRARYCLOSEDPROFILEDEF(.AREA.,$,#5376);
#5376=IFCINDEXEDPOLYCURVE(#5377,(IFCLINEINDEX((1,2,3,4,5,6,1))),$);
#5377=IFCCARTESIANPOINTLIST2D(((0.,0.),(0.,0.040000000000000008),(0.11999999999999998,0.040000000000000008),(0.11999999999999998,0.020000000000000004),(0.020000000000000004,0.020000000000000004),(0.020000000000000004,0.)));
#5378=IFCAXIS2PLACEMENT3D(#5379,#5380,#5381);
#5379=IFCCARTESIANPOINT((0.10000000074505806,0.,1.015000000372529));
#5380=IFCDIRECTION((0.,0.,1.));
#5381=IFCDIRECTION((1.,0.,0.));
#5382=IFCDIRECTION((0.,0.,1.));
#5424=IFCCARTESIANPOINTLIST2D(((0.,0.),(0.,2.),(0.69762760400772095,2.),(0.69762760400772095,0.),(0.64762760326266289,0.),(0.64762760326266289,1.9499999992549419),(0.05000000074505806,1.9499999992549419),(0.05000000074505806,0.)));
#5425=IFCINDEXEDPOLYCURVE(#5424,(IFCLINEINDEX((1,2,3,4,5,6,7,8,1))),$);
#5426=IFCARBITRARYCLOSEDPROFILEDEF(.AREA.,$,#5425);
#5427=IFCCARTESIANPOINT((0.,0.,0.));
#5428=IFCDIRECTION((0.,-1.,0.));
#5429=IFCDIRECTION((1.,0.,0.));
#5430=IFCAXIS2PLACEMENT3D(#5427,#5428,#5429);
#5431=IFCDIRECTION((0.,0.,-1.));
#5432=IFCEXTRUDEDAREASOLID(#5426,#5430,#5431,0.05000000074505806);
#5433=IFCCARTESIANPOINTLIST2D(((0.,0.),(0.59762760251760483,0.),(0.59762760251760483,0.10000000149011612),(0.,0.10000000149011612)));
#5434=IFCINDEXEDPOLYCURVE(#5433,(IFCLINEINDEX((1,2,3,4,1))),$);
#5435=IFCARBITRARYCLOSEDPROFILEDEF(.AREA.,$,#5434);
#5436=IFCCARTESIANPOINT((0.05000000074505806,0.,0.));
#5437=IFCDIRECTION((0.,0.,1.));
#5438=IFCDIRECTION((1.,0.,0.));
#5439=IFCAXIS2PLACEMENT3D(#5436,#5437,#5438);
#5440=IFCDIRECTION((0.,0.,1.));
#5441=IFCEXTRUDEDAREASOLID(#5435,#5439,#5440,0.02500000037252903);
#5442=IFCCARTESIANPOINTLIST2D(((0.,0.),(0.,2.0250000022351742),(0.74762760847806931,2.0250000022351742),(0.74762760847806931,0.),(0.67262760549783707,0.),(0.67262760549783707,1.9499999992549419),(0.075000002980232239,1.9499999992549419),(0.075000002980232239,0.)));
#5443=IFCINDEXEDPOLYCURVE(#5442,(IFCLINEINDEX((1,2,3,4,5,6,7,8,1))),$);
#5444=IFCARBITRARYCLOSEDPROFILEDEF(.AREA.,$,#5443);
#5445=IFCCARTESIANPOINT((-0.025000002235174179,-0.004999999888241291,0.));
#5446=IFCDIRECTION((0.,-1.,0.));
#5447=IFCDIRECTION((1.,0.,0.));
#5448=IFCAXIS2PLACEMENT3D(#5445,#5446,#5447);
#5449=IFCDIRECTION((0.,0.,-1.));
#5450=IFCEXTRUDEDAREASOLID(#5444,#5448,#5449,0.004999999888241291);
#5451=IFCCARTESIANPOINTLIST2D(((0.,0.),(0.,2.0250000022351742),(0.74762760847806931,2.0250000022351742),(0.74762760847806931,0.),(0.67262760549783707,0.),(0.67262760549783707,1.9499999992549419),(0.075000002980232239,1.9499999992549419),(0.075000002980232239,0.)));
#5452=IFCINDEXEDPOLYCURVE(#5451,(IFCLINEINDEX((1,2,3,4,5,6,7,8,1))),$);
#5453=IFCARBITRARYCLOSEDPROFILEDEF(.AREA.,$,#5452);
#5454=IFCCARTESIANPOINT((-0.025000002235174179,0.05000000074505806,0.));
#5455=IFCDIRECTION((0.,-1.,0.));
#5456=IFCDIRECTION((1.,0.,0.));
#5457=IFCAXIS2PLACEMENT3D(#5454,#5455,#5456);
#5458=IFCDIRECTION((0.,0.,-1.));
#5459=IFCEXTRUDEDAREASOLID(#5453,#5457,#5458,0.004999999888241291);
#5460=IFCCARTESIANPOINTLIST2D(((0.,0.),(0.59762760251760483,0.),(0.59762760251760483,0.035000000149011612),(0.,0.035000000149011612)));
#5461=IFCINDEXEDPOLYCURVE(#5460,(IFCLINEINDEX((1,2,3,4,1))),$);
#5462=IFCARBITRARYCLOSEDPROFILEDEF(.AREA.,$,#5461);
#5463=IFCCARTESIANPOINT((0.05000000074505806,-0.035000000149011612,0.02500000037252903));
#5464=IFCDIRECTION((0.,0.,1.));
#5465=IFCDIRECTION((1.,0.,0.));
#5466=IFCAXIS2PLACEMENT3D(#5463,#5464,#5465);
#5467=IFCDIRECTION((0.,0.,1.));
#5468=IFCEXTRUDEDAREASOLID(#5462,#5466,#5467,1.9249999988824129);
#5469=IFCCARTESIANPOINTLIST2D(((0.,0.),(0.,-0.040000000000000008),(-0.11999999999999994,-0.040000000000000008),(-0.11999999999999994,-0.020000000000000004),(-0.020000000000000018,-0.020000000000000004),(-0.020000000000000018,0.)));
#5470=IFCINDEXEDPOLYCURVE(#5469,(IFCLINEINDEX((1,2,3,4,5,6,1))),$);
#5471=IFCARBITRARYCLOSEDPROFILEDEF(.AREA.,$,#5470);
#5472=IFCCARTESIANPOINT((0.59762760326266284,-0.035000000149011612,1.015000000372529));
#5473=IFCDIRECTION((0.,0.,1.));
#5474=IFCDIRECTION((1.,0.,0.));
#5475=IFCAXIS2PLACEMENT3D(#5472,#5473,#5474);
#5476=IFCDIRECTION((0.,0.,1.));
#5477=IFCEXTRUDEDAREASOLID(#5471,#5475,#5476,0.02);
#5478=IFCEXTRUDEDAREASOLID(#5479,#5482,#5486,0.02);
#5479=IFCARBITRARYCLOSEDPROFILEDEF(.AREA.,$,#5480);
#5480=IFCINDEXEDPOLYCURVE(#5481,(IFCLINEINDEX((1,2,3,4,5,6,1))),$);
#5481=IFCCARTESIANPOINTLIST2D(((0.,0.),(0.,0.040000000000000008),(-0.11999999999999994,0.040000000000000008),(-0.11999999999999994,0.020000000000000004),(-0.020000000000000018,0.020000000000000004),(-0.020000000000000018,0.)));
#5482=IFCAXIS2PLACEMENT3D(#5483,#5484,#5485);
#5483=IFCCARTESIANPOINT((0.59762760326266284,0.,1.015000000372529));
#5484=IFCDIRECTION((0.,0.,1.));
#5485=IFCDIRECTION((1.,0.,0.));
#5486=IFCDIRECTION((0.,0.,1.));
#5525=IFCCARTESIANPOINTLIST3D(((0.,0.,0.),(0.66647380590438843,0.,0.),(0.66647380590438843,0.,2.),(0.,0.,2.)));
#5526=IFCINDEXEDPOLYCURVE(#5525,(IFCLINEINDEX((1,2,3,4,1))),$);
#5527=IFCSHAPEREPRESENTATION(#18,'Profile','Curve3D',(#5526));
#5528=IFCCARTESIANPOINTLIST2D(((0.,0.),(0.,2.),(0.66647380590438843,2.),(0.66647380590438843,0.),(0.61647380515933037,0.),(0.61647380515933037,1.9499999992549419),(0.05000000074505806,1.9499999992549419),(0.05000000074505806,0.)));
#5529=IFCINDEXEDPOLYCURVE(#5528,(IFCLINEINDEX((1,2,3,4,5,6,7,8,1))),$);
#5530=IFCARBITRARYCLOSEDPROFILEDEF(.AREA.,$,#5529);
#5531=IFCCARTESIANPOINT((0.,0.,0.));
#5532=IFCDIRECTION((0.,-1.,0.));
#5533=IFCDIRECTION((1.,0.,0.));
#5534=IFCAXIS2PLACEMENT3D(#5531,#5532,#5533);
#5535=IFCDIRECTION((0.,0.,-1.));
#5536=IFCEXTRUDEDAREASOLID(#5530,#5534,#5535,0.05000000074505806);
#5537=IFCCARTESIANPOINTLIST2D(((0.,0.),(0.56647380441427231,0.),(0.56647380441427231,0.10000000149011612),(0.,0.10000000149011612)));
#5538=IFCINDEXEDPOLYCURVE(#5537,(IFCLINEINDEX((1,2,3,4,1))),$);
#5539=IFCARBITRARYCLOSEDPROFILEDEF(.AREA.,$,#5538);
#5540=IFCCARTESIANPOINT((0.05000000074505806,0.,0.));
#5541=IFCDIRECTION((0.,0.,1.));
#5542=IFCDIRECTION((1.,0.,0.));
#5543=IFCAXIS2PLACEMENT3D(#5540,#5541,#5542);
#5544=IFCDIRECTION((0.,0.,1.));
#5545=IFCEXTRUDEDAREASOLID(#5539,#5543,#5544,0.02500000037252903);
#5546=IFCCARTESIANPOINTLIST2D(((0.,0.),(0.,2.0250000022351742),(0.71647381037473679,2.0250000022351742),(0.71647381037473679,0.),(0.64147380739450455,0.),(0.64147380739450455,1.9499999992549419),(0.075000002980232239,1.9499999992549419),(0.075000002980232239,0.)));
#5547=IFCINDEXEDPOLYCURVE(#5546,(IFCLINEINDEX((1,2,3,4,5,6,7,8,1))),$);
#5548=IFCARBITRARYCLOSEDPROFILEDEF(.AREA.,$,#5547);
#5549=IFCCARTESIANPOINT((-0.025000002235174179,-0.004999999888241291,0.));
#5550=IFCDIRECTION((0.,-1.,0.));
#5551=IFCDIRECTION((1.,0.,0.));
#5552=IFCAXIS2PLACEMENT3D(#5549,#5550,#5551);
#5553=IFCDIRECTION((0.,0.,-1.));
#5554=IFCEXTRUDEDAREASOLID(#5548,#5552,#5553,0.004999999888241291);
#5555=IFCCARTESIANPOINTLIST2D(((0.,0.),(0.,2.0250000022351742),(0.71647381037473679,2.0250000022351742),(0.71647381037473679,0.),(0.64147380739450455,0.),(0.64147380739450455,1.9499999992549419),(0.075000002980232239,1.9499999992549419),(0.075000002980232239,0.)));
#5556=IFCINDEXEDPOLYCURVE(#5555,(IFCLINEINDEX((1,2,3,4,5,6,7,8,1))),$);
#5557=IFCARBITRARYCLOSEDPROFILEDEF(.AREA.,$,#5556);
#5558=IFCCARTESIANPOINT((-0.025000002235174179,0.05000000074505806,0.));
#5559=IFCDIRECTION((0.,-1.,0.));
#5560=IFCDIRECTION((1.,0.,0.));
#5561=IFCAXIS2PLACEMENT3D(#5558,#5559,#5560);
#5562=IFCDIRECTION((0.,0.,-1.));
#5563=IFCEXTRUDEDAREASOLID(#5557,#5561,#5562,0.004999999888241291);
#5564=IFCCARTESIANPOINTLIST2D(((0.,0.),(0.56647380441427231,0.),(0.56647380441427231,0.035000000149011612),(0.,0.035000000149011612)));
#5565=IFCINDEXEDPOLYCURVE(#5564,(IFCLINEINDEX((1,2,3,4,1))),$);
#5566=IFCARBITRARYCLOSEDPROFILEDEF(.AREA.,$,#5565);
#5567=IFCCARTESIANPOINT((0.05000000074505806,-0.035000000149011612,0.02500000037252903));
#5568=IFCDIRECTION((0.,0.,1.));
#5569=IFCDIRECTION((1.,0.,0.));
#5570=IFCAXIS2PLACEMENT3D(#5567,#5568,#5569);
#5571=IFCDIRECTION((0.,0.,1.));
#5572=IFCEXTRUDEDAREASOLID(#5566,#5570,#5571,1.9249999988824129);
#5573=IFCCARTESIANPOINTLIST2D(((0.,0.),(0.,-0.040000000000000008),(-0.11999999999999994,-0.040000000000000008),(-0.11999999999999994,-0.020000000000000004),(-0.020000000000000018,-0.020000000000000004),(-0.020000000000000018,0.)));
#5574=IFCINDEXEDPOLYCURVE(#5573,(IFCLINEINDEX((1,2,3,4,5,6,1))),$);
#5575=IFCARBITRARYCLOSEDPROFILEDEF(.AREA.,$,#5574);
#5576=IFCCARTESIANPOINT((0.56647380515933032,-0.035000000149011612,1.015000000372529));
#5577=IFCDIRECTION((0.,0.,1.));
#5578=IFCDIRECTION((1.,0.,0.));
#5579=IFCAXIS2PLACEMENT3D(#5576,#5577,#5578);
#5580=IFCDIRECTION((0.,0.,1.));
#5581=IFCEXTRUDEDAREASOLID(#5575,#5579,#5580,0.02);
#5582=IFCEXTRUDEDAREASOLID(#5583,#5586,#5590,0.02);
#5583=IFCARBITRARYCLOSEDPROFILEDEF(.AREA.,$,#5584);
#5584=IFCINDEXEDPOLYCURVE(#5585,(IFCLINEINDEX((1,2,3,4,5,6,1))),$);
#5585=IFCCARTESIANPOINTLIST2D(((0.,0.),(0.,0.040000000000000008),(-0.11999999999999994,0.040000000000000008),(-0.11999999999999994,0.020000000000000004),(-0.020000000000000018,0.020000000000000004),(-0.020000000000000018,0.)));
#5586=IFCAXIS2PLACEMENT3D(#5587,#5588,#5589);
#5587=IFCCARTESIANPOINT((0.56647380515933032,0.,1.015000000372529));
#5588=IFCDIRECTION((0.,0.,1.));
#5589=IFCDIRECTION((1.,0.,0.));
#5590=IFCDIRECTION((0.,0.,1.));
#5591=IFCSHAPEREPRESENTATION(#11,'Body','SweptSolid',(#5536,#5572,#5581,#5582,#5545,#5554,#5563));
#5592=IFCCARTESIANPOINTLIST2D(((0.,0.),(0.05000000074505806,0.),(0.05000000074505806,0.05000000074505806),(0.,0.05000000074505806)));
#5593=IFCINDEXEDPOLYCURVE(#5592,(IFCLINEINDEX((1,2,3,4,1))),$);
#5594=IFCINDEXEDPOLYCURVE(#5595,(IFCLINEINDEX((1,2,3,4,1))),$);
#5595=IFCCARTESIANPOINTLIST2D(((0.66647380590438843,0.),(0.61647380515933037,0.),(0.61647380515933037,0.05000000074505806),(0.66647380590438843,0.05000000074505806)));
#5596=IFCCARTESIANPOINTLIST2D(((-0.23323690146207809,-0.035000000149011612),(0.33323690295219421,-0.035000000149011612),(0.33323690295219421,0.),(-0.23323690146207809,0.)));
#5597=IFCINDEXEDPOLYCURVE(#5596,(IFCLINEINDEX((1,2,3,4,1))),$);
#5598=IFCSHAPEREPRESENTATION(#24,'Body','Curve2D',(#5593,#5594,#5597));
#5599=IFCCARTESIANPOINTLIST2D(((0.24826583229005336,-0.081587428267465345),(0.41820797361433509,-0.081587428267465345)));
#5600=IFCINDEXEDPOLYCURVE(#5599,$,$);
#5601=IFCCARTESIANPOINTLIST2D(((0.27826583229005336,-0.050529142855162856),(0.24826583229005336,-0.081587428267465345),(0.27826583229005336,-0.11264571367976783)));
#5602=IFCINDEXEDPOLYCURVE(#5601,$,$);
#5603=IFCSHAPEREPRESENTATION(#25,'Annotation','Curve2D',(#5600,#5602));
#5604=IFCCARTESIANPOINTLIST2D(((0.,0.),(0.66647380590438843,0.),(0.66647380590438843,2.),(0.,2.)));
#5605=IFCINDEXEDPOLYCURVE(#5604,(IFCLINEINDEX((1,2,3,4,1))),$);
#5606=IFCARBITRARYCLOSEDPROFILEDEF(.AREA.,$,#5605);
#5607=IFCCARTESIANPOINT((0.,-0.60000002384185791,0.));
#5608=IFCDIRECTION((0.,-1.,0.));
#5609=IFCDIRECTION((1.,0.,0.));
#5610=IFCAXIS2PLACEMENT3D(#5607,#5608,#5609);
#5611=IFCDIRECTION((0.,0.,-1.));
#5612=IFCEXTRUDEDAREASOLID(#5606,#5610,#5611,1.2);
#5613=IFCSHAPEREPRESENTATION(#11,'Body','SweptSolid',(#5612));
#5624=IFCCARTESIANPOINT((0.,-4.4408920985006262E-16,0.));
#5625=IFCDIRECTION((0.,0.,1.));
#5626=IFCDIRECTION((1.,-1.7347234759768071E-18,0.));
#5627=IFCAXIS2PLACEMENT3D(#5624,#5625,#5626);
#5628=IFCLOCALPLACEMENT(#5689,#5627);
#5666=IFCRELCONNECTSPATHELEMENTS('39Sb3GS$918RiMmW8RoGH4',$,$,$,$,#4064,#254,(),(),.ATPATH.,.ATSTART.);
#5680=IFCCARTESIANPOINT((-1.3009039153180781,5.0598953707801444,0.));
#5681=IFCDIRECTION((0.,0.,1.));
#5682=IFCDIRECTION((0.0071950092691929505,-0.99997411558580662,0.));
#5683=IFCAXIS2PLACEMENT3D(#5680,#5681,#5682);
#5684=IFCLOCALPLACEMENT(#79,#5683);
#5685=IFCCARTESIANPOINT((2.318651682775601,0.05000007708180787,0.));
#5686=IFCDIRECTION((0.,0.,1.));
#5687=IFCDIRECTION((-0.99999999999925127,1.2237261779847811E-06,0.));
#5688=IFCAXIS2PLACEMENT3D(#5685,#5686,#5687);
#5689=IFCLOCALPLACEMENT(#5684,#5688);
#5690=IFCCARTESIANPOINTLIST2D(((0.,0.),(-0.10000004649123767,0.10000000000000001),(3.449999538460204,0.10000000000000001),(3.5499995849514416,0.)));
#5691=IFCINDEXEDPOLYCURVE(#5690,(IFCLINEINDEX((1,2,3,4,1))),$);
#5692=IFCARBITRARYCLOSEDPROFILEDEF(.AREA.,$,#5691);
#5693=IFCCARTESIANPOINT((0.,0.,0.));
#5694=IFCDIRECTION((0.,0.,1.));
#5695=IFCDIRECTION((1.,0.,0.));
#5696=IFCAXIS2PLACEMENT3D(#5693,#5694,#5695);
#5697=IFCDIRECTION((0.,0.,1.));
#5698=IFCEXTRUDEDAREASOLID(#5692,#5696,#5697,3.);
#5699=IFCSHAPEREPRESENTATION(#11,'Body','SweptSolid',(#5698));
#5700=IFCCARTESIANPOINTLIST2D(((0.,0.),(3.5499995849514416,0.)));
#5701=IFCINDEXEDPOLYCURVE(#5700,$,$);
#5702=IFCSHAPEREPRESENTATION(#23,'Axis','Curve2D',(#5701));
#5785=IFCWINDOWTYPE('36Qylqs3v7tQNgy6wAoLZO',$,'Living-GF',$,$,(#5786),(#5795,#5843,#5865),$,$,.WINDOW.,.SINGLE_PANEL.,$,$);
#5786=IFCPROPERTYSET('2khppJ60X6uAUDahWvvi75',$,'BBIM_Window',$,(#5787));
#5787=IFCPROPERTYSINGLEVALUE('Data',$,IFCTEXT('{"window_type": "SINGLE_PANEL", "overall_height": 0.8999999761581421, "overall_width": 0.8449331521987915, "lining_properties": {"lining_depth": 0.05000000074505806, "lining_thickness": 0.05000000074505806, "lining_offset": 0.05000000074505806, "lining_to_panel_offset_x": 0.02500000037252903, "lining_to_panel_offset_y": 0.02500000037252903}, "panel_properties": {"frame_depth": [0.03500000014901161, 0.03500000014901161, 0.03500000014901161], "frame_thickness": [0.03500000014901161, 0.03500000014901161, 0.03500000014901161]}}'),$);
#5791=IFCCARTESIANPOINT((0.,0.,0.));
#5792=IFCDIRECTION((1.,0.,0.));
#5793=IFCDIRECTION((0.,0.,1.));
#5794=IFCAXIS2PLACEMENT3D(#5791,#5793,#5792);
#5795=IFCREPRESENTATIONMAP(#5794,#7022);
#5839=IFCCARTESIANPOINT((0.,0.,0.));
#5840=IFCDIRECTION((1.,0.,0.));
#5841=IFCDIRECTION((0.,0.,1.));
#5842=IFCAXIS2PLACEMENT3D(#5839,#5841,#5840);
#5843=IFCREPRESENTATIONMAP(#5842,#7065);
#5861=IFCCARTESIANPOINT((0.,0.,0.));
#5862=IFCDIRECTION((1.,0.,0.));
#5863=IFCDIRECTION((0.,0.,1.));
#5864=IFCAXIS2PLACEMENT3D(#5861,#5863,#5862);
#5865=IFCREPRESENTATIONMAP(#5864,#7082);
#5866=IFCWINDOW('3FtzOz0xX0thfbRTgogtri',$,'Window',$,$,#8768,#5875,$,0.89999997615814209,0.8449331521987915,$,.SINGLE_PANEL.,$);
#5867=IFCRELDEFINESBYTYPE('2bkF4nIID6Ng1jEoYtlQqu',$,$,$,(#5866),#5785);
#5868=IFCCARTESIANPOINT((0.,0.,0.));
#5869=IFCDIRECTION((1.,0.,0.));
#5870=IFCDIRECTION((0.,1.,0.));
#5871=IFCDIRECTION((0.,0.,1.));
#5872=IFCCARTESIANTRANSFORMATIONOPERATOR3D(#5869,#5870,#5868,1.,#5871);
#5873=IFCMAPPEDITEM(#5795,#5872);
#5874=IFCSHAPEREPRESENTATION(#18,'Profile','MappedRepresentation',(#5873));
#5875=IFCPRODUCTDEFINITIONSHAPE($,$,(#5874,#5882,#5889));
#5876=IFCCARTESIANPOINT((0.,0.,0.));
#5877=IFCDIRECTION((1.,0.,0.));
#5878=IFCDIRECTION((0.,1.,0.));
#5879=IFCDIRECTION((0.,0.,1.));
#5880=IFCCARTESIANTRANSFORMATIONOPERATOR3D(#5877,#5878,#5876,1.,#5879);
#5881=IFCMAPPEDITEM(#5843,#5880);
#5882=IFCSHAPEREPRESENTATION(#11,'Body','MappedRepresentation',(#5881));
#5883=IFCCARTESIANPOINT((0.,0.,0.));
#5884=IFCDIRECTION((1.,0.,0.));
#5885=IFCDIRECTION((0.,1.,0.));
#5886=IFCDIRECTION((0.,0.,1.));
#5887=IFCCARTESIANTRANSFORMATIONOPERATOR3D(#5884,#5885,#5883,1.,#5886);
#5888=IFCMAPPEDITEM(#5865,#5887);
#5889=IFCSHAPEREPRESENTATION(#24,'Body','MappedRepresentation',(#5888));
#5890=IFCOPENINGELEMENT('2TSxCc6D18YRz3uXyLZkJs',$,'Opening',$,$,#7117,#5918,$,.OPENING.);
#5906=IFCCARTESIANPOINT((0.,0.,0.));
#5907=IFCDIRECTION((1.,0.,0.));
#5908=IFCDIRECTION((0.,0.,1.));
#5909=IFCAXIS2PLACEMENT3D(#5906,#5908,#5907);
#5910=IFCREPRESENTATIONMAP(#5909,#7092);
#5911=IFCCARTESIANPOINT((0.,0.,0.));
#5912=IFCDIRECTION((1.,0.,0.));
#5913=IFCDIRECTION((0.,1.,0.));
#5914=IFCDIRECTION((0.,0.,1.));
#5915=IFCCARTESIANTRANSFORMATIONOPERATOR3D(#5912,#5913,#5911,1.,#5914);
#5916=IFCMAPPEDITEM(#5910,#5915);
#5917=IFCSHAPEREPRESENTATION(#11,'Body','MappedRepresentation',(#5916));
#5918=IFCPRODUCTDEFINITIONSHAPE($,$,(#5917));
#5919=IFCRELVOIDSELEMENT('1PrU8tH412iBbynW5LSc6u',$,$,$,#87,#5890);
#5925=IFCRELFILLSELEMENT('3GxLUcBNX2BgajqXgHe3J4',$,$,$,#5890,#5866);
#5994=IFCCARTESIANPOINTLIST2D(((0.,0.),(0.68227565288543701,0.),(0.68227565288543701,0.89999997615814209),(0.,0.89999997615814209)));
#5995=IFCINDEXEDPOLYCURVE(#5994,(IFCLINEINDEX((1,2,3,4,1))),$);
#5996=IFCCARTESIANPOINTLIST2D(((0.02500000037252903,0.02500000037252903),(0.65727565251290798,0.02500000037252903),(0.65727565251290798,0.87499997578561306),(0.02500000037252903,0.87499997578561306)));
#5997=IFCINDEXEDPOLYCURVE(#5996,(IFCLINEINDEX((1,2,3,4,1))),$);
#5998=IFCARBITRARYPROFILEDEFWITHVOIDS(.AREA.,$,#5995,(#5997));
#5999=IFCCARTESIANPOINT((0.,0.090000001713633537,0.));
#6000=IFCDIRECTION((0.,-1.,0.));
#6001=IFCDIRECTION((1.,0.,0.));
#6002=IFCAXIS2PLACEMENT3D(#5999,#6000,#6001);
#6003=IFCDIRECTION((0.,0.,-1.));
#6004=IFCEXTRUDEDAREASOLID(#5998,#6002,#6003,0.0099999997764825821);
#6005=IFCCARTESIANPOINTLIST2D(((0.,0.),(0.68227565288543701,0.),(0.68227565288543701,0.89999997615814209),(0.,0.89999997615814209)));
#6006=IFCINDEXEDPOLYCURVE(#6005,(IFCLINEINDEX((1,2,3,4,1))),$);
#6007=IFCCARTESIANPOINTLIST2D(((0.05000000074505806,0.05000000074505806),(0.63227565214037895,0.05000000074505806),(0.63227565214037895,0.84999997541308403),(0.05000000074505806,0.84999997541308403)));
#6008=IFCINDEXEDPOLYCURVE(#6007,(IFCLINEINDEX((1,2,3,4,1))),$);
#6009=IFCARBITRARYPROFILEDEFWITHVOIDS(.AREA.,$,#6006,(#6008));
#6010=IFCCARTESIANPOINT((0.,0.05000000074505806,0.));
#6011=IFCDIRECTION((0.,-1.,0.));
#6012=IFCDIRECTION((1.,0.,0.));
#6013=IFCAXIS2PLACEMENT3D(#6010,#6011,#6012);
#6014=IFCDIRECTION((0.,0.,-1.));
#6015=IFCEXTRUDEDAREASOLID(#6009,#6013,#6014,0.040000000968575478);
#6016=IFCCARTESIANPOINTLIST2D(((0.,0.),(0.63227565214037895,0.),(0.63227565214037895,0.84999997541308403),(0.,0.84999997541308403)));
#6017=IFCINDEXEDPOLYCURVE(#6016,(IFCLINEINDEX((1,2,3,4,1))),$);
#6018=IFCCARTESIANPOINTLIST2D(((0.035000000149011612,0.035000000149011612),(0.59727565199136734,0.035000000149011612),(0.59727565199136734,0.81499997526407242),(0.035000000149011612,0.81499997526407242)));
#6019=IFCINDEXEDPOLYCURVE(#6018,(IFCLINEINDEX((1,2,3,4,1))),$);
#6020=IFCARBITRARYPROFILEDEFWITHVOIDS(.AREA.,$,#6017,(#6019));
#6021=IFCCARTESIANPOINT((0.02500000037252903,0.090000001713633537,0.02500000037252903));
#6022=IFCDIRECTION((0.,-1.,0.));
#6023=IFCDIRECTION((1.,0.,0.));
#6024=IFCAXIS2PLACEMENT3D(#6021,#6022,#6023);
#6025=IFCDIRECTION((0.,0.,-1.));
#6026=IFCEXTRUDEDAREASOLID(#6020,#6024,#6025,0.035000000149011612);
#6027=IFCINDEXEDPOLYCURVE(#6028,(IFCLINEINDEX((1,2,3,4,1))),$);
#6028=IFCCARTESIANPOINTLIST2D(((0.035000000149011612,0.035000000149011612),(0.59727565199136734,0.035000000149011612),(0.59727565199136734,0.81499997526407242),(0.035000000149011612,0.81499997526407242)));
#6029=IFCARBITRARYCLOSEDPROFILEDEF(.AREA.,$,#6027);
#6030=IFCCARTESIANPOINT((0.02500000037252903,0.10250000178813934,0.02500000037252903));
#6031=IFCDIRECTION((0.,-1.,0.));
#6032=IFCDIRECTION((1.,0.,0.));
#6033=IFCAXIS2PLACEMENT3D(#6030,#6031,#6032);
#6034=IFCDIRECTION((0.,0.,-1.));
#6035=IFCEXTRUDEDAREASOLID(#6029,#6033,#6034,0.01);
#6037=IFCSHAPEREPRESENTATION(#11,'Body','SweptSolid',(#6004,#6015,#7044,#7033,#6113,#6124));
#6038=IFCSHAPEASPECT((#6037),'Lining',$,.T.,#5875);
#6039=IFCSHAPEREPRESENTATION(#11,'Body','SweptSolid',(#6026,#6135,#7055));
#6040=IFCSHAPEASPECT((#6039),'Framing',$,.T.,#5875);
#6041=IFCSHAPEREPRESENTATION(#11,'Body','SweptSolid',(#7064,#6035,#6144));
#6042=IFCSHAPEASPECT((#6041),'Glazing',$,.T.,#5875);
#6103=IFCCARTESIANPOINTLIST2D(((0.,0.),(0.68227565288543701,0.),(0.68227565288543701,0.89999997615814209),(0.,0.89999997615814209)));
#6104=IFCINDEXEDPOLYCURVE(#6103,(IFCLINEINDEX((1,2,3,4,1))),$);
#6105=IFCCARTESIANPOINTLIST2D(((0.02500000037252903,0.02500000037252903),(0.65727565251290798,0.02500000037252903),(0.65727565251290798,0.87499997578561306),(0.02500000037252903,0.87499997578561306)));
#6106=IFCINDEXEDPOLYCURVE(#6105,(IFCLINEINDEX((1,2,3,4,1))),$);
#6107=IFCARBITRARYPROFILEDEFWITHVOIDS(.AREA.,$,#6104,(#6106));
#6108=IFCCARTESIANPOINT((0.,0.090000001713633537,0.));
#6109=IFCDIRECTION((0.,-1.,0.));
#6110=IFCDIRECTION((1.,0.,0.));
#6111=IFCAXIS2PLACEMENT3D(#6108,#6109,#6110);
#6112=IFCDIRECTION((0.,0.,-1.));
#6113=IFCEXTRUDEDAREASOLID(#6107,#6111,#6112,0.0099999997764825821);
#6114=IFCCARTESIANPOINTLIST2D(((0.,0.),(0.68227565288543701,0.),(0.68227565288543701,0.89999997615814209),(0.,0.89999997615814209)));
#6115=IFCINDEXEDPOLYCURVE(#6114,(IFCLINEINDEX((1,2,3,4,1))),$);
#6116=IFCCARTESIANPOINTLIST2D(((0.05000000074505806,0.05000000074505806),(0.63227565214037895,0.05000000074505806),(0.63227565214037895,0.84999997541308403),(0.05000000074505806,0.84999997541308403)));
#6117=IFCINDEXEDPOLYCURVE(#6116,(IFCLINEINDEX((1,2,3,4,1))),$);
#6118=IFCARBITRARYPROFILEDEFWITHVOIDS(.AREA.,$,#6115,(#6117));
#6119=IFCCARTESIANPOINT((0.,0.05000000074505806,0.));
#6120=IFCDIRECTION((0.,-1.,0.));
#6121=IFCDIRECTION((1.,0.,0.));
#6122=IFCAXIS2PLACEMENT3D(#6119,#6120,#6121);
#6123=IFCDIRECTION((0.,0.,-1.));
#6124=IFCEXTRUDEDAREASOLID(#6118,#6122,#6123,0.040000000968575478);
#6125=IFCCARTESIANPOINTLIST2D(((0.,0.),(0.63227565214037895,0.),(0.63227565214037895,0.84999997541308403),(0.,0.84999997541308403)));
#6126=IFCINDEXEDPOLYCURVE(#6125,(IFCLINEINDEX((1,2,3,4,1))),$);
#6127=IFCCARTESIANPOINTLIST2D(((0.035000000149011612,0.035000000149011612),(0.59727565199136734,0.035000000149011612),(0.59727565199136734,0.81499997526407242),(0.035000000149011612,0.81499997526407242)));
#6128=IFCINDEXEDPOLYCURVE(#6127,(IFCLINEINDEX((1,2,3,4,1))),$);
#6129=IFCARBITRARYPROFILEDEFWITHVOIDS(.AREA.,$,#6126,(#6128));
#6130=IFCCARTESIANPOINT((0.02500000037252903,0.090000001713633537,0.02500000037252903));
#6131=IFCDIRECTION((0.,-1.,0.));
#6132=IFCDIRECTION((1.,0.,0.));
#6133=IFCAXIS2PLACEMENT3D(#6130,#6131,#6132);
#6134=IFCDIRECTION((0.,0.,-1.));
#6135=IFCEXTRUDEDAREASOLID(#6129,#6133,#6134,0.035000000149011612);
#6136=IFCINDEXEDPOLYCURVE(#6137,(IFCLINEINDEX((1,2,3,4,1))),$);
#6137=IFCCARTESIANPOINTLIST2D(((0.035000000149011612,0.035000000149011612),(0.59727565199136734,0.035000000149011612),(0.59727565199136734,0.81499997526407242),(0.035000000149011612,0.81499997526407242)));
#6138=IFCARBITRARYCLOSEDPROFILEDEF(.AREA.,$,#6136);
#6139=IFCCARTESIANPOINT((0.02500000037252903,0.10250000178813934,0.02500000037252903));
#6140=IFCDIRECTION((0.,-1.,0.));
#6141=IFCDIRECTION((1.,0.,0.));
#6142=IFCAXIS2PLACEMENT3D(#6139,#6140,#6141);
#6143=IFCDIRECTION((0.,0.,-1.));
#6144=IFCEXTRUDEDAREASOLID(#6138,#6142,#6143,0.01);
#6188=IFCWINDOWTYPE('3oCNPILtv1Iv8URWkLY53r',$,'Guest-1-GF',$,$,(#6189),(#6191,#6199,#6247),$,$,.WINDOW.,.SINGLE_PANEL.,$,$);
#6189=IFCPROPERTYSET('3wuXWreE18Ag4cA2Lr_9O$',$,'BBIM_Window',$,(#6190));
#6190=IFCPROPERTYSINGLEVALUE('Data',$,IFCTEXT('{"window_type": "DOUBLE_PANEL_VERTICAL", "overall_height": 0.8999999761581421, "overall_width": 1.2456873655319214, "lining_properties": {"lining_depth": 0.05000000074505806, "lining_thickness": 0.05000000074505806, "lining_offset": 0.05000000074505806, "lining_to_panel_offset_x": 0.02500000037252903, "lining_to_panel_offset_y": 0.02500000037252903, "mullion_thickness": 0.0, "first_mullion_offset": 0.627548336982727}, "panel_properties": {"frame_depth": [0.03500000014901161, 0.03500000014901161, 0.03500000014901161], "frame_thickness": [0.03500000014901161, 0.03500000014901161, 0.03500000014901161]}}'),$);
#6191=IFCREPRESENTATIONMAP(#6192,#7804);
#6192=IFCAXIS2PLACEMENT3D(#6193,#6194,#6195);
#6193=IFCCARTESIANPOINT((0.,0.,0.));
#6194=IFCDIRECTION((0.,0.,1.));
#6195=IFCDIRECTION((1.,0.,0.));
#6199=IFCREPRESENTATIONMAP(#6200,#7885);
#6200=IFCAXIS2PLACEMENT3D(#6201,#6202,#6203);
#6201=IFCCARTESIANPOINT((0.,0.,0.));
#6202=IFCDIRECTION((0.,0.,1.));
#6203=IFCDIRECTION((1.,0.,0.));
#6247=IFCREPRESENTATIONMAP(#6248,#7918);
#6248=IFCAXIS2PLACEMENT3D(#6249,#6250,#6251);
#6249=IFCCARTESIANPOINT((0.,0.,0.));
#6250=IFCDIRECTION((0.,0.,1.));
#6251=IFCDIRECTION((1.,0.,0.));
#6269=IFCRELCONNECTSPATHELEMENTS('2O2hCjy8XCxQFllTtL$KEV',$,$,$,$,#4064,#855,(),(),.ATPATH.,.ATEND.);
#6270=IFCCARTESIANPOINTLIST2D(((0.10000258878862744,0.),(0.10072214728334171,0.10000000000000001),(2.4007819392743359,0.10000000000000001),(2.4000624109803446,0.)));
#6271=IFCINDEXEDPOLYCURVE(#6270,(IFCLINEINDEX((1,2,3,4,1))),$);
#6272=IFCARBITRARYCLOSEDPROFILEDEF(.AREA.,$,#6271);
#6273=IFCCARTESIANPOINT((0.,0.,0.));
#6274=IFCDIRECTION((0.,0.,1.));
#6275=IFCDIRECTION((1.,0.,0.));
#6276=IFCAXIS2PLACEMENT3D(#6273,#6274,#6275);
#6277=IFCDIRECTION((0.,0.,1.));
#6278=IFCEXTRUDEDAREASOLID(#6272,#6276,#6277,3.);
#6279=IFCSHAPEREPRESENTATION(#11,'Body','SweptSolid',(#6278));
#6280=IFCCARTESIANPOINTLIST2D(((0.,0.),(2.4000624109803446,0.)));
#6281=IFCINDEXEDPOLYCURVE(#6280,$,$);
#6282=IFCSHAPEREPRESENTATION(#23,'Axis','Curve2D',(#6281));
#6283=IFCCARTESIANPOINTLIST2D(((0.,0.),(0.09999999880751248,0.10000000000000001),(3.0000010695055717,0.10000000000000001),(3.0000010857976394,0.)));
#6284=IFCINDEXEDPOLYCURVE(#6283,(IFCLINEINDEX((1,2,3,4,1))),$);
#6285=IFCARBITRARYCLOSEDPROFILEDEF(.AREA.,$,#6284);
#6286=IFCCARTESIANPOINT((0.,0.,0.));
#6287=IFCDIRECTION((0.,0.,1.));
#6288=IFCDIRECTION((1.,0.,0.));
#6289=IFCAXIS2PLACEMENT3D(#6286,#6287,#6288);
#6290=IFCDIRECTION((0.,0.,1.));
#6291=IFCEXTRUDEDAREASOLID(#6285,#6289,#6290,3.);
#6292=IFCSHAPEREPRESENTATION(#11,'Body','SweptSolid',(#6291));
#6293=IFCCARTESIANPOINTLIST2D(((0.,0.),(3.1000010857976408,0.)));
#6294=IFCINDEXEDPOLYCURVE(#6293,$,$);
#6295=IFCSHAPEREPRESENTATION(#23,'Axis','Curve2D',(#6294));
#6296=IFCWINDOW('2IbufVqNjAIhKOfrIka847',$,'Window',$,$,#7943,#6305,$,0.89999997615814209,1.2456873655319214,$,.DOUBLE_PANEL_VERTICAL.,$);
#6297=IFCRELDEFINESBYTYPE('2oZGaJ7pX7xwT5WqCOBD9_',$,$,$,(#6296),#6188);
#6298=IFCCARTESIANPOINT((0.,0.,0.));
#6299=IFCDIRECTION((1.,0.,0.));
#6300=IFCDIRECTION((0.,1.,0.));
#6301=IFCDIRECTION((0.,0.,1.));
#6302=IFCCARTESIANTRANSFORMATIONOPERATOR3D(#6299,#6300,#6298,1.,#6301);
#6303=IFCMAPPEDITEM(#6191,#6302);
#6304=IFCSHAPEREPRESENTATION(#18,'Profile','MappedRepresentation',(#6303));
#6305=IFCPRODUCTDEFINITIONSHAPE($,$,(#6304,#6312,#6319));
#6306=IFCCARTESIANPOINT((0.,0.,0.));
#6307=IFCDIRECTION((1.,0.,0.));
#6308=IFCDIRECTION((0.,1.,0.));
#6309=IFCDIRECTION((0.,0.,1.));
#6310=IFCCARTESIANTRANSFORMATIONOPERATOR3D(#6307,#6308,#6306,1.,#6309);
#6311=IFCMAPPEDITEM(#6199,#6310);
#6312=IFCSHAPEREPRESENTATION(#11,'Body','MappedRepresentation',(#6311));
#6313=IFCCARTESIANPOINT((0.,0.,0.));
#6314=IFCDIRECTION((1.,0.,0.));
#6315=IFCDIRECTION((0.,1.,0.));
#6316=IFCDIRECTION((0.,0.,1.));
#6317=IFCCARTESIANTRANSFORMATIONOPERATOR3D(#6314,#6315,#6313,1.,#6316);
#6318=IFCMAPPEDITEM(#6247,#6317);
#6319=IFCSHAPEREPRESENTATION(#24,'Body','MappedRepresentation',(#6318));
#6320=IFCOPENINGELEMENT('3xUY6EmpPBHAN9ozMveyvp',$,'Opening',$,$,#7938,#6348,$,.OPENING.);
#6336=IFCCARTESIANPOINT((0.,0.,0.));
#6337=IFCDIRECTION((1.,0.,0.));
#6338=IFCDIRECTION((0.,0.,1.));
#6339=IFCAXIS2PLACEMENT3D(#6336,#6338,#6337);
#6340=IFCREPRESENTATIONMAP(#6339,#7928);
#6341=IFCCARTESIANPOINT((0.,0.,0.));
#6342=IFCDIRECTION((1.,0.,0.));
#6343=IFCDIRECTION((0.,1.,0.));
#6344=IFCDIRECTION((0.,0.,1.));
#6345=IFCCARTESIANTRANSFORMATIONOPERATOR3D(#6342,#6343,#6341,1.,#6344);
#6346=IFCMAPPEDITEM(#6340,#6345);
#6347=IFCSHAPEREPRESENTATION(#11,'Body','MappedRepresentation',(#6346));
#6348=IFCPRODUCTDEFINITIONSHAPE($,$,(#6347));
#6349=IFCRELVOIDSELEMENT('2s2oxUpkb5PgQNRRiOOCXO',$,$,$,#548,#6320);
#6355=IFCRELFILLSELEMENT('2Uv_NXFCnDjPcxUlx3gJl9',$,$,$,#6320,#6296);
#6364=IFCCARTESIANPOINTLIST2D(((0.,0.),(1.0345613956451416,0.),(1.0345613956451416,0.89999997615814209),(0.,0.89999997615814209)));
#6365=IFCINDEXEDPOLYCURVE(#6364,(IFCLINEINDEX((1,2,3,4,1))),$);
#6366=IFCCARTESIANPOINTLIST2D(((0.02500000037252903,0.02500000037252903),(1.0095613952726126,0.02500000037252903),(1.0095613952726126,0.87499997578561306),(0.02500000037252903,0.87499997578561306)));
#6367=IFCINDEXEDPOLYCURVE(#6366,(IFCLINEINDEX((1,2,3,4,1))),$);
#6368=IFCARBITRARYPROFILEDEFWITHVOIDS(.AREA.,$,#6365,(#6367));
#6369=IFCCARTESIANPOINT((0.,0.090000001713633537,0.));
#6370=IFCDIRECTION((0.,-1.,0.));
#6371=IFCDIRECTION((1.,0.,0.));
#6372=IFCAXIS2PLACEMENT3D(#6369,#6370,#6371);
#6373=IFCDIRECTION((0.,0.,-1.));
#6374=IFCEXTRUDEDAREASOLID(#6368,#6372,#6373,0.0099999997764825821);
#6375=IFCCARTESIANPOINTLIST2D(((0.,0.),(1.0345613956451416,0.),(1.0345613956451416,0.89999997615814209),(0.,0.89999997615814209)));
#6376=IFCINDEXEDPOLYCURVE(#6375,(IFCLINEINDEX((1,2,3,4,1))),$);
#6377=IFCCARTESIANPOINTLIST2D(((0.05000000074505806,0.05000000074505806),(0.98456139490008354,0.05000000074505806),(0.98456139490008354,0.84999997541308403),(0.05000000074505806,0.84999997541308403)));
#6378=IFCINDEXEDPOLYCURVE(#6377,(IFCLINEINDEX((1,2,3,4,1))),$);
#6379=IFCARBITRARYPROFILEDEFWITHVOIDS(.AREA.,$,#6376,(#6378));
#6380=IFCCARTESIANPOINT((0.,0.05000000074505806,0.));
#6381=IFCDIRECTION((0.,-1.,0.));
#6382=IFCDIRECTION((1.,0.,0.));
#6383=IFCAXIS2PLACEMENT3D(#6380,#6381,#6382);
#6384=IFCDIRECTION((0.,0.,-1.));
#6385=IFCEXTRUDEDAREASOLID(#6379,#6383,#6384,0.040000000968575478);
#6386=IFCCARTESIANPOINTLIST2D(((0.,0.),(0.98456139490008354,0.),(0.98456139490008354,0.84999997541308403),(0.,0.84999997541308403)));
#6387=IFCINDEXEDPOLYCURVE(#6386,(IFCLINEINDEX((1,2,3,4,1))),$);
#6388=IFCCARTESIANPOINTLIST2D(((0.035000000149011612,0.035000000149011612),(0.94956139475107193,0.035000000149011612),(0.94956139475107193,0.81499997526407242),(0.035000000149011612,0.81499997526407242)));
#6389=IFCINDEXEDPOLYCURVE(#6388,(IFCLINEINDEX((1,2,3,4,1))),$);
#6390=IFCARBITRARYPROFILEDEFWITHVOIDS(.AREA.,$,#6387,(#6389));
#6391=IFCCARTESIANPOINT((0.02500000037252903,0.090000001713633537,0.02500000037252903));
#6392=IFCDIRECTION((0.,-1.,0.));
#6393=IFCDIRECTION((1.,0.,0.));
#6394=IFCAXIS2PLACEMENT3D(#6391,#6392,#6393);
#6395=IFCDIRECTION((0.,0.,-1.));
#6396=IFCEXTRUDEDAREASOLID(#6390,#6394,#6395,0.035000000149011612);
#6397=IFCINDEXEDPOLYCURVE(#6398,(IFCLINEINDEX((1,2,3,4,1))),$);
#6398=IFCCARTESIANPOINTLIST2D(((0.035000000149011612,0.035000000149011612),(0.94956139475107193,0.035000000149011612),(0.94956139475107193,0.81499997526407242),(0.035000000149011612,0.81499997526407242)));
#6399=IFCARBITRARYCLOSEDPROFILEDEF(.AREA.,$,#6397);
#6400=IFCCARTESIANPOINT((0.02500000037252903,0.10250000178813934,0.02500000037252903));
#6401=IFCDIRECTION((0.,-1.,0.));
#6402=IFCDIRECTION((1.,0.,0.));
#6403=IFCAXIS2PLACEMENT3D(#6400,#6401,#6402);
#6404=IFCDIRECTION((0.,0.,-1.));
#6405=IFCEXTRUDEDAREASOLID(#6399,#6403,#6404,0.01);
#6407=IFCSHAPEREPRESENTATION(#11,'Body','SweptSolid',(#7531,#7387,#7673,#7824,#6468,#6840,#6712,#6723,#7215,#7855,#6374,#6571,#7571,#7204,#7864,#7580,#7722,#6582,#6672,#7427,#6683,#7713,#7438,#7164,#6385,#7682,#7175,#6880,#7398,#6869,#7540,#6829,#6479,#7815));
#6408=IFCSHAPEASPECT((#6407),'Lining',$,.T.,#6305);
#6409=IFCSHAPEREPRESENTATION(#11,'Body','SweptSolid',(#7875,#7591,#7733,#6593,#6490,#6694,#7186,#7226,#7449,#6891,#6734,#7551,#7693,#7835,#6396,#7409,#6851));
#6410=IFCSHAPEASPECT((#6409),'Framing',$,.T.,#6305);
#6411=IFCSHAPEREPRESENTATION(#11,'Body','SweptSolid',(#7600,#7742,#7458,#6703,#7195,#7844,#7560,#6743,#7235,#7702,#6405,#7418,#6900,#6860,#6602,#6499,#7884));
#6412=IFCSHAPEASPECT((#6411),'Glazing',$,.T.,#6305);
#6458=IFCCARTESIANPOINTLIST2D(((0.,0.),(1.0778520107269287,0.),(1.0778520107269287,0.89999997615814209),(0.,0.89999997615814209)));
#6459=IFCINDEXEDPOLYCURVE(#6458,(IFCLINEINDEX((1,2,3,4,1))),$);
#6460=IFCCARTESIANPOINTLIST2D(((0.02500000037252903,0.02500000037252903),(1.0528520103543997,0.02500000037252903),(1.0528520103543997,0.87499997578561306),(0.02500000037252903,0.87499997578561306)));
#6461=IFCINDEXEDPOLYCURVE(#6460,(IFCLINEINDEX((1,2,3,4,1))),$);
#6462=IFCARBITRARYPROFILEDEFWITHVOIDS(.AREA.,$,#6459,(#6461));
#6463=IFCCARTESIANPOINT((0.,0.090000001713633537,0.));
#6464=IFCDIRECTION((0.,-1.,0.));
#6465=IFCDIRECTION((1.,0.,0.));
#6466=IFCAXIS2PLACEMENT3D(#6463,#6464,#6465);
#6467=IFCDIRECTION((0.,0.,-1.));
#6468=IFCEXTRUDEDAREASOLID(#6462,#6466,#6467,0.0099999997764825821);
#6469=IFCCARTESIANPOINTLIST2D(((0.,0.),(1.0778520107269287,0.),(1.0778520107269287,0.89999997615814209),(0.,0.89999997615814209)));
#6470=IFCINDEXEDPOLYCURVE(#6469,(IFCLINEINDEX((1,2,3,4,1))),$);
#6471=IFCCARTESIANPOINTLIST2D(((0.05000000074505806,0.05000000074505806),(1.0278520099818707,0.05000000074505806),(1.0278520099818707,0.84999997541308403),(0.05000000074505806,0.84999997541308403)));
#6472=IFCINDEXEDPOLYCURVE(#6471,(IFCLINEINDEX((1,2,3,4,1))),$);
#6473=IFCARBITRARYPROFILEDEFWITHVOIDS(.AREA.,$,#6470,(#6472));
#6474=IFCCARTESIANPOINT((0.,0.05000000074505806,0.));
#6475=IFCDIRECTION((0.,-1.,0.));
#6476=IFCDIRECTION((1.,0.,0.));
#6477=IFCAXIS2PLACEMENT3D(#6474,#6475,#6476);
#6478=IFCDIRECTION((0.,0.,-1.));
#6479=IFCEXTRUDEDAREASOLID(#6473,#6477,#6478,0.040000000968575478);
#6480=IFCCARTESIANPOINTLIST2D(((0.,0.),(1.0278520099818707,0.),(1.0278520099818707,0.84999997541308403),(0.,0.84999997541308403)));
#6481=IFCINDEXEDPOLYCURVE(#6480,(IFCLINEINDEX((1,2,3,4,1))),$);
#6482=IFCCARTESIANPOINTLIST2D(((0.035000000149011612,0.035000000149011612),(0.99285200983285904,0.035000000149011612),(0.99285200983285904,0.81499997526407242),(0.035000000149011612,0.81499997526407242)));
#6483=IFCINDEXEDPOLYCURVE(#6482,(IFCLINEINDEX((1,2,3,4,1))),$);
#6484=IFCARBITRARYPROFILEDEFWITHVOIDS(.AREA.,$,#6481,(#6483));
#6485=IFCCARTESIANPOINT((0.02500000037252903,0.090000001713633537,0.02500000037252903));
#6486=IFCDIRECTION((0.,-1.,0.));
#6487=IFCDIRECTION((1.,0.,0.));
#6488=IFCAXIS2PLACEMENT3D(#6485,#6486,#6487);
#6489=IFCDIRECTION((0.,0.,-1.));
#6490=IFCEXTRUDEDAREASOLID(#6484,#6488,#6489,0.035000000149011612);
#6491=IFCINDEXEDPOLYCURVE(#6492,(IFCLINEINDEX((1,2,3,4,1))),$);
#6492=IFCCARTESIANPOINTLIST2D(((0.035000000149011612,0.035000000149011612),(0.99285200983285904,0.035000000149011612),(0.99285200983285904,0.81499997526407242),(0.035000000149011612,0.81499997526407242)));
#6493=IFCARBITRARYCLOSEDPROFILEDEF(.AREA.,$,#6491);
#6494=IFCCARTESIANPOINT((0.02500000037252903,0.10250000178813934,0.02500000037252903));
#6495=IFCDIRECTION((0.,-1.,0.));
#6496=IFCDIRECTION((1.,0.,0.));
#6497=IFCAXIS2PLACEMENT3D(#6494,#6495,#6496);
#6498=IFCDIRECTION((0.,0.,-1.));
#6499=IFCEXTRUDEDAREASOLID(#6493,#6497,#6498,0.01);
#6561=IFCCARTESIANPOINTLIST2D(((0.,0.),(1.0033838748931885,0.),(1.0033838748931885,0.89999997615814209),(0.,0.89999997615814209)));
#6562=IFCINDEXEDPOLYCURVE(#6561,(IFCLINEINDEX((1,2,3,4,1))),$);
#6563=IFCCARTESIANPOINTLIST2D(((0.02500000037252903,0.02500000037252903),(0.97838387452065945,0.02500000037252903),(0.97838387452065945,0.87499997578561306),(0.02500000037252903,0.87499997578561306)));
#6564=IFCINDEXEDPOLYCURVE(#6563,(IFCLINEINDEX((1,2,3,4,1))),$);
#6565=IFCARBITRARYPROFILEDEFWITHVOIDS(.AREA.,$,#6562,(#6564));
#6566=IFCCARTESIANPOINT((0.,0.090000001713633537,0.));
#6567=IFCDIRECTION((0.,-1.,0.));
#6568=IFCDIRECTION((1.,0.,0.));
#6569=IFCAXIS2PLACEMENT3D(#6566,#6567,#6568);
#6570=IFCDIRECTION((0.,0.,-1.));
#6571=IFCEXTRUDEDAREASOLID(#6565,#6569,#6570,0.0099999997764825821);
#6572=IFCCARTESIANPOINTLIST2D(((0.,0.),(1.0033838748931885,0.),(1.0033838748931885,0.89999997615814209),(0.,0.89999997615814209)));
#6573=IFCINDEXEDPOLYCURVE(#6572,(IFCLINEINDEX((1,2,3,4,1))),$);
#6574=IFCCARTESIANPOINTLIST2D(((0.05000000074505806,0.05000000074505806),(0.95338387414813042,0.05000000074505806),(0.95338387414813042,0.84999997541308403),(0.05000000074505806,0.84999997541308403)));
#6575=IFCINDEXEDPOLYCURVE(#6574,(IFCLINEINDEX((1,2,3,4,1))),$);
#6576=IFCARBITRARYPROFILEDEFWITHVOIDS(.AREA.,$,#6573,(#6575));
#6577=IFCCARTESIANPOINT((0.,0.05000000074505806,0.));
#6578=IFCDIRECTION((0.,-1.,0.));
#6579=IFCDIRECTION((1.,0.,0.));
#6580=IFCAXIS2PLACEMENT3D(#6577,#6578,#6579);
#6581=IFCDIRECTION((0.,0.,-1.));
#6582=IFCEXTRUDEDAREASOLID(#6576,#6580,#6581,0.040000000968575478);
#6583=IFCCARTESIANPOINTLIST2D(((0.,0.),(0.95338387414813042,0.),(0.95338387414813042,0.84999997541308403),(0.,0.84999997541308403)));
#6584=IFCINDEXEDPOLYCURVE(#6583,(IFCLINEINDEX((1,2,3,4,1))),$);
#6585=IFCCARTESIANPOINTLIST2D(((0.035000000149011612,0.035000000149011612),(0.9183838739991188,0.035000000149011612),(0.9183838739991188,0.81499997526407242),(0.035000000149011612,0.81499997526407242)));
#6586=IFCINDEXEDPOLYCURVE(#6585,(IFCLINEINDEX((1,2,3,4,1))),$);
#6587=IFCARBITRARYPROFILEDEFWITHVOIDS(.AREA.,$,#6584,(#6586));
#6588=IFCCARTESIANPOINT((0.02500000037252903,0.090000001713633537,0.02500000037252903));
#6589=IFCDIRECTION((0.,-1.,0.));
#6590=IFCDIRECTION((1.,0.,0.));
#6591=IFCAXIS2PLACEMENT3D(#6588,#6589,#6590);
#6592=IFCDIRECTION((0.,0.,-1.));
#6593=IFCEXTRUDEDAREASOLID(#6587,#6591,#6592,0.035000000149011612);
#6594=IFCINDEXEDPOLYCURVE(#6595,(IFCLINEINDEX((1,2,3,4,1))),$);
#6595=IFCCARTESIANPOINTLIST2D(((0.035000000149011612,0.035000000149011612),(0.9183838739991188,0.035000000149011612),(0.9183838739991188,0.81499997526407242),(0.035000000149011612,0.81499997526407242)));
#6596=IFCARBITRARYCLOSEDPROFILEDEF(.AREA.,$,#6594);
#6597=IFCCARTESIANPOINT((0.02500000037252903,0.10250000178813934,0.02500000037252903));
#6598=IFCDIRECTION((0.,-1.,0.));
#6599=IFCDIRECTION((1.,0.,0.));
#6600=IFCAXIS2PLACEMENT3D(#6597,#6598,#6599);
#6601=IFCDIRECTION((0.,0.,-1.));
#6602=IFCEXTRUDEDAREASOLID(#6596,#6600,#6601,0.01);
#6664=IFCCARTESIANPOINTLIST2D(((0.30000001192092896,0.),(0.,0.),(0.,0.89999997615814209),(0.30000001192092896,0.89999997615814209),(0.30000001192092896,0.87499997578561306),(0.02500000037252903,0.87499997578561306),(0.02500000037252903,0.02500000037252903),(0.30000001192092896,0.02500000037252903)));
#6665=IFCINDEXEDPOLYCURVE(#6664,(IFCLINEINDEX((1,2,3,4,5,6,7,8,1))),$);
#6666=IFCARBITRARYCLOSEDPROFILEDEF(.AREA.,$,#6665);
#6667=IFCCARTESIANPOINT((0.,0.090000001713633537,0.));
#6668=IFCDIRECTION((0.,-1.,0.));
#6669=IFCDIRECTION((1.,0.,0.));
#6670=IFCAXIS2PLACEMENT3D(#6667,#6668,#6669);
#6671=IFCDIRECTION((0.,0.,-1.));
#6672=IFCEXTRUDEDAREASOLID(#6666,#6670,#6671,0.0099999997764825821);
#6673=IFCCARTESIANPOINTLIST2D(((0.,0.),(0.30000001192092896,0.),(0.30000001192092896,0.89999997615814209),(0.,0.89999997615814209)));
#6674=IFCINDEXEDPOLYCURVE(#6673,(IFCLINEINDEX((1,2,3,4,1))),$);
#6675=IFCCARTESIANPOINTLIST2D(((0.05000000074505806,0.05000000074505806),(0.27500001154839993,0.05000000074505806),(0.27500001154839993,0.84999997541308403),(0.05000000074505806,0.84999997541308403)));
#6676=IFCINDEXEDPOLYCURVE(#6675,(IFCLINEINDEX((1,2,3,4,1))),$);
#6677=IFCARBITRARYPROFILEDEFWITHVOIDS(.AREA.,$,#6674,(#6676));
#6678=IFCCARTESIANPOINT((0.,0.05000000074505806,0.));
#6679=IFCDIRECTION((0.,-1.,0.));
#6680=IFCDIRECTION((1.,0.,0.));
#6681=IFCAXIS2PLACEMENT3D(#6678,#6679,#6680);
#6682=IFCDIRECTION((0.,0.,-1.));
#6683=IFCEXTRUDEDAREASOLID(#6677,#6681,#6682,0.040000000968575478);
#6684=IFCCARTESIANPOINTLIST2D(((0.,0.),(0.27500001154839993,0.),(0.27500001154839993,0.84999997541308403),(0.,0.84999997541308403)));
#6685=IFCINDEXEDPOLYCURVE(#6684,(IFCLINEINDEX((1,2,3,4,1))),$);
#6686=IFCCARTESIANPOINTLIST2D(((0.035000000149011612,0.035000000149011612),(0.24000001139938831,0.035000000149011612),(0.24000001139938831,0.81499997526407242),(0.035000000149011612,0.81499997526407242)));
#6687=IFCINDEXEDPOLYCURVE(#6686,(IFCLINEINDEX((1,2,3,4,1))),$);
#6688=IFCARBITRARYPROFILEDEFWITHVOIDS(.AREA.,$,#6685,(#6687));
#6689=IFCCARTESIANPOINT((0.02500000037252903,0.090000001713633537,0.02500000037252903));
#6690=IFCDIRECTION((0.,-1.,0.));
#6691=IFCDIRECTION((1.,0.,0.));
#6692=IFCAXIS2PLACEMENT3D(#6689,#6690,#6691);
#6693=IFCDIRECTION((0.,0.,-1.));
#6694=IFCEXTRUDEDAREASOLID(#6688,#6692,#6693,0.035000000149011612);
#6695=IFCINDEXEDPOLYCURVE(#6696,(IFCLINEINDEX((1,2,3,4,1))),$);
#6696=IFCCARTESIANPOINTLIST2D(((0.035000000149011612,0.035000000149011612),(0.24000001139938831,0.035000000149011612),(0.24000001139938831,0.81499997526407242),(0.035000000149011612,0.81499997526407242)));
#6697=IFCARBITRARYCLOSEDPROFILEDEF(.AREA.,$,#6695);
#6698=IFCCARTESIANPOINT((0.02500000037252903,0.10250000178813934,0.02500000037252903));
#6699=IFCDIRECTION((0.,-1.,0.));
#6700=IFCDIRECTION((1.,0.,0.));
#6701=IFCAXIS2PLACEMENT3D(#6698,#6699,#6700);
#6702=IFCDIRECTION((0.,0.,-1.));
#6703=IFCEXTRUDEDAREASOLID(#6697,#6701,#6702,0.01);
#6704=IFCCARTESIANPOINTLIST2D(((0.,0.89999997615814209),(0.70338386297225952,0.89999997615814209),(0.70338386297225952,0.),(0.,0.),(0.,0.02500000037252903),(0.67838386259973049,0.02500000037252903),(0.67838386259973049,0.87499997578561306),(0.,0.87499997578561306)));
#6705=IFCINDEXEDPOLYCURVE(#6704,(IFCLINEINDEX((1,2,3,4,5,6,7,8,1))),$);
#6706=IFCARBITRARYCLOSEDPROFILEDEF(.AREA.,$,#6705);
#6707=IFCCARTESIANPOINT((0.30000001192092896,0.090000001713633537,0.));
#6708=IFCDIRECTION((0.,-1.,0.));
#6709=IFCDIRECTION((1.,0.,0.));
#6710=IFCAXIS2PLACEMENT3D(#6707,#6708,#6709);
#6711=IFCDIRECTION((0.,0.,-1.));
#6712=IFCEXTRUDEDAREASOLID(#6706,#6710,#6711,0.0099999997764825821);
#6713=IFCCARTESIANPOINTLIST2D(((0.,0.),(0.70338386297225952,0.),(0.70338386297225952,0.89999997615814209),(0.,0.89999997615814209)));
#6714=IFCINDEXEDPOLYCURVE(#6713,(IFCLINEINDEX((1,2,3,4,1))),$);
#6715=IFCCARTESIANPOINTLIST2D(((0.02500000037252903,0.05000000074505806),(0.65338386222720146,0.05000000074505806),(0.65338386222720146,0.84999997541308403),(0.02500000037252903,0.84999997541308403)));
#6716=IFCINDEXEDPOLYCURVE(#6715,(IFCLINEINDEX((1,2,3,4,1))),$);
#6717=IFCARBITRARYPROFILEDEFWITHVOIDS(.AREA.,$,#6714,(#6716));
#6718=IFCCARTESIANPOINT((0.30000001192092896,0.05000000074505806,0.));
#6719=IFCDIRECTION((0.,-1.,0.));
#6720=IFCDIRECTION((1.,0.,0.));
#6721=IFCAXIS2PLACEMENT3D(#6718,#6719,#6720);
#6722=IFCDIRECTION((0.,0.,-1.));
#6723=IFCEXTRUDEDAREASOLID(#6717,#6721,#6722,0.040000000968575478);
#6724=IFCCARTESIANPOINTLIST2D(((0.,0.),(0.67838386259973049,0.),(0.67838386259973049,0.84999997541308403),(0.,0.84999997541308403)));
#6725=IFCINDEXEDPOLYCURVE(#6724,(IFCLINEINDEX((1,2,3,4,1))),$);
#6726=IFCCARTESIANPOINTLIST2D(((0.035000000149011612,0.035000000149011612),(0.64338386245071888,0.035000000149011612),(0.64338386245071888,0.81499997526407242),(0.035000000149011612,0.81499997526407242)));
#6727=IFCINDEXEDPOLYCURVE(#6726,(IFCLINEINDEX((1,2,3,4,1))),$);
#6728=IFCARBITRARYPROFILEDEFWITHVOIDS(.AREA.,$,#6725,(#6727));
#6729=IFCCARTESIANPOINT((0.30000001192092896,0.090000001713633537,0.02500000037252903));
#6730=IFCDIRECTION((0.,-1.,0.));
#6731=IFCDIRECTION((1.,0.,0.));
#6732=IFCAXIS2PLACEMENT3D(#6729,#6730,#6731);
#6733=IFCDIRECTION((0.,0.,-1.));
#6734=IFCEXTRUDEDAREASOLID(#6728,#6732,#6733,0.035000000149011612);
#6735=IFCINDEXEDPOLYCURVE(#6736,(IFCLINEINDEX((1,2,3,4,1))),$);
#6736=IFCCARTESIANPOINTLIST2D(((0.035000000149011612,0.035000000149011612),(0.64338386245071888,0.035000000149011612),(0.64338386245071888,0.81499997526407242),(0.035000000149011612,0.81499997526407242)));
#6737=IFCARBITRARYCLOSEDPROFILEDEF(.AREA.,$,#6735);
#6738=IFCCARTESIANPOINT((0.30000001192092896,0.10250000178813934,0.02500000037252903));
#6739=IFCDIRECTION((0.,-1.,0.));
#6740=IFCDIRECTION((1.,0.,0.));
#6741=IFCAXIS2PLACEMENT3D(#6738,#6739,#6740);
#6742=IFCDIRECTION((0.,0.,-1.));
#6743=IFCEXTRUDEDAREASOLID(#6737,#6741,#6742,0.01);
#6821=IFCCARTESIANPOINTLIST2D(((0.50216352939605713,0.),(0.,0.),(0.,0.89999997615814209),(0.50216352939605713,0.89999997615814209),(0.50216352939605713,0.87499997578561306),(0.02500000037252903,0.87499997578561306),(0.02500000037252903,0.02500000037252903),(0.50216352939605713,0.02500000037252903)));
#6822=IFCINDEXEDPOLYCURVE(#6821,(IFCLINEINDEX((1,2,3,4,5,6,7,8,1))),$);
#6823=IFCARBITRARYCLOSEDPROFILEDEF(.AREA.,$,#6822);
#6824=IFCCARTESIANPOINT((0.,0.090000001713633537,0.));
#6825=IFCDIRECTION((0.,-1.,0.));
#6826=IFCDIRECTION((1.,0.,0.));
#6827=IFCAXIS2PLACEMENT3D(#6824,#6825,#6826);
#6828=IFCDIRECTION((0.,0.,-1.));
#6829=IFCEXTRUDEDAREASOLID(#6823,#6827,#6828,0.0099999997764825821);
#6830=IFCCARTESIANPOINTLIST2D(((0.,0.),(0.50216352939605713,0.),(0.50216352939605713,0.89999997615814209),(0.,0.89999997615814209)));
#6831=IFCINDEXEDPOLYCURVE(#6830,(IFCLINEINDEX((1,2,3,4,1))),$);
#6832=IFCCARTESIANPOINTLIST2D(((0.05000000074505806,0.05000000074505806),(0.4771635290235281,0.05000000074505806),(0.4771635290235281,0.84999997541308403),(0.05000000074505806,0.84999997541308403)));
#6833=IFCINDEXEDPOLYCURVE(#6832,(IFCLINEINDEX((1,2,3,4,1))),$);
#6834=IFCARBITRARYPROFILEDEFWITHVOIDS(.AREA.,$,#6831,(#6833));
#6835=IFCCARTESIANPOINT((0.,0.05000000074505806,0.));
#6836=IFCDIRECTION((0.,-1.,0.));
#6837=IFCDIRECTION((1.,0.,0.));
#6838=IFCAXIS2PLACEMENT3D(#6835,#6836,#6837);
#6839=IFCDIRECTION((0.,0.,-1.));
#6840=IFCEXTRUDEDAREASOLID(#6834,#6838,#6839,0.040000000968575478);
#6841=IFCCARTESIANPOINTLIST2D(((0.,0.),(0.4771635290235281,0.),(0.4771635290235281,0.84999997541308403),(0.,0.84999997541308403)));
#6842=IFCINDEXEDPOLYCURVE(#6841,(IFCLINEINDEX((1,2,3,4,1))),$);
#6843=IFCCARTESIANPOINTLIST2D(((0.035000000149011612,0.035000000149011612),(0.44216352887451649,0.035000000149011612),(0.44216352887451649,0.81499997526407242),(0.035000000149011612,0.81499997526407242)));
#6844=IFCINDEXEDPOLYCURVE(#6843,(IFCLINEINDEX((1,2,3,4,1))),$);
#6845=IFCARBITRARYPROFILEDEFWITHVOIDS(.AREA.,$,#6842,(#6844));
#6846=IFCCARTESIANPOINT((0.02500000037252903,0.090000001713633537,0.02500000037252903));
#6847=IFCDIRECTION((0.,-1.,0.));
#6848=IFCDIRECTION((1.,0.,0.));
#6849=IFCAXIS2PLACEMENT3D(#6846,#6847,#6848);
#6850=IFCDIRECTION((0.,0.,-1.));
#6851=IFCEXTRUDEDAREASOLID(#6845,#6849,#6850,0.035000000149011612);
#6852=IFCINDEXEDPOLYCURVE(#6853,(IFCLINEINDEX((1,2,3,4,1))),$);
#6853=IFCCARTESIANPOINTLIST2D(((0.035000000149011612,0.035000000149011612),(0.44216352887451649,0.035000000149011612),(0.44216352887451649,0.81499997526407242),(0.035000000149011612,0.81499997526407242)));
#6854=IFCARBITRARYCLOSEDPROFILEDEF(.AREA.,$,#6852);
#6855=IFCCARTESIANPOINT((0.02500000037252903,0.10250000178813934,0.02500000037252903));
#6856=IFCDIRECTION((0.,-1.,0.));
#6857=IFCDIRECTION((1.,0.,0.));
#6858=IFCAXIS2PLACEMENT3D(#6855,#6856,#6857);
#6859=IFCDIRECTION((0.,0.,-1.));
#6860=IFCEXTRUDEDAREASOLID(#6854,#6858,#6859,0.01);
#6861=IFCCARTESIANPOINTLIST2D(((0.,0.89999997615814209),(0.74352383613586426,0.89999997615814209),(0.74352383613586426,0.),(0.,0.),(0.,0.02500000037252903),(0.71852383576333523,0.02500000037252903),(0.71852383576333523,0.87499997578561306),(0.,0.87499997578561306)));
#6862=IFCINDEXEDPOLYCURVE(#6861,(IFCLINEINDEX((1,2,3,4,5,6,7,8,1))),$);
#6863=IFCARBITRARYCLOSEDPROFILEDEF(.AREA.,$,#6862);
#6864=IFCCARTESIANPOINT((0.50216352939605713,0.090000001713633537,0.));
#6865=IFCDIRECTION((0.,-1.,0.));
#6866=IFCDIRECTION((1.,0.,0.));
#6867=IFCAXIS2PLACEMENT3D(#6864,#6865,#6866);
#6868=IFCDIRECTION((0.,0.,-1.));
#6869=IFCEXTRUDEDAREASOLID(#6863,#6867,#6868,0.0099999997764825821);
#6870=IFCCARTESIANPOINTLIST2D(((0.,0.),(0.74352383613586426,0.),(0.74352383613586426,0.89999997615814209),(0.,0.89999997615814209)));
#6871=IFCINDEXEDPOLYCURVE(#6870,(IFCLINEINDEX((1,2,3,4,1))),$);
#6872=IFCCARTESIANPOINTLIST2D(((0.02500000037252903,0.05000000074505806),(0.6935238353908062,0.05000000074505806),(0.6935238353908062,0.84999997541308403),(0.02500000037252903,0.84999997541308403)));
#6873=IFCINDEXEDPOLYCURVE(#6872,(IFCLINEINDEX((1,2,3,4,1))),$);
#6874=IFCARBITRARYPROFILEDEFWITHVOIDS(.AREA.,$,#6871,(#6873));
#6875=IFCCARTESIANPOINT((0.50216352939605713,0.05000000074505806,0.));
#6876=IFCDIRECTION((0.,-1.,0.));
#6877=IFCDIRECTION((1.,0.,0.));
#6878=IFCAXIS2PLACEMENT3D(#6875,#6876,#6877);
#6879=IFCDIRECTION((0.,0.,-1.));
#6880=IFCEXTRUDEDAREASOLID(#6874,#6878,#6879,0.040000000968575478);
#6881=IFCCARTESIANPOINTLIST2D(((0.,0.),(0.71852383576333523,0.),(0.71852383576333523,0.84999997541308403),(0.,0.84999997541308403)));
#6882=IFCINDEXEDPOLYCURVE(#6881,(IFCLINEINDEX((1,2,3,4,1))),$);
#6883=IFCCARTESIANPOINTLIST2D(((0.035000000149011612,0.035000000149011612),(0.68352383561432362,0.035000000149011612),(0.68352383561432362,0.81499997526407242),(0.035000000149011612,0.81499997526407242)));
#6884=IFCINDEXEDPOLYCURVE(#6883,(IFCLINEINDEX((1,2,3,4,1))),$);
#6885=IFCARBITRARYPROFILEDEFWITHVOIDS(.AREA.,$,#6882,(#6884));
#6886=IFCCARTESIANPOINT((0.50216352939605713,0.090000001713633537,0.02500000037252903));
#6887=IFCDIRECTION((0.,-1.,0.));
#6888=IFCDIRECTION((1.,0.,0.));
#6889=IFCAXIS2PLACEMENT3D(#6886,#6887,#6888);
#6890=IFCDIRECTION((0.,0.,-1.));
#6891=IFCEXTRUDEDAREASOLID(#6885,#6889,#6890,0.035000000149011612);
#6892=IFCINDEXEDPOLYCURVE(#6893,(IFCLINEINDEX((1,2,3,4,1))),$);
#6893=IFCCARTESIANPOINTLIST2D(((0.035000000149011612,0.035000000149011612),(0.68352383561432362,0.035000000149011612),(0.68352383561432362,0.81499997526407242),(0.035000000149011612,0.81499997526407242)));
#6894=IFCARBITRARYCLOSEDPROFILEDEF(.AREA.,$,#6892);
#6895=IFCCARTESIANPOINT((0.50216352939605713,0.10250000178813934,0.02500000037252903));
#6896=IFCDIRECTION((0.,-1.,0.));
#6897=IFCDIRECTION((1.,0.,0.));
#6898=IFCAXIS2PLACEMENT3D(#6895,#6896,#6897);
#6899=IFCDIRECTION((0.,0.,-1.));
#6900=IFCEXTRUDEDAREASOLID(#6894,#6898,#6899,0.01);
#7020=IFCCARTESIANPOINTLIST3D(((0.,0.,0.),(0.8449331521987915,0.,0.),(0.8449331521987915,0.,0.89999997615814209),(0.,0.,0.89999997615814209)));
#7021=IFCINDEXEDPOLYCURVE(#7020,(IFCLINEINDEX((1,2,3,4,1))),$);
#7022=IFCSHAPEREPRESENTATION(#18,'Profile','Curve3D',(#7021));
#7023=IFCCARTESIANPOINTLIST2D(((0.,0.),(0.8449331521987915,0.),(0.8449331521987915,0.89999997615814209),(0.,0.89999997615814209)));
#7024=IFCINDEXEDPOLYCURVE(#7023,(IFCLINEINDEX((1,2,3,4,1))),$);
#7025=IFCCARTESIANPOINTLIST2D(((0.02500000037252903,0.02500000037252903),(0.81993315182626247,0.02500000037252903),(0.81993315182626247,0.87499997578561306),(0.02500000037252903,0.87499997578561306)));
#7026=IFCINDEXEDPOLYCURVE(#7025,(IFCLINEINDEX((1,2,3,4,1))),$);
#7027=IFCARBITRARYPROFILEDEFWITHVOIDS(.AREA.,$,#7024,(#7026));
#7028=IFCCARTESIANPOINT((0.,0.090000001713633537,0.));
#7029=IFCDIRECTION((0.,-1.,0.));
#7030=IFCDIRECTION((1.,0.,0.));
#7031=IFCAXIS2PLACEMENT3D(#7028,#7029,#7030);
#7032=IFCDIRECTION((0.,0.,-1.));
#7033=IFCEXTRUDEDAREASOLID(#7027,#7031,#7032,0.0099999997764825821);
#7034=IFCCARTESIANPOINTLIST2D(((0.,0.),(0.8449331521987915,0.),(0.8449331521987915,0.89999997615814209),(0.,0.89999997615814209)));
#7035=IFCINDEXEDPOLYCURVE(#7034,(IFCLINEINDEX((1,2,3,4,1))),$);
#7036=IFCCARTESIANPOINTLIST2D(((0.05000000074505806,0.05000000074505806),(0.79493315145373344,0.05000000074505806),(0.79493315145373344,0.84999997541308403),(0.05000000074505806,0.84999997541308403)));
#7037=IFCINDEXEDPOLYCURVE(#7036,(IFCLINEINDEX((1,2,3,4,1))),$);
#7038=IFCARBITRARYPROFILEDEFWITHVOIDS(.AREA.,$,#7035,(#7037));
#7039=IFCCARTESIANPOINT((0.,0.05000000074505806,0.));
#7040=IFCDIRECTION((0.,-1.,0.));
#7041=IFCDIRECTION((1.,0.,0.));
#7042=IFCAXIS2PLACEMENT3D(#7039,#7040,#7041);
#7043=IFCDIRECTION((0.,0.,-1.));
#7044=IFCEXTRUDEDAREASOLID(#7038,#7042,#7043,0.040000000968575478);
#7045=IFCCARTESIANPOINTLIST2D(((0.,0.),(0.79493315145373344,0.),(0.79493315145373344,0.84999997541308403),(0.,0.84999997541308403)));
#7046=IFCINDEXEDPOLYCURVE(#7045,(IFCLINEINDEX((1,2,3,4,1))),$);
#7047=IFCCARTESIANPOINTLIST2D(((0.035000000149011612,0.035000000149011612),(0.75993315130472183,0.035000000149011612),(0.75993315130472183,0.81499997526407242),(0.035000000149011612,0.81499997526407242)));
#7048=IFCINDEXEDPOLYCURVE(#7047,(IFCLINEINDEX((1,2,3,4,1))),$);
#7049=IFCARBITRARYPROFILEDEFWITHVOIDS(.AREA.,$,#7046,(#7048));
#7050=IFCCARTESIANPOINT((0.02500000037252903,0.090000001713633537,0.02500000037252903));
#7051=IFCDIRECTION((0.,-1.,0.));
#7052=IFCDIRECTION((1.,0.,0.));
#7053=IFCAXIS2PLACEMENT3D(#7050,#7051,#7052);
#7054=IFCDIRECTION((0.,0.,-1.));
#7055=IFCEXTRUDEDAREASOLID(#7049,#7053,#7054,0.035000000149011612);
#7056=IFCINDEXEDPOLYCURVE(#7057,(IFCLINEINDEX((1,2,3,4,1))),$);
#7057=IFCCARTESIANPOINTLIST2D(((0.035000000149011612,0.035000000149011612),(0.75993315130472183,0.035000000149011612),(0.75993315130472183,0.81499997526407242),(0.035000000149011612,0.81499997526407242)));
#7058=IFCARBITRARYCLOSEDPROFILEDEF(.AREA.,$,#7056);
#7059=IFCCARTESIANPOINT((0.02500000037252903,0.10250000178813934,0.02500000037252903));
#7060=IFCDIRECTION((0.,-1.,0.));
#7061=IFCDIRECTION((1.,0.,0.));
#7062=IFCAXIS2PLACEMENT3D(#7059,#7060,#7061);
#7063=IFCDIRECTION((0.,0.,-1.));
#7064=IFCEXTRUDEDAREASOLID(#7058,#7062,#7063,0.01);
#7065=IFCSHAPEREPRESENTATION(#11,'Body','SweptSolid',(#7033,#7044,#7055,#7064));
#7066=IFCCARTESIANPOINTLIST2D(((0.05000000074505806,0.05000000074505806),(0.79493315145373344,0.05000000074505806)));
#7067=IFCINDEXEDPOLYCURVE(#7066,$,$);
#7068=IFCCARTESIANPOINTLIST2D(((0.,0.10000000149011612),(0.02500000037252903,0.10000000149011612),(0.02500000037252903,0.090000001713633537),(0.05000000074505806,0.090000001713633537),(0.05000000074505806,0.05000000074505806),(0.,0.05000000074505806)));
#7069=IFCINDEXEDPOLYCURVE(#7068,(IFCLINEINDEX((1,2,3,4,5,6,1))),$);
#7070=IFCCARTESIANPOINTLIST2D(((0.8449331521987915,0.10000000149011612),(0.81993315182626247,0.10000000149011612),(0.81993315182626247,0.090000001713633537),(0.79493315145373344,0.090000001713633537),(0.79493315145373344,0.05000000074505806),(0.8449331521987915,0.05000000074505806)));
#7071=IFCINDEXEDPOLYCURVE(#7070,(IFCLINEINDEX((1,2,3,4,5,6,1))),$);
#7072=IFCCARTESIANPOINTLIST2D(((0.02500000037252903,0.090000001713633537),(0.060000000521540642,0.090000001713633537),(0.060000000521540642,0.12500000186264515),(0.02500000037252903,0.12500000186264515)));
#7073=IFCINDEXEDPOLYCURVE(#7072,(IFCLINEINDEX((1,2,3,4,1))),$);
#7074=IFCINDEXEDPOLYCURVE(#7075,(IFCLINEINDEX((1,2,3,4,1))),$);
#7075=IFCCARTESIANPOINTLIST2D(((0.81993315182626247,0.090000001713633537),(0.78493315167725086,0.090000001713633537),(0.78493315167725086,0.12500000186264515),(0.81993315182626247,0.12500000186264515)));
#7076=IFCCARTESIANPOINTLIST2D(((0.060000000521540642,0.090000001713633537),(0.78493315167725086,0.090000001713633537)));
#7077=IFCINDEXEDPOLYCURVE(#7076,$,$);
#7078=IFCINDEXEDPOLYCURVE(#7079,$,$);
#7079=IFCCARTESIANPOINTLIST2D(((0.060000000521540642,0.12500000186264515),(0.78493315167725086,0.12500000186264515)));
#7080=IFCINDEXEDPOLYCURVE(#7081,$,$);
#7081=IFCCARTESIANPOINTLIST2D(((0.060000000521540642,0.10750000178813934),(0.78493315167725086,0.10750000178813934)));
#7082=IFCSHAPEREPRESENTATION(#24,'Body','Curve2D',(#7067,#7069,#7071,#7073,#7074,#7077,#7078,#7080));
#7083=IFCCARTESIANPOINTLIST2D(((0.,0.),(0.8449331521987915,0.),(0.8449331521987915,0.89999997615814209),(0.,0.89999997615814209)));
#7084=IFCINDEXEDPOLYCURVE(#7083,(IFCLINEINDEX((1,2,3,4,1))),$);
#7085=IFCARBITRARYCLOSEDPROFILEDEF(.AREA.,$,#7084);
#7086=IFCCARTESIANPOINT((0.,-0.60000002384185791,0.));
#7087=IFCDIRECTION((0.,-1.,0.));
#7088=IFCDIRECTION((1.,0.,0.));
#7089=IFCAXIS2PLACEMENT3D(#7086,#7087,#7088);
#7090=IFCDIRECTION((0.,0.,-1.));
#7091=IFCEXTRUDEDAREASOLID(#7085,#7089,#7090,1.2);
#7092=IFCSHAPEREPRESENTATION(#11,'Body','SweptSolid',(#7091));
#7113=IFCCARTESIANPOINT((2.5818440814859351,0.099995851516723633,1.));
#7114=IFCDIRECTION((0.,0.,1.));
#7115=IFCDIRECTION((-0.99999999999938982,1.1046701047228079E-06,0.));
#7116=IFCAXIS2PLACEMENT3D(#7113,#7114,#7115);
#7117=IFCLOCALPLACEMENT(#1412,#7116);
#7156=IFCCARTESIANPOINTLIST2D(((0.50216352939605713,0.),(0.,0.),(0.,0.89999997615814209),(0.50216352939605713,0.89999997615814209),(0.50216352939605713,0.87499997578561306),(0.02500000037252903,0.87499997578561306),(0.02500000037252903,0.02500000037252903),(0.50216352939605713,0.02500000037252903)));
#7157=IFCINDEXEDPOLYCURVE(#7156,(IFCLINEINDEX((1,2,3,4,5,6,7,8,1))),$);
#7158=IFCARBITRARYCLOSEDPROFILEDEF(.AREA.,$,#7157);
#7159=IFCCARTESIANPOINT((0.,0.090000001713633537,0.));
#7160=IFCDIRECTION((0.,-1.,0.));
#7161=IFCDIRECTION((1.,0.,0.));
#7162=IFCAXIS2PLACEMENT3D(#7159,#7160,#7161);
#7163=IFCDIRECTION((0.,0.,-1.));
#7164=IFCEXTRUDEDAREASOLID(#7158,#7162,#7163,0.0099999997764825821);
#7165=IFCCARTESIANPOINTLIST2D(((0.,0.),(0.50216352939605713,0.),(0.50216352939605713,0.89999997615814209),(0.,0.89999997615814209)));
#7166=IFCINDEXEDPOLYCURVE(#7165,(IFCLINEINDEX((1,2,3,4,1))),$);
#7167=IFCCARTESIANPOINTLIST2D(((0.05000000074505806,0.05000000074505806),(0.4771635290235281,0.05000000074505806),(0.4771635290235281,0.84999997541308403),(0.05000000074505806,0.84999997541308403)));
#7168=IFCINDEXEDPOLYCURVE(#7167,(IFCLINEINDEX((1,2,3,4,1))),$);
#7169=IFCARBITRARYPROFILEDEFWITHVOIDS(.AREA.,$,#7166,(#7168));
#7170=IFCCARTESIANPOINT((0.,0.05000000074505806,0.));
#7171=IFCDIRECTION((0.,-1.,0.));
#7172=IFCDIRECTION((1.,0.,0.));
#7173=IFCAXIS2PLACEMENT3D(#7170,#7171,#7172);
#7174=IFCDIRECTION((0.,0.,-1.));
#7175=IFCEXTRUDEDAREASOLID(#7169,#7173,#7174,0.040000000968575478);
#7176=IFCCARTESIANPOINTLIST2D(((0.,0.),(0.4771635290235281,0.),(0.4771635290235281,0.84999997541308403),(0.,0.84999997541308403)));
#7177=IFCINDEXEDPOLYCURVE(#7176,(IFCLINEINDEX((1,2,3,4,1))),$);
#7178=IFCCARTESIANPOINTLIST2D(((0.035000000149011612,0.035000000149011612),(0.44216352887451649,0.035000000149011612),(0.44216352887451649,0.81499997526407242),(0.035000000149011612,0.81499997526407242)));
#7179=IFCINDEXEDPOLYCURVE(#7178,(IFCLINEINDEX((1,2,3,4,1))),$);
#7180=IFCARBITRARYPROFILEDEFWITHVOIDS(.AREA.,$,#7177,(#7179));
#7181=IFCCARTESIANPOINT((0.02500000037252903,0.090000001713633537,0.02500000037252903));
#7182=IFCDIRECTION((0.,-1.,0.));
#7183=IFCDIRECTION((1.,0.,0.));
#7184=IFCAXIS2PLACEMENT3D(#7181,#7182,#7183);
#7185=IFCDIRECTION((0.,0.,-1.));
#7186=IFCEXTRUDEDAREASOLID(#7180,#7184,#7185,0.035000000149011612);
#7187=IFCINDEXEDPOLYCURVE(#7188,(IFCLINEINDEX((1,2,3,4,1))),$);
#7188=IFCCARTESIANPOINTLIST2D(((0.035000000149011612,0.035000000149011612),(0.44216352887451649,0.035000000149011612),(0.44216352887451649,0.81499997526407242),(0.035000000149011612,0.81499997526407242)));
#7189=IFCARBITRARYCLOSEDPROFILEDEF(.AREA.,$,#7187);
#7190=IFCCARTESIANPOINT((0.02500000037252903,0.10250000178813934,0.02500000037252903));
#7191=IFCDIRECTION((0.,-1.,0.));
#7192=IFCDIRECTION((1.,0.,0.));
#7193=IFCAXIS2PLACEMENT3D(#7190,#7191,#7192);
#7194=IFCDIRECTION((0.,0.,-1.));
#7195=IFCEXTRUDEDAREASOLID(#7189,#7193,#7194,0.01);
#7196=IFCCARTESIANPOINTLIST2D(((0.,0.89999997615814209),(0.74352383613586426,0.89999997615814209),(0.74352383613586426,0.),(0.,0.),(0.,0.02500000037252903),(0.71852383576333523,0.02500000037252903),(0.71852383576333523,0.87499997578561306),(0.,0.87499997578561306)));
#7197=IFCINDEXEDPOLYCURVE(#7196,(IFCLINEINDEX((1,2,3,4,5,6,7,8,1))),$);
#7198=IFCARBITRARYCLOSEDPROFILEDEF(.AREA.,$,#7197);
#7199=IFCCARTESIANPOINT((0.50216352939605713,0.090000001713633537,0.));
#7200=IFCDIRECTION((0.,-1.,0.));
#7201=IFCDIRECTION((1.,0.,0.));
#7202=IFCAXIS2PLACEMENT3D(#7199,#7200,#7201);
#7203=IFCDIRECTION((0.,0.,-1.));
#7204=IFCEXTRUDEDAREASOLID(#7198,#7202,#7203,0.0099999997764825821);
#7205=IFCCARTESIANPOINTLIST2D(((0.,0.),(0.74352383613586426,0.),(0.74352383613586426,0.89999997615814209),(0.,0.89999997615814209)));
#7206=IFCINDEXEDPOLYCURVE(#7205,(IFCLINEINDEX((1,2,3,4,1))),$);
#7207=IFCCARTESIANPOINTLIST2D(((0.02500000037252903,0.05000000074505806),(0.6935238353908062,0.05000000074505806),(0.6935238353908062,0.84999997541308403),(0.02500000037252903,0.84999997541308403)));
#7208=IFCINDEXEDPOLYCURVE(#7207,(IFCLINEINDEX((1,2,3,4,1))),$);
#7209=IFCARBITRARYPROFILEDEFWITHVOIDS(.AREA.,$,#7206,(#7208));
#7210=IFCCARTESIANPOINT((0.50216352939605713,0.05000000074505806,0.));
#7211=IFCDIRECTION((0.,-1.,0.));
#7212=IFCDIRECTION((1.,0.,0.));
#7213=IFCAXIS2PLACEMENT3D(#7210,#7211,#7212);
#7214=IFCDIRECTION((0.,0.,-1.));
#7215=IFCEXTRUDEDAREASOLID(#7209,#7213,#7214,0.040000000968575478);
#7216=IFCCARTESIANPOINTLIST2D(((0.,0.),(0.71852383576333523,0.),(0.71852383576333523,0.84999997541308403),(0.,0.84999997541308403)));
#7217=IFCINDEXEDPOLYCURVE(#7216,(IFCLINEINDEX((1,2,3,4,1))),$);
#7218=IFCCARTESIANPOINTLIST2D(((0.035000000149011612,0.035000000149011612),(0.68352383561432362,0.035000000149011612),(0.68352383561432362,0.81499997526407242),(0.035000000149011612,0.81499997526407242)));
#7219=IFCINDEXEDPOLYCURVE(#7218,(IFCLINEINDEX((1,2,3,4,1))),$);
#7220=IFCARBITRARYPROFILEDEFWITHVOIDS(.AREA.,$,#7217,(#7219));
#7221=IFCCARTESIANPOINT((0.50216352939605713,0.090000001713633537,0.02500000037252903));
#7222=IFCDIRECTION((0.,-1.,0.));
#7223=IFCDIRECTION((1.,0.,0.));
#7224=IFCAXIS2PLACEMENT3D(#7221,#7222,#7223);
#7225=IFCDIRECTION((0.,0.,-1.));
#7226=IFCEXTRUDEDAREASOLID(#7220,#7224,#7225,0.035000000149011612);
#7227=IFCINDEXEDPOLYCURVE(#7228,(IFCLINEINDEX((1,2,3,4,1))),$);
#7228=IFCCARTESIANPOINTLIST2D(((0.035000000149011612,0.035000000149011612),(0.68352383561432362,0.035000000149011612),(0.68352383561432362,0.81499997526407242),(0.035000000149011612,0.81499997526407242)));
#7229=IFCARBITRARYCLOSEDPROFILEDEF(.AREA.,$,#7227);
#7230=IFCCARTESIANPOINT((0.50216352939605713,0.10250000178813934,0.02500000037252903));
#7231=IFCDIRECTION((0.,-1.,0.));
#7232=IFCDIRECTION((1.,0.,0.));
#7233=IFCAXIS2PLACEMENT3D(#7230,#7231,#7232);
#7234=IFCDIRECTION((0.,0.,-1.));
#7235=IFCEXTRUDEDAREASOLID(#7229,#7233,#7234,0.01);
#7295=IFCWINDOWTYPE('1Rtc4u_rL67RhGUYpi709S',$,'Guest-2-GF',$,$,(#7296),(#7298,#7306,#7354),$,$,.WINDOW.,.SINGLE_PANEL.,$,$);
#7296=IFCPROPERTYSET('2kcQ8nNk93yfOiwaC$TTfr',$,'BBIM_Window',$,(#7297));
#7297=IFCPROPERTYSINGLEVALUE('Data',$,IFCTEXT('{"window_type": "SINGLE_PANEL", "overall_height": 0.8999999761581421, "overall_width": 0.8487410545349121, "lining_properties": {"lining_depth": 0.05000000074505806, "lining_thickness": 0.05000000074505806, "lining_offset": 0.05000000074505806, "lining_to_panel_offset_x": 0.02500000037252903, "lining_to_panel_offset_y": 0.02500000037252903}, "panel_properties": {"frame_depth": [0.03500000014901161, 0.03500000014901161, 0.03500000014901161], "frame_thickness": [0.03500000014901161, 0.03500000014901161, 0.03500000014901161]}}'),$);
#7298=IFCREPRESENTATIONMAP(#7299,#8135);
#7299=IFCAXIS2PLACEMENT3D(#7300,#7301,#7302);
#7300=IFCCARTESIANPOINT((0.,0.,0.));
#7301=IFCDIRECTION((0.,0.,1.));
#7302=IFCDIRECTION((1.,0.,0.));
#7306=IFCREPRESENTATIONMAP(#7307,#8178);
#7307=IFCAXIS2PLACEMENT3D(#7308,#7309,#7310);
#7308=IFCCARTESIANPOINT((0.,0.,0.));
#7309=IFCDIRECTION((0.,0.,1.));
#7310=IFCDIRECTION((1.,0.,0.));
#7354=IFCREPRESENTATIONMAP(#7355,#8195);
#7355=IFCAXIS2PLACEMENT3D(#7356,#7357,#7358);
#7356=IFCCARTESIANPOINT((0.,0.,0.));
#7357=IFCDIRECTION((0.,0.,1.));
#7358=IFCDIRECTION((1.,0.,0.));
#7379=IFCCARTESIANPOINTLIST2D(((0.62848305702209473,0.),(0.,0.),(0.,0.89999997615814209),(0.62848305702209473,0.89999997615814209),(0.62848305702209473,0.87499997578561306),(0.02500000037252903,0.87499997578561306),(0.02500000037252903,0.02500000037252903),(0.62848305702209473,0.02500000037252903)));
#7380=IFCINDEXEDPOLYCURVE(#7379,(IFCLINEINDEX((1,2,3,4,5,6,7,8,1))),$);
#7381=IFCARBITRARYCLOSEDPROFILEDEF(.AREA.,$,#7380);
#7382=IFCCARTESIANPOINT((0.,0.090000001713633537,0.));
#7383=IFCDIRECTION((0.,-1.,0.));
#7384=IFCDIRECTION((1.,0.,0.));
#7385=IFCAXIS2PLACEMENT3D(#7382,#7383,#7384);
#7386=IFCDIRECTION((0.,0.,-1.));
#7387=IFCEXTRUDEDAREASOLID(#7381,#7385,#7386,0.0099999997764825821);
#7388=IFCCARTESIANPOINTLIST2D(((0.,0.),(0.62848305702209473,0.),(0.62848305702209473,0.89999997615814209),(0.,0.89999997615814209)));
#7389=IFCINDEXEDPOLYCURVE(#7388,(IFCLINEINDEX((1,2,3,4,1))),$);
#7390=IFCCARTESIANPOINTLIST2D(((0.05000000074505806,0.05000000074505806),(0.6034830566495657,0.05000000074505806),(0.6034830566495657,0.84999997541308403),(0.05000000074505806,0.84999997541308403)));
#7391=IFCINDEXEDPOLYCURVE(#7390,(IFCLINEINDEX((1,2,3,4,1))),$);
#7392=IFCARBITRARYPROFILEDEFWITHVOIDS(.AREA.,$,#7389,(#7391));
#7393=IFCCARTESIANPOINT((0.,0.05000000074505806,0.));
#7394=IFCDIRECTION((0.,-1.,0.));
#7395=IFCDIRECTION((1.,0.,0.));
#7396=IFCAXIS2PLACEMENT3D(#7393,#7394,#7395);
#7397=IFCDIRECTION((0.,0.,-1.));
#7398=IFCEXTRUDEDAREASOLID(#7392,#7396,#7397,0.040000000968575478);
#7399=IFCCARTESIANPOINTLIST2D(((0.,0.),(0.6034830566495657,0.),(0.6034830566495657,0.84999997541308403),(0.,0.84999997541308403)));
#7400=IFCINDEXEDPOLYCURVE(#7399,(IFCLINEINDEX((1,2,3,4,1))),$);
#7401=IFCCARTESIANPOINTLIST2D(((0.035000000149011612,0.035000000149011612),(0.56848305650055408,0.035000000149011612),(0.56848305650055408,0.81499997526407242),(0.035000000149011612,0.81499997526407242)));
#7402=IFCINDEXEDPOLYCURVE(#7401,(IFCLINEINDEX((1,2,3,4,1))),$);
#7403=IFCARBITRARYPROFILEDEFWITHVOIDS(.AREA.,$,#7400,(#7402));
#7404=IFCCARTESIANPOINT((0.02500000037252903,0.090000001713633537,0.02500000037252903));
#7405=IFCDIRECTION((0.,-1.,0.));
#7406=IFCDIRECTION((1.,0.,0.));
#7407=IFCAXIS2PLACEMENT3D(#7404,#7405,#7406);
#7408=IFCDIRECTION((0.,0.,-1.));
#7409=IFCEXTRUDEDAREASOLID(#7403,#7407,#7408,0.035000000149011612);
#7410=IFCINDEXEDPOLYCURVE(#7411,(IFCLINEINDEX((1,2,3,4,1))),$);
#7411=IFCCARTESIANPOINTLIST2D(((0.035000000149011612,0.035000000149011612),(0.56848305650055408,0.035000000149011612),(0.56848305650055408,0.81499997526407242),(0.035000000149011612,0.81499997526407242)));
#7412=IFCARBITRARYCLOSEDPROFILEDEF(.AREA.,$,#7410);
#7413=IFCCARTESIANPOINT((0.02500000037252903,0.10250000178813934,0.02500000037252903));
#7414=IFCDIRECTION((0.,-1.,0.));
#7415=IFCDIRECTION((1.,0.,0.));
#7416=IFCAXIS2PLACEMENT3D(#7413,#7414,#7415);
#7417=IFCDIRECTION((0.,0.,-1.));
#7418=IFCEXTRUDEDAREASOLID(#7412,#7416,#7417,0.01);
#7419=IFCCARTESIANPOINTLIST2D(((0.,0.89999997615814209),(0.61720430850982666,0.89999997615814209),(0.61720430850982666,0.),(0.,0.),(0.,0.02500000037252903),(0.59220430813729763,0.02500000037252903),(0.59220430813729763,0.87499997578561306),(0.,0.87499997578561306)));
#7420=IFCINDEXEDPOLYCURVE(#7419,(IFCLINEINDEX((1,2,3,4,5,6,7,8,1))),$);
#7421=IFCARBITRARYCLOSEDPROFILEDEF(.AREA.,$,#7420);
#7422=IFCCARTESIANPOINT((0.62848305702209473,0.090000001713633537,0.));
#7423=IFCDIRECTION((0.,-1.,0.));
#7424=IFCDIRECTION((1.,0.,0.));
#7425=IFCAXIS2PLACEMENT3D(#7422,#7423,#7424);
#7426=IFCDIRECTION((0.,0.,-1.));
#7427=IFCEXTRUDEDAREASOLID(#7421,#7425,#7426,0.0099999997764825821);
#7428=IFCCARTESIANPOINTLIST2D(((0.,0.),(0.61720430850982666,0.),(0.61720430850982666,0.89999997615814209),(0.,0.89999997615814209)));
#7429=IFCINDEXEDPOLYCURVE(#7428,(IFCLINEINDEX((1,2,3,4,1))),$);
#7430=IFCCARTESIANPOINTLIST2D(((0.02500000037252903,0.05000000074505806),(0.5672043077647686,0.05000000074505806),(0.5672043077647686,0.84999997541308403),(0.02500000037252903,0.84999997541308403)));
#7431=IFCINDEXEDPOLYCURVE(#7430,(IFCLINEINDEX((1,2,3,4,1))),$);
#7432=IFCARBITRARYPROFILEDEFWITHVOIDS(.AREA.,$,#7429,(#7431));
#7433=IFCCARTESIANPOINT((0.62848305702209473,0.05000000074505806,0.));
#7434=IFCDIRECTION((0.,-1.,0.));
#7435=IFCDIRECTION((1.,0.,0.));
#7436=IFCAXIS2PLACEMENT3D(#7433,#7434,#7435);
#7437=IFCDIRECTION((0.,0.,-1.));
#7438=IFCEXTRUDEDAREASOLID(#7432,#7436,#7437,0.040000000968575478);
#7439=IFCCARTESIANPOINTLIST2D(((0.,0.),(0.59220430813729763,0.),(0.59220430813729763,0.84999997541308403),(0.,0.84999997541308403)));
#7440=IFCINDEXEDPOLYCURVE(#7439,(IFCLINEINDEX((1,2,3,4,1))),$);
#7441=IFCCARTESIANPOINTLIST2D(((0.035000000149011612,0.035000000149011612),(0.55720430798828602,0.035000000149011612),(0.55720430798828602,0.81499997526407242),(0.035000000149011612,0.81499997526407242)));
#7442=IFCINDEXEDPOLYCURVE(#7441,(IFCLINEINDEX((1,2,3,4,1))),$);
#7443=IFCARBITRARYPROFILEDEFWITHVOIDS(.AREA.,$,#7440,(#7442));
#7444=IFCCARTESIANPOINT((0.62848305702209473,0.090000001713633537,0.02500000037252903));
#7445=IFCDIRECTION((0.,-1.,0.));
#7446=IFCDIRECTION((1.,0.,0.));
#7447=IFCAXIS2PLACEMENT3D(#7444,#7445,#7446);
#7448=IFCDIRECTION((0.,0.,-1.));
#7449=IFCEXTRUDEDAREASOLID(#7443,#7447,#7448,0.035000000149011612);
#7450=IFCINDEXEDPOLYCURVE(#7451,(IFCLINEINDEX((1,2,3,4,1))),$);
#7451=IFCCARTESIANPOINTLIST2D(((0.035000000149011612,0.035000000149011612),(0.55720430798828602,0.035000000149011612),(0.55720430798828602,0.81499997526407242),(0.035000000149011612,0.81499997526407242)));
#7452=IFCARBITRARYCLOSEDPROFILEDEF(.AREA.,$,#7450);
#7453=IFCCARTESIANPOINT((0.62848305702209473,0.10250000178813934,0.02500000037252903));
#7454=IFCDIRECTION((0.,-1.,0.));
#7455=IFCDIRECTION((1.,0.,0.));
#7456=IFCAXIS2PLACEMENT3D(#7453,#7454,#7455);
#7457=IFCDIRECTION((0.,0.,-1.));
#7458=IFCEXTRUDEDAREASOLID(#7452,#7456,#7457,0.01);
#7521=IFCCARTESIANPOINTLIST2D(((0.,0.),(0.62848305702209473,0.),(0.62848305702209473,0.89999997615814209),(0.,0.89999997615814209)));
#7522=IFCINDEXEDPOLYCURVE(#7521,(IFCLINEINDEX((1,2,3,4,1))),$);
#7523=IFCCARTESIANPOINTLIST2D(((0.02500000037252903,0.02500000037252903),(0.65348305739462376,0.02500000037252903),(0.65348305739462376,0.87499997578561306),(0.02500000037252903,0.87499997578561306)));
#7524=IFCINDEXEDPOLYCURVE(#7523,(IFCLINEINDEX((1,2,3,4,1))),$);
#7525=IFCARBITRARYPROFILEDEFWITHVOIDS(.AREA.,$,#7522,(#7524));
#7526=IFCCARTESIANPOINT((0.,0.090000001713633537,0.));
#7527=IFCDIRECTION((0.,-1.,0.));
#7528=IFCDIRECTION((1.,0.,0.));
#7529=IFCAXIS2PLACEMENT3D(#7526,#7527,#7528);
#7530=IFCDIRECTION((0.,0.,-1.));
#7531=IFCEXTRUDEDAREASOLID(#7525,#7529,#7530,0.0099999997764825821);
#7532=IFCCARTESIANPOINTLIST2D(((0.62848305702209473,0.),(0.,0.),(0.,0.89999997615814209),(0.62848305702209473,0.89999997615814209),(0.62848305702209473,0.84999997541308403),(0.05000000074505806,0.84999997541308403),(0.05000000074505806,0.05000000074505806),(0.62848305702209473,0.05000000074505806)));
#7533=IFCINDEXEDPOLYCURVE(#7532,(IFCLINEINDEX((1,2,3,4,5,6,7,8,1))),$);
#7534=IFCARBITRARYCLOSEDPROFILEDEF(.AREA.,$,#7533);
#7535=IFCCARTESIANPOINT((0.,0.05000000074505806,0.));
#7536=IFCDIRECTION((0.,-1.,0.));
#7537=IFCDIRECTION((1.,0.,0.));
#7538=IFCAXIS2PLACEMENT3D(#7535,#7536,#7537);
#7539=IFCDIRECTION((0.,0.,-1.));
#7540=IFCEXTRUDEDAREASOLID(#7534,#7538,#7539,0.040000000968575478);
#7541=IFCCARTESIANPOINTLIST2D(((0.,0.),(0.62848305702209473,0.),(0.62848305702209473,0.84999997541308403),(0.,0.84999997541308403)));
#7542=IFCINDEXEDPOLYCURVE(#7541,(IFCLINEINDEX((1,2,3,4,1))),$);
#7543=IFCCARTESIANPOINTLIST2D(((0.035000000149011612,0.035000000149011612),(0.59348305687308311,0.035000000149011612),(0.59348305687308311,0.81499997526407242),(0.035000000149011612,0.81499997526407242)));
#7544=IFCINDEXEDPOLYCURVE(#7543,(IFCLINEINDEX((1,2,3,4,1))),$);
#7545=IFCARBITRARYPROFILEDEFWITHVOIDS(.AREA.,$,#7542,(#7544));
#7546=IFCCARTESIANPOINT((0.02500000037252903,0.090000001713633537,0.02500000037252903));
#7547=IFCDIRECTION((0.,-1.,0.));
#7548=IFCDIRECTION((1.,0.,0.));
#7549=IFCAXIS2PLACEMENT3D(#7546,#7547,#7548);
#7550=IFCDIRECTION((0.,0.,-1.));
#7551=IFCEXTRUDEDAREASOLID(#7545,#7549,#7550,0.035000000149011612);
#7552=IFCINDEXEDPOLYCURVE(#7553,(IFCLINEINDEX((1,2,3,4,1))),$);
#7553=IFCCARTESIANPOINTLIST2D(((0.035000000149011612,0.035000000149011612),(0.59348305687308311,0.035000000149011612),(0.59348305687308311,0.81499997526407242),(0.035000000149011612,0.81499997526407242)));
#7554=IFCARBITRARYCLOSEDPROFILEDEF(.AREA.,$,#7552);
#7555=IFCCARTESIANPOINT((0.02500000037252903,0.10250000178813934,0.02500000037252903));
#7556=IFCDIRECTION((0.,-1.,0.));
#7557=IFCDIRECTION((1.,0.,0.));
#7558=IFCAXIS2PLACEMENT3D(#7555,#7556,#7557);
#7559=IFCDIRECTION((0.,0.,-1.));
#7560=IFCEXTRUDEDAREASOLID(#7554,#7558,#7559,0.01);
#7561=IFCCARTESIANPOINTLIST2D(((0.,0.),(0.61720430850982666,0.),(0.61720430850982666,0.89999997615814209),(0.,0.89999997615814209)));
#7562=IFCINDEXEDPOLYCURVE(#7561,(IFCLINEINDEX((1,2,3,4,1))),$);
#7563=IFCCARTESIANPOINTLIST2D(((-0.02500000037252903,0.02500000037252903),(0.59220430813729763,0.02500000037252903),(0.59220430813729763,0.87499997578561306),(-0.02500000037252903,0.87499997578561306)));
#7564=IFCINDEXEDPOLYCURVE(#7563,(IFCLINEINDEX((1,2,3,4,1))),$);
#7565=IFCARBITRARYPROFILEDEFWITHVOIDS(.AREA.,$,#7562,(#7564));
#7566=IFCCARTESIANPOINT((0.62848305702209473,0.090000001713633537,0.));
#7567=IFCDIRECTION((0.,-1.,0.));
#7568=IFCDIRECTION((1.,0.,0.));
#7569=IFCAXIS2PLACEMENT3D(#7566,#7567,#7568);
#7570=IFCDIRECTION((0.,0.,-1.));
#7571=IFCEXTRUDEDAREASOLID(#7565,#7569,#7570,0.0099999997764825821);
#7572=IFCCARTESIANPOINTLIST2D(((0.,0.89999997615814209),(0.61720430850982666,0.89999997615814209),(0.61720430850982666,0.),(0.,0.),(0.,0.05000000074505806),(0.5672043077647686,0.05000000074505806),(0.5672043077647686,0.84999997541308403),(0.,0.84999997541308403)));
#7573=IFCINDEXEDPOLYCURVE(#7572,(IFCLINEINDEX((1,2,3,4,5,6,7,8,1))),$);
#7574=IFCARBITRARYCLOSEDPROFILEDEF(.AREA.,$,#7573);
#7575=IFCCARTESIANPOINT((0.62848305702209473,0.05000000074505806,0.));
#7576=IFCDIRECTION((0.,-1.,0.));
#7577=IFCDIRECTION((1.,0.,0.));
#7578=IFCAXIS2PLACEMENT3D(#7575,#7576,#7577);
#7579=IFCDIRECTION((0.,0.,-1.));
#7580=IFCEXTRUDEDAREASOLID(#7574,#7578,#7579,0.040000000968575478);
#7581=IFCCARTESIANPOINTLIST2D(((0.,0.),(0.61720430850982666,0.),(0.61720430850982666,0.84999997541308403),(0.,0.84999997541308403)));
#7582=IFCINDEXEDPOLYCURVE(#7581,(IFCLINEINDEX((1,2,3,4,1))),$);
#7583=IFCCARTESIANPOINTLIST2D(((0.035000000149011612,0.035000000149011612),(0.58220430836081505,0.035000000149011612),(0.58220430836081505,0.81499997526407242),(0.035000000149011612,0.81499997526407242)));
#7584=IFCINDEXEDPOLYCURVE(#7583,(IFCLINEINDEX((1,2,3,4,1))),$);
#7585=IFCARBITRARYPROFILEDEFWITHVOIDS(.AREA.,$,#7582,(#7584));
#7586=IFCCARTESIANPOINT((0.6034830566495657,0.090000001713633537,0.02500000037252903));
#7587=IFCDIRECTION((0.,-1.,0.));
#7588=IFCDIRECTION((1.,0.,0.));
#7589=IFCAXIS2PLACEMENT3D(#7586,#7587,#7588);
#7590=IFCDIRECTION((0.,0.,-1.));
#7591=IFCEXTRUDEDAREASOLID(#7585,#7589,#7590,0.035000000149011612);
#7592=IFCINDEXEDPOLYCURVE(#7593,(IFCLINEINDEX((1,2,3,4,1))),$);
#7593=IFCCARTESIANPOINTLIST2D(((0.035000000149011612,0.035000000149011612),(0.58220430836081505,0.035000000149011612),(0.58220430836081505,0.81499997526407242),(0.035000000149011612,0.81499997526407242)));
#7594=IFCARBITRARYCLOSEDPROFILEDEF(.AREA.,$,#7592);
#7595=IFCCARTESIANPOINT((0.6034830566495657,0.10250000178813934,0.02500000037252903));
#7596=IFCDIRECTION((0.,-1.,0.));
#7597=IFCDIRECTION((1.,0.,0.));
#7598=IFCAXIS2PLACEMENT3D(#7595,#7596,#7597);
#7599=IFCDIRECTION((0.,0.,-1.));
#7600=IFCEXTRUDEDAREASOLID(#7594,#7598,#7599,0.01);
#7663=IFCCARTESIANPOINTLIST2D(((0.,0.),(0.59482979774475098,0.),(0.59482979774475098,0.89999997615814209),(0.,0.89999997615814209)));
#7664=IFCINDEXEDPOLYCURVE(#7663,(IFCLINEINDEX((1,2,3,4,1))),$);
#7665=IFCCARTESIANPOINTLIST2D(((0.02500000037252903,0.02500000037252903),(0.61982979811728001,0.02500000037252903),(0.61982979811728001,0.87499997578561306),(0.02500000037252903,0.87499997578561306)));
#7666=IFCINDEXEDPOLYCURVE(#7665,(IFCLINEINDEX((1,2,3,4,1))),$);
#7667=IFCARBITRARYPROFILEDEFWITHVOIDS(.AREA.,$,#7664,(#7666));
#7668=IFCCARTESIANPOINT((0.,0.090000001713633537,0.));
#7669=IFCDIRECTION((0.,-1.,0.));
#7670=IFCDIRECTION((1.,0.,0.));
#7671=IFCAXIS2PLACEMENT3D(#7668,#7669,#7670);
#7672=IFCDIRECTION((0.,0.,-1.));
#7673=IFCEXTRUDEDAREASOLID(#7667,#7671,#7672,0.0099999997764825821);
#7674=IFCCARTESIANPOINTLIST2D(((0.59482979774475098,0.),(0.,0.),(0.,0.89999997615814209),(0.59482979774475098,0.89999997615814209),(0.59482979774475098,0.84999997541308403),(0.05000000074505806,0.84999997541308403),(0.05000000074505806,0.05000000074505806),(0.59482979774475098,0.05000000074505806)));
#7675=IFCINDEXEDPOLYCURVE(#7674,(IFCLINEINDEX((1,2,3,4,5,6,7,8,1))),$);
#7676=IFCARBITRARYCLOSEDPROFILEDEF(.AREA.,$,#7675);
#7677=IFCCARTESIANPOINT((0.,0.05000000074505806,0.));
#7678=IFCDIRECTION((0.,-1.,0.));
#7679=IFCDIRECTION((1.,0.,0.));
#7680=IFCAXIS2PLACEMENT3D(#7677,#7678,#7679);
#7681=IFCDIRECTION((0.,0.,-1.));
#7682=IFCEXTRUDEDAREASOLID(#7676,#7680,#7681,0.040000000968575478);
#7683=IFCCARTESIANPOINTLIST2D(((0.,0.),(0.59482979774475098,0.),(0.59482979774475098,0.84999997541308403),(0.,0.84999997541308403)));
#7684=IFCINDEXEDPOLYCURVE(#7683,(IFCLINEINDEX((1,2,3,4,1))),$);
#7685=IFCCARTESIANPOINTLIST2D(((0.035000000149011612,0.035000000149011612),(0.55982979759573936,0.035000000149011612),(0.55982979759573936,0.81499997526407242),(0.035000000149011612,0.81499997526407242)));
#7686=IFCINDEXEDPOLYCURVE(#7685,(IFCLINEINDEX((1,2,3,4,1))),$);
#7687=IFCARBITRARYPROFILEDEFWITHVOIDS(.AREA.,$,#7684,(#7686));
#7688=IFCCARTESIANPOINT((0.02500000037252903,0.090000001713633537,0.02500000037252903));
#7689=IFCDIRECTION((0.,-1.,0.));
#7690=IFCDIRECTION((1.,0.,0.));
#7691=IFCAXIS2PLACEMENT3D(#7688,#7689,#7690);
#7692=IFCDIRECTION((0.,0.,-1.));
#7693=IFCEXTRUDEDAREASOLID(#7687,#7691,#7692,0.035000000149011612);
#7694=IFCINDEXEDPOLYCURVE(#7695,(IFCLINEINDEX((1,2,3,4,1))),$);
#7695=IFCCARTESIANPOINTLIST2D(((0.035000000149011612,0.035000000149011612),(0.55982979759573936,0.035000000149011612),(0.55982979759573936,0.81499997526407242),(0.035000000149011612,0.81499997526407242)));
#7696=IFCARBITRARYCLOSEDPROFILEDEF(.AREA.,$,#7694);
#7697=IFCCARTESIANPOINT((0.02500000037252903,0.10250000178813934,0.02500000037252903));
#7698=IFCDIRECTION((0.,-1.,0.));
#7699=IFCDIRECTION((1.,0.,0.));
#7700=IFCAXIS2PLACEMENT3D(#7697,#7698,#7699);
#7701=IFCDIRECTION((0.,0.,-1.));
#7702=IFCEXTRUDEDAREASOLID(#7696,#7700,#7701,0.01);
#7703=IFCCARTESIANPOINTLIST2D(((0.,0.),(0.65085756778717041,0.),(0.65085756778717041,0.89999997615814209),(0.,0.89999997615814209)));
#7704=IFCINDEXEDPOLYCURVE(#7703,(IFCLINEINDEX((1,2,3,4,1))),$);
#7705=IFCCARTESIANPOINTLIST2D(((-0.02500000037252903,0.02500000037252903),(0.62585756741464138,0.02500000037252903),(0.62585756741464138,0.87499997578561306),(-0.02500000037252903,0.87499997578561306)));
#7706=IFCINDEXEDPOLYCURVE(#7705,(IFCLINEINDEX((1,2,3,4,1))),$);
#7707=IFCARBITRARYPROFILEDEFWITHVOIDS(.AREA.,$,#7704,(#7706));
#7708=IFCCARTESIANPOINT((0.59482979774475098,0.090000001713633537,0.));
#7709=IFCDIRECTION((0.,-1.,0.));
#7710=IFCDIRECTION((1.,0.,0.));
#7711=IFCAXIS2PLACEMENT3D(#7708,#7709,#7710);
#7712=IFCDIRECTION((0.,0.,-1.));
#7713=IFCEXTRUDEDAREASOLID(#7707,#7711,#7712,0.0099999997764825821);
#7714=IFCCARTESIANPOINTLIST2D(((0.,0.89999997615814209),(0.65085756778717041,0.89999997615814209),(0.65085756778717041,0.),(0.,0.),(0.,0.05000000074505806),(0.60085756704211235,0.05000000074505806),(0.60085756704211235,0.84999997541308403),(0.,0.84999997541308403)));
#7715=IFCINDEXEDPOLYCURVE(#7714,(IFCLINEINDEX((1,2,3,4,5,6,7,8,1))),$);
#7716=IFCARBITRARYCLOSEDPROFILEDEF(.AREA.,$,#7715);
#7717=IFCCARTESIANPOINT((0.59482979774475098,0.05000000074505806,0.));
#7718=IFCDIRECTION((0.,-1.,0.));
#7719=IFCDIRECTION((1.,0.,0.));
#7720=IFCAXIS2PLACEMENT3D(#7717,#7718,#7719);
#7721=IFCDIRECTION((0.,0.,-1.));
#7722=IFCEXTRUDEDAREASOLID(#7716,#7720,#7721,0.040000000968575478);
#7723=IFCCARTESIANPOINTLIST2D(((0.,0.),(0.65085756778717041,0.),(0.65085756778717041,0.84999997541308403),(0.,0.84999997541308403)));
#7724=IFCINDEXEDPOLYCURVE(#7723,(IFCLINEINDEX((1,2,3,4,1))),$);
#7725=IFCCARTESIANPOINTLIST2D(((0.035000000149011612,0.035000000149011612),(0.6158575676381588,0.035000000149011612),(0.6158575676381588,0.81499997526407242),(0.035000000149011612,0.81499997526407242)));
#7726=IFCINDEXEDPOLYCURVE(#7725,(IFCLINEINDEX((1,2,3,4,1))),$);
#7727=IFCARBITRARYPROFILEDEFWITHVOIDS(.AREA.,$,#7724,(#7726));
#7728=IFCCARTESIANPOINT((0.56982979737222195,0.090000001713633537,0.02500000037252903));
#7729=IFCDIRECTION((0.,-1.,0.));
#7730=IFCDIRECTION((1.,0.,0.));
#7731=IFCAXIS2PLACEMENT3D(#7728,#7729,#7730);
#7732=IFCDIRECTION((0.,0.,-1.));
#7733=IFCEXTRUDEDAREASOLID(#7727,#7731,#7732,0.035000000149011612);
#7734=IFCINDEXEDPOLYCURVE(#7735,(IFCLINEINDEX((1,2,3,4,1))),$);
#7735=IFCCARTESIANPOINTLIST2D(((0.035000000149011612,0.035000000149011612),(0.6158575676381588,0.035000000149011612),(0.6158575676381588,0.81499997526407242),(0.035000000149011612,0.81499997526407242)));
#7736=IFCARBITRARYCLOSEDPROFILEDEF(.AREA.,$,#7734);
#7737=IFCCARTESIANPOINT((0.56982979737222195,0.10250000178813934,0.02500000037252903));
#7738=IFCDIRECTION((0.,-1.,0.));
#7739=IFCDIRECTION((1.,0.,0.));
#7740=IFCAXIS2PLACEMENT3D(#7737,#7738,#7739);
#7741=IFCDIRECTION((0.,0.,-1.));
#7742=IFCEXTRUDEDAREASOLID(#7736,#7740,#7741,0.01);
#7802=IFCCARTESIANPOINTLIST3D(((0.,0.,0.),(1.2456873655319214,0.,0.),(1.2456873655319214,0.,0.89999997615814209),(0.,0.,0.89999997615814209)));
#7803=IFCINDEXEDPOLYCURVE(#7802,(IFCLINEINDEX((1,2,3,4,1))),$);
#7804=IFCSHAPEREPRESENTATION(#18,'Profile','Curve3D',(#7803));
#7805=IFCCARTESIANPOINTLIST2D(((0.,0.),(0.62754833698272705,0.),(0.62754833698272705,0.89999997615814209),(0.,0.89999997615814209)));
#7806=IFCINDEXEDPOLYCURVE(#7805,(IFCLINEINDEX((1,2,3,4,1))),$);
#7807=IFCCARTESIANPOINTLIST2D(((0.02500000037252903,0.02500000037252903),(0.65254833735525608,0.02500000037252903),(0.65254833735525608,0.87499997578561306),(0.02500000037252903,0.87499997578561306)));
#7808=IFCINDEXEDPOLYCURVE(#7807,(IFCLINEINDEX((1,2,3,4,1))),$);
#7809=IFCARBITRARYPROFILEDEFWITHVOIDS(.AREA.,$,#7806,(#7808));
#7810=IFCCARTESIANPOINT((0.,0.090000001713633537,0.));
#7811=IFCDIRECTION((0.,-1.,0.));
#7812=IFCDIRECTION((1.,0.,0.));
#7813=IFCAXIS2PLACEMENT3D(#7810,#7811,#7812);
#7814=IFCDIRECTION((0.,0.,-1.));
#7815=IFCEXTRUDEDAREASOLID(#7809,#7813,#7814,0.0099999997764825821);
#7816=IFCCARTESIANPOINTLIST2D(((0.62754833698272705,0.),(0.,0.),(0.,0.89999997615814209),(0.62754833698272705,0.89999997615814209),(0.62754833698272705,0.84999997541308403),(0.05000000074505806,0.84999997541308403),(0.05000000074505806,0.05000000074505806),(0.62754833698272705,0.05000000074505806)));
#7817=IFCINDEXEDPOLYCURVE(#7816,(IFCLINEINDEX((1,2,3,4,5,6,7,8,1))),$);
#7818=IFCARBITRARYCLOSEDPROFILEDEF(.AREA.,$,#7817);
#7819=IFCCARTESIANPOINT((0.,0.05000000074505806,0.));
#7820=IFCDIRECTION((0.,-1.,0.));
#7821=IFCDIRECTION((1.,0.,0.));
#7822=IFCAXIS2PLACEMENT3D(#7819,#7820,#7821);
#7823=IFCDIRECTION((0.,0.,-1.));
#7824=IFCEXTRUDEDAREASOLID(#7818,#7822,#7823,0.040000000968575478);
#7825=IFCCARTESIANPOINTLIST2D(((0.,0.),(0.62754833698272705,0.),(0.62754833698272705,0.84999997541308403),(0.,0.84999997541308403)));
#7826=IFCINDEXEDPOLYCURVE(#7825,(IFCLINEINDEX((1,2,3,4,1))),$);
#7827=IFCCARTESIANPOINTLIST2D(((0.035000000149011612,0.035000000149011612),(0.59254833683371544,0.035000000149011612),(0.59254833683371544,0.81499997526407242),(0.035000000149011612,0.81499997526407242)));
#7828=IFCINDEXEDPOLYCURVE(#7827,(IFCLINEINDEX((1,2,3,4,1))),$);
#7829=IFCARBITRARYPROFILEDEFWITHVOIDS(.AREA.,$,#7826,(#7828));
#7830=IFCCARTESIANPOINT((0.02500000037252903,0.090000001713633537,0.02500000037252903));
#7831=IFCDIRECTION((0.,-1.,0.));
#7832=IFCDIRECTION((1.,0.,0.));
#7833=IFCAXIS2PLACEMENT3D(#7830,#7831,#7832);
#7834=IFCDIRECTION((0.,0.,-1.));
#7835=IFCEXTRUDEDAREASOLID(#7829,#7833,#7834,0.035000000149011612);
#7836=IFCINDEXEDPOLYCURVE(#7837,(IFCLINEINDEX((1,2,3,4,1))),$);
#7837=IFCCARTESIANPOINTLIST2D(((0.035000000149011612,0.035000000149011612),(0.59254833683371544,0.035000000149011612),(0.59254833683371544,0.81499997526407242),(0.035000000149011612,0.81499997526407242)));
#7838=IFCARBITRARYCLOSEDPROFILEDEF(.AREA.,$,#7836);
#7839=IFCCARTESIANPOINT((0.02500000037252903,0.10250000178813934,0.02500000037252903));
#7840=IFCDIRECTION((0.,-1.,0.));
#7841=IFCDIRECTION((1.,0.,0.));
#7842=IFCAXIS2PLACEMENT3D(#7839,#7840,#7841);
#7843=IFCDIRECTION((0.,0.,-1.));
#7844=IFCEXTRUDEDAREASOLID(#7838,#7842,#7843,0.01);
#7845=IFCCARTESIANPOINTLIST2D(((0.,0.),(0.61813902854919434,0.),(0.61813902854919434,0.89999997615814209),(0.,0.89999997615814209)));
#7846=IFCINDEXEDPOLYCURVE(#7845,(IFCLINEINDEX((1,2,3,4,1))),$);
#7847=IFCCARTESIANPOINTLIST2D(((-0.02500000037252903,0.02500000037252903),(0.59313902817666531,0.02500000037252903),(0.59313902817666531,0.87499997578561306),(-0.02500000037252903,0.87499997578561306)));
#7848=IFCINDEXEDPOLYCURVE(#7847,(IFCLINEINDEX((1,2,3,4,1))),$);
#7849=IFCARBITRARYPROFILEDEFWITHVOIDS(.AREA.,$,#7846,(#7848));
#7850=IFCCARTESIANPOINT((0.62754833698272705,0.090000001713633537,0.));
#7851=IFCDIRECTION((0.,-1.,0.));
#7852=IFCDIRECTION((1.,0.,0.));
#7853=IFCAXIS2PLACEMENT3D(#7850,#7851,#7852);
#7854=IFCDIRECTION((0.,0.,-1.));
#7855=IFCEXTRUDEDAREASOLID(#7849,#7853,#7854,0.0099999997764825821);
#7856=IFCCARTESIANPOINTLIST2D(((0.,0.89999997615814209),(0.61813902854919434,0.89999997615814209),(0.61813902854919434,0.),(0.,0.),(0.,0.05000000074505806),(0.56813902780413628,0.05000000074505806),(0.56813902780413628,0.84999997541308403),(0.,0.84999997541308403)));
#7857=IFCINDEXEDPOLYCURVE(#7856,(IFCLINEINDEX((1,2,3,4,5,6,7,8,1))),$);
#7858=IFCARBITRARYCLOSEDPROFILEDEF(.AREA.,$,#7857);
#7859=IFCCARTESIANPOINT((0.62754833698272705,0.05000000074505806,0.));
#7860=IFCDIRECTION((0.,-1.,0.));
#7861=IFCDIRECTION((1.,0.,0.));
#7862=IFCAXIS2PLACEMENT3D(#7859,#7860,#7861);
#7863=IFCDIRECTION((0.,0.,-1.));
#7864=IFCEXTRUDEDAREASOLID(#7858,#7862,#7863,0.040000000968575478);
#7865=IFCCARTESIANPOINTLIST2D(((0.,0.),(0.61813902854919434,0.),(0.61813902854919434,0.84999997541308403),(0.,0.84999997541308403)));
#7866=IFCINDEXEDPOLYCURVE(#7865,(IFCLINEINDEX((1,2,3,4,1))),$);
#7867=IFCCARTESIANPOINTLIST2D(((0.035000000149011612,0.035000000149011612),(0.58313902840018272,0.035000000149011612),(0.58313902840018272,0.81499997526407242),(0.035000000149011612,0.81499997526407242)));
#7868=IFCINDEXEDPOLYCURVE(#7867,(IFCLINEINDEX((1,2,3,4,1))),$);
#7869=IFCARBITRARYPROFILEDEFWITHVOIDS(.AREA.,$,#7866,(#7868));
#7870=IFCCARTESIANPOINT((0.60254833661019802,0.090000001713633537,0.02500000037252903));
#7871=IFCDIRECTION((0.,-1.,0.));
#7872=IFCDIRECTION((1.,0.,0.));
#7873=IFCAXIS2PLACEMENT3D(#7870,#7871,#7872);
#7874=IFCDIRECTION((0.,0.,-1.));
#7875=IFCEXTRUDEDAREASOLID(#7869,#7873,#7874,0.035000000149011612);
#7876=IFCINDEXEDPOLYCURVE(#7877,(IFCLINEINDEX((1,2,3,4,1))),$);
#7877=IFCCARTESIANPOINTLIST2D(((0.035000000149011612,0.035000000149011612),(0.58313902840018272,0.035000000149011612),(0.58313902840018272,0.81499997526407242),(0.035000000149011612,0.81499997526407242)));
#7878=IFCARBITRARYCLOSEDPROFILEDEF(.AREA.,$,#7876);
#7879=IFCCARTESIANPOINT((0.60254833661019802,0.10250000178813934,0.02500000037252903));
#7880=IFCDIRECTION((0.,-1.,0.));
#7881=IFCDIRECTION((1.,0.,0.));
#7882=IFCAXIS2PLACEMENT3D(#7879,#7880,#7881);
#7883=IFCDIRECTION((0.,0.,-1.));
#7884=IFCEXTRUDEDAREASOLID(#7878,#7882,#7883,0.01);
#7885=IFCSHAPEREPRESENTATION(#11,'Body','SweptSolid',(#7815,#7824,#7835,#7844,#7855,#7864,#7875,#7884));
#7886=IFCCARTESIANPOINTLIST2D(((0.05000000074505806,0.05000000074505806),(0.62754833698272705,0.05000000074505806)));
#7887=IFCINDEXEDPOLYCURVE(#7886,$,$);
#7888=IFCCARTESIANPOINTLIST2D(((0.,0.10000000149011612),(0.02500000037252903,0.10000000149011612),(0.02500000037252903,0.090000001713633537),(0.05000000074505806,0.090000001713633537),(0.05000000074505806,0.05000000074505806),(0.,0.05000000074505806)));
#7889=IFCINDEXEDPOLYCURVE(#7888,(IFCLINEINDEX((1,2,3,4,5,6,1))),$);
#7890=IFCCARTESIANPOINTLIST2D(((0.62754833698272705,0.10000000149011612),(0.65254833735525608,0.10000000149011612),(0.65254833735525608,0.090000001713633537),(0.62754833698272705,0.090000001713633537),(0.62754833698272705,0.05000000074505806),(0.62754833698272705,0.05000000074505806)));
#7891=IFCINDEXEDPOLYCURVE(#7890,$,$);
#7892=IFCCARTESIANPOINTLIST2D(((0.02500000037252903,0.090000001713633537),(0.060000000521540642,0.090000001713633537),(0.060000000521540642,0.12500000186264515),(0.02500000037252903,0.12500000186264515)));
#7893=IFCINDEXEDPOLYCURVE(#7892,(IFCLINEINDEX((1,2,3,4,1))),$);
#7894=IFCINDEXEDPOLYCURVE(#7895,(IFCLINEINDEX((1,2,3,4,1))),$);
#7895=IFCCARTESIANPOINTLIST2D(((0.65254833735525608,0.090000001713633537),(0.61754833720624447,0.090000001713633537),(0.61754833720624447,0.12500000186264515),(0.65254833735525608,0.12500000186264515)));
#7896=IFCCARTESIANPOINTLIST2D(((0.060000000521540642,0.090000001713633537),(0.61754833720624447,0.090000001713633537)));
#7897=IFCINDEXEDPOLYCURVE(#7896,$,$);
#7898=IFCINDEXEDPOLYCURVE(#7899,$,$);
#7899=IFCCARTESIANPOINTLIST2D(((0.060000000521540642,0.12500000186264515),(0.61754833720624447,0.12500000186264515)));
#7900=IFCINDEXEDPOLYCURVE(#7901,$,$);
#7901=IFCCARTESIANPOINTLIST2D(((0.060000000521540642,0.10750000178813934),(0.61754833720624447,0.10750000178813934)));
#7902=IFCCARTESIANPOINTLIST2D(((0.62754833698272705,0.05000000074505806),(1.1956873647868633,0.05000000074505806)));
#7903=IFCINDEXEDPOLYCURVE(#7902,$,$);
#7904=IFCCARTESIANPOINTLIST2D(((0.62754833698272705,0.10000000149011612),(0.60254833661019802,0.10000000149011612),(0.60254833661019802,0.090000001713633537),(0.62754833698272705,0.090000001713633537),(0.62754833698272705,0.05000000074505806),(0.62754833698272705,0.05000000074505806)));
#7905=IFCINDEXEDPOLYCURVE(#7904,$,$);
#7906=IFCCARTESIANPOINTLIST2D(((1.2456873655319214,0.10000000149011612),(1.2206873651593924,0.10000000149011612),(1.2206873651593924,0.090000001713633537),(1.1956873647868633,0.090000001713633537),(1.1956873647868633,0.05000000074505806),(1.2456873655319214,0.05000000074505806)));
#7907=IFCINDEXEDPOLYCURVE(#7906,(IFCLINEINDEX((1,2,3,4,5,6,1))),$);
#7908=IFCCARTESIANPOINTLIST2D(((0.60254833661019802,0.090000001713633537),(0.63754833675920963,0.090000001713633537),(0.63754833675920963,0.12500000186264515),(0.60254833661019802,0.12500000186264515)));
#7909=IFCINDEXEDPOLYCURVE(#7908,(IFCLINEINDEX((1,2,3,4,1))),$);
#7910=IFCINDEXEDPOLYCURVE(#7911,(IFCLINEINDEX((1,2,3,4,1))),$);
#7911=IFCCARTESIANPOINTLIST2D(((1.2206873651593924,0.090000001713633537),(1.1856873650103807,0.090000001713633537),(1.1856873650103807,0.12500000186264515),(1.2206873651593924,0.12500000186264515)));
#7912=IFCCARTESIANPOINTLIST2D(((0.63754833675920963,0.090000001713633537),(1.1856873650103807,0.090000001713633537)));
#7913=IFCINDEXEDPOLYCURVE(#7912,$,$);
#7914=IFCINDEXEDPOLYCURVE(#7915,$,$);
#7915=IFCCARTESIANPOINTLIST2D(((0.63754833675920963,0.12500000186264515),(1.1856873650103807,0.12500000186264515)));
#7916=IFCINDEXEDPOLYCURVE(#7917,$,$);
#7917=IFCCARTESIANPOINTLIST2D(((0.63754833675920963,0.10750000178813934),(1.1856873650103807,0.10750000178813934)));
#7918=IFCSHAPEREPRESENTATION(#24,'Body','Curve2D',(#7887,#7889,#7891,#7893,#7894,#7897,#7898,#7900,#7903,#7905,#7907,#7909,#7910,#7913,#7914,#7916));
#7919=IFCCARTESIANPOINTLIST2D(((0.,0.),(1.2456873655319214,0.),(1.2456873655319214,0.89999997615814209),(0.,0.89999997615814209)));
#7920=IFCINDEXEDPOLYCURVE(#7919,(IFCLINEINDEX((1,2,3,4,1))),$);
#7921=IFCARBITRARYCLOSEDPROFILEDEF(.AREA.,$,#7920);
#7922=IFCCARTESIANPOINT((0.,-0.60000002384185791,0.));
#7923=IFCDIRECTION((0.,-1.,0.));
#7924=IFCDIRECTION((1.,0.,0.));
#7925=IFCAXIS2PLACEMENT3D(#7922,#7923,#7924);
#7926=IFCDIRECTION((0.,0.,-1.));
#7927=IFCEXTRUDEDAREASOLID(#7921,#7925,#7926,1.2);
#7928=IFCSHAPEREPRESENTATION(#11,'Body','SweptSolid',(#7927));
#7934=IFCCARTESIANPOINT((2.2679234431254987,0.099996313452720642,1.));
#7935=IFCDIRECTION((0.,0.,1.));
#7936=IFCDIRECTION((-0.99999999999962497,8.6625152562159459E-07,0.));
#7937=IFCAXIS2PLACEMENT3D(#7934,#7935,#7936);
#7938=IFCLOCALPLACEMENT(#1340,#7937);
#7939=IFCCARTESIANPOINT((0.,0.,0.));
#7940=IFCDIRECTION((0.,0.,1.));
#7941=IFCDIRECTION((1.,0.,0.));
#7942=IFCAXIS2PLACEMENT3D(#7939,#7940,#7941);
#7943=IFCLOCALPLACEMENT(#7938,#7942);
#7944=IFCWINDOW('3JfW5eQtj0JxhML$KrJUSF',$,'Window',$,$,#8220,#7953,$,0.89999997615814209,0.84874105453491211,$,.SINGLE_PANEL.,$);
#7945=IFCRELDEFINESBYTYPE('2lAaGM2$L9tBp2pk6TJ5BA',$,$,$,(#7944),#7295);
#7946=IFCCARTESIANPOINT((0.,0.,0.));
#7947=IFCDIRECTION((1.,0.,0.));
#7948=IFCDIRECTION((0.,1.,0.));
#7949=IFCDIRECTION((0.,0.,1.));
#7950=IFCCARTESIANTRANSFORMATIONOPERATOR3D(#7947,#7948,#7946,1.,#7949);
#7951=IFCMAPPEDITEM(#7298,#7950);
#7952=IFCSHAPEREPRESENTATION(#18,'Profile','MappedRepresentation',(#7951));
#7953=IFCPRODUCTDEFINITIONSHAPE($,$,(#7952,#7960,#7967));
#7954=IFCCARTESIANPOINT((0.,0.,0.));
#7955=IFCDIRECTION((1.,0.,0.));
#7956=IFCDIRECTION((0.,1.,0.));
#7957=IFCDIRECTION((0.,0.,1.));
#7958=IFCCARTESIANTRANSFORMATIONOPERATOR3D(#7955,#7956,#7954,1.,#7957);
#7959=IFCMAPPEDITEM(#7306,#7958);
#7960=IFCSHAPEREPRESENTATION(#11,'Body','MappedRepresentation',(#7959));
#7961=IFCCARTESIANPOINT((0.,0.,0.));
#7962=IFCDIRECTION((1.,0.,0.));
#7963=IFCDIRECTION((0.,1.,0.));
#7964=IFCDIRECTION((0.,0.,1.));
#7965=IFCCARTESIANTRANSFORMATIONOPERATOR3D(#7962,#7963,#7961,1.,#7964);
#7966=IFCMAPPEDITEM(#7354,#7965);
#7967=IFCSHAPEREPRESENTATION(#24,'Body','MappedRepresentation',(#7966));
#7968=IFCOPENINGELEMENT('0kqyFaynzDDhkjOybwvsAy',$,'Opening',$,$,#8215,#7996,$,.OPENING.);
#7984=IFCCARTESIANPOINT((0.,0.,0.));
#7985=IFCDIRECTION((1.,0.,0.));
#7986=IFCDIRECTION((0.,0.,1.));
#7987=IFCAXIS2PLACEMENT3D(#7984,#7986,#7985);
#7988=IFCREPRESENTATIONMAP(#7987,#8205);
#7989=IFCCARTESIANPOINT((0.,0.,0.));
#7990=IFCDIRECTION((1.,0.,0.));
#7991=IFCDIRECTION((0.,1.,0.));
#7992=IFCDIRECTION((0.,0.,1.));
#7993=IFCCARTESIANTRANSFORMATIONOPERATOR3D(#7990,#7991,#7989,1.,#7992);
#7994=IFCMAPPEDITEM(#7988,#7993);
#7995=IFCSHAPEREPRESENTATION(#11,'Body','MappedRepresentation',(#7994));
#7996=IFCPRODUCTDEFINITIONSHAPE($,$,(#7995));
#7997=IFCRELVOIDSELEMENT('2u4q1SqAX92gsY1TrtVaMB',$,$,$,#279,#7968);
#8003=IFCRELFILLSELEMENT('0CPp4Oz9L6SeunaPKFVPBT',$,$,$,#7968,#7944);
#8042=IFCCARTESIANPOINTLIST2D(((0.,0.),(0.84493327140808105,0.),(0.84493327140808105,0.89999997615814209),(0.,0.89999997615814209)));
#8043=IFCINDEXEDPOLYCURVE(#8042,(IFCLINEINDEX((1,2,3,4,1))),$);
#8044=IFCCARTESIANPOINTLIST2D(((0.02500000037252903,0.02500000037252903),(0.81993327103555202,0.02500000037252903),(0.81993327103555202,0.87499997578561306),(0.02500000037252903,0.87499997578561306)));
#8045=IFCINDEXEDPOLYCURVE(#8044,(IFCLINEINDEX((1,2,3,4,1))),$);
#8046=IFCARBITRARYPROFILEDEFWITHVOIDS(.AREA.,$,#8043,(#8045));
#8047=IFCCARTESIANPOINT((0.,0.090000001713633537,0.));
#8048=IFCDIRECTION((0.,-1.,0.));
#8049=IFCDIRECTION((1.,0.,0.));
#8050=IFCAXIS2PLACEMENT3D(#8047,#8048,#8049);
#8051=IFCDIRECTION((0.,0.,-1.));
#8052=IFCEXTRUDEDAREASOLID(#8046,#8050,#8051,0.0099999997764825821);
#8053=IFCCARTESIANPOINTLIST2D(((0.,0.),(0.84493327140808105,0.),(0.84493327140808105,0.89999997615814209),(0.,0.89999997615814209)));
#8054=IFCINDEXEDPOLYCURVE(#8053,(IFCLINEINDEX((1,2,3,4,1))),$);
#8055=IFCCARTESIANPOINTLIST2D(((0.05000000074505806,0.05000000074505806),(0.79493327066302299,0.05000000074505806),(0.79493327066302299,0.84999997541308403),(0.05000000074505806,0.84999997541308403)));
#8056=IFCINDEXEDPOLYCURVE(#8055,(IFCLINEINDEX((1,2,3,4,1))),$);
#8057=IFCARBITRARYPROFILEDEFWITHVOIDS(.AREA.,$,#8054,(#8056));
#8058=IFCCARTESIANPOINT((0.,0.05000000074505806,0.));
#8059=IFCDIRECTION((0.,-1.,0.));
#8060=IFCDIRECTION((1.,0.,0.));
#8061=IFCAXIS2PLACEMENT3D(#8058,#8059,#8060);
#8062=IFCDIRECTION((0.,0.,-1.));
#8063=IFCEXTRUDEDAREASOLID(#8057,#8061,#8062,0.040000000968575478);
#8064=IFCCARTESIANPOINTLIST2D(((0.,0.),(0.79493327066302299,0.),(0.79493327066302299,0.84999997541308403),(0.,0.84999997541308403)));
#8065=IFCINDEXEDPOLYCURVE(#8064,(IFCLINEINDEX((1,2,3,4,1))),$);
#8066=IFCCARTESIANPOINTLIST2D(((0.035000000149011612,0.035000000149011612),(0.75993327051401138,0.035000000149011612),(0.75993327051401138,0.81499997526407242),(0.035000000149011612,0.81499997526407242)));
#8067=IFCINDEXEDPOLYCURVE(#8066,(IFCLINEINDEX((1,2,3,4,1))),$);
#8068=IFCARBITRARYPROFILEDEFWITHVOIDS(.AREA.,$,#8065,(#8067));
#8069=IFCCARTESIANPOINT((0.02500000037252903,0.090000001713633537,0.02500000037252903));
#8070=IFCDIRECTION((0.,-1.,0.));
#8071=IFCDIRECTION((1.,0.,0.));
#8072=IFCAXIS2PLACEMENT3D(#8069,#8070,#8071);
#8073=IFCDIRECTION((0.,0.,-1.));
#8074=IFCEXTRUDEDAREASOLID(#8068,#8072,#8073,0.035000000149011612);
#8075=IFCINDEXEDPOLYCURVE(#8076,(IFCLINEINDEX((1,2,3,4,1))),$);
#8076=IFCCARTESIANPOINTLIST2D(((0.035000000149011612,0.035000000149011612),(0.75993327051401138,0.035000000149011612),(0.75993327051401138,0.81499997526407242),(0.035000000149011612,0.81499997526407242)));
#8077=IFCARBITRARYCLOSEDPROFILEDEF(.AREA.,$,#8075);
#8078=IFCCARTESIANPOINT((0.02500000037252903,0.10250000178813934,0.02500000037252903));
#8079=IFCDIRECTION((0.,-1.,0.));
#8080=IFCDIRECTION((1.,0.,0.));
#8081=IFCAXIS2PLACEMENT3D(#8078,#8079,#8080);
#8082=IFCDIRECTION((0.,0.,-1.));
#8083=IFCEXTRUDEDAREASOLID(#8077,#8081,#8082,0.01);
#8085=IFCSHAPEREPRESENTATION(#11,'Body','SweptSolid',(#8146,#8157,#8063,#8052));
#8086=IFCSHAPEASPECT((#8085),'Lining',$,.T.,#7953);
#8087=IFCSHAPEREPRESENTATION(#11,'Body','SweptSolid',(#8168,#8074));
#8088=IFCSHAPEASPECT((#8087),'Framing',$,.T.,#7953);
#8089=IFCSHAPEREPRESENTATION(#11,'Body','SweptSolid',(#8177,#8083));
#8090=IFCSHAPEASPECT((#8089),'Glazing',$,.T.,#7953);
#8133=IFCCARTESIANPOINTLIST3D(((0.,0.,0.),(0.84874105453491211,0.,0.),(0.84874105453491211,0.,0.89999997615814209),(0.,0.,0.89999997615814209)));
#8134=IFCINDEXEDPOLYCURVE(#8133,(IFCLINEINDEX((1,2,3,4,1))),$);
#8135=IFCSHAPEREPRESENTATION(#18,'Profile','Curve3D',(#8134));
#8136=IFCCARTESIANPOINTLIST2D(((0.,0.),(0.84874105453491211,0.),(0.84874105453491211,0.89999997615814209),(0.,0.89999997615814209)));
#8137=IFCINDEXEDPOLYCURVE(#8136,(IFCLINEINDEX((1,2,3,4,1))),$);
#8138=IFCCARTESIANPOINTLIST2D(((0.02500000037252903,0.02500000037252903),(0.82374105416238308,0.02500000037252903),(0.82374105416238308,0.87499997578561306),(0.02500000037252903,0.87499997578561306)));
#8139=IFCINDEXEDPOLYCURVE(#8138,(IFCLINEINDEX((1,2,3,4,1))),$);
#8140=IFCARBITRARYPROFILEDEFWITHVOIDS(.AREA.,$,#8137,(#8139));
#8141=IFCCARTESIANPOINT((0.,0.090000001713633537,0.));
#8142=IFCDIRECTION((0.,-1.,0.));
#8143=IFCDIRECTION((1.,0.,0.));
#8144=IFCAXIS2PLACEMENT3D(#8141,#8142,#8143);
#8145=IFCDIRECTION((0.,0.,-1.));
#8146=IFCEXTRUDEDAREASOLID(#8140,#8144,#8145,0.0099999997764825821);
#8147=IFCCARTESIANPOINTLIST2D(((0.,0.),(0.84874105453491211,0.),(0.84874105453491211,0.89999997615814209),(0.,0.89999997615814209)));
#8148=IFCINDEXEDPOLYCURVE(#8147,(IFCLINEINDEX((1,2,3,4,1))),$);
#8149=IFCCARTESIANPOINTLIST2D(((0.05000000074505806,0.05000000074505806),(0.79874105378985405,0.05000000074505806),(0.79874105378985405,0.84999997541308403),(0.05000000074505806,0.84999997541308403)));
#8150=IFCINDEXEDPOLYCURVE(#8149,(IFCLINEINDEX((1,2,3,4,1))),$);
#8151=IFCARBITRARYPROFILEDEFWITHVOIDS(.AREA.,$,#8148,(#8150));
#8152=IFCCARTESIANPOINT((0.,0.05000000074505806,0.));
#8153=IFCDIRECTION((0.,-1.,0.));
#8154=IFCDIRECTION((1.,0.,0.));
#8155=IFCAXIS2PLACEMENT3D(#8152,#8153,#8154);
#8156=IFCDIRECTION((0.,0.,-1.));
#8157=IFCEXTRUDEDAREASOLID(#8151,#8155,#8156,0.040000000968575478);
#8158=IFCCARTESIANPOINTLIST2D(((0.,0.),(0.79874105378985405,0.),(0.79874105378985405,0.84999997541308403),(0.,0.84999997541308403)));
#8159=IFCINDEXEDPOLYCURVE(#8158,(IFCLINEINDEX((1,2,3,4,1))),$);
#8160=IFCCARTESIANPOINTLIST2D(((0.035000000149011612,0.035000000149011612),(0.76374105364084244,0.035000000149011612),(0.76374105364084244,0.81499997526407242),(0.035000000149011612,0.81499997526407242)));
#8161=IFCINDEXEDPOLYCURVE(#8160,(IFCLINEINDEX((1,2,3,4,1))),$);
#8162=IFCARBITRARYPROFILEDEFWITHVOIDS(.AREA.,$,#8159,(#8161));
#8163=IFCCARTESIANPOINT((0.02500000037252903,0.090000001713633537,0.02500000037252903));
#8164=IFCDIRECTION((0.,-1.,0.));
#8165=IFCDIRECTION((1.,0.,0.));
#8166=IFCAXIS2PLACEMENT3D(#8163,#8164,#8165);
#8167=IFCDIRECTION((0.,0.,-1.));
#8168=IFCEXTRUDEDAREASOLID(#8162,#8166,#8167,0.035000000149011612);
#8169=IFCINDEXEDPOLYCURVE(#8170,(IFCLINEINDEX((1,2,3,4,1))),$);
#8170=IFCCARTESIANPOINTLIST2D(((0.035000000149011612,0.035000000149011612),(0.76374105364084244,0.035000000149011612),(0.76374105364084244,0.81499997526407242),(0.035000000149011612,0.81499997526407242)));
#8171=IFCARBITRARYCLOSEDPROFILEDEF(.AREA.,$,#8169);
#8172=IFCCARTESIANPOINT((0.02500000037252903,0.10250000178813934,0.02500000037252903));
#8173=IFCDIRECTION((0.,-1.,0.));
#8174=IFCDIRECTION((1.,0.,0.));
#8175=IFCAXIS2PLACEMENT3D(#8172,#8173,#8174);
#8176=IFCDIRECTION((0.,0.,-1.));
#8177=IFCEXTRUDEDAREASOLID(#8171,#8175,#8176,0.01);
#8178=IFCSHAPEREPRESENTATION(#11,'Body','SweptSolid',(#8146,#8157,#8168,#8177));
#8179=IFCCARTESIANPOINTLIST2D(((0.05000000074505806,0.05000000074505806),(0.79874105378985405,0.05000000074505806)));
#8180=IFCINDEXEDPOLYCURVE(#8179,$,$);
#8181=IFCCARTESIANPOINTLIST2D(((0.,0.10000000149011612),(0.02500000037252903,0.10000000149011612),(0.02500000037252903,0.090000001713633537),(0.05000000074505806,0.090000001713633537),(0.05000000074505806,0.05000000074505806),(0.,0.05000000074505806)));
#8182=IFCINDEXEDPOLYCURVE(#8181,(IFCLINEINDEX((1,2,3,4,5,6,1))),$);
#8183=IFCCARTESIANPOINTLIST2D(((0.84874105453491211,0.10000000149011612),(0.82374105416238308,0.10000000149011612),(0.82374105416238308,0.090000001713633537),(0.79874105378985405,0.090000001713633537),(0.79874105378985405,0.05000000074505806),(0.84874105453491211,0.05000000074505806)));
#8184=IFCINDEXEDPOLYCURVE(#8183,(IFCLINEINDEX((1,2,3,4,5,6,1))),$);
#8185=IFCCARTESIANPOINTLIST2D(((0.02500000037252903,0.090000001713633537),(0.060000000521540642,0.090000001713633537),(0.060000000521540642,0.12500000186264515),(0.02500000037252903,0.12500000186264515)));
#8186=IFCINDEXEDPOLYCURVE(#8185,(IFCLINEINDEX((1,2,3,4,1))),$);
#8187=IFCINDEXEDPOLYCURVE(#8188,(IFCLINEINDEX((1,2,3,4,1))),$);
#8188=IFCCARTESIANPOINTLIST2D(((0.82374105416238308,0.090000001713633537),(0.78874105401337147,0.090000001713633537),(0.78874105401337147,0.12500000186264515),(0.82374105416238308,0.12500000186264515)));
#8189=IFCCARTESIANPOINTLIST2D(((0.060000000521540642,0.090000001713633537),(0.78874105401337147,0.090000001713633537)));
#8190=IFCINDEXEDPOLYCURVE(#8189,$,$);
#8191=IFCINDEXEDPOLYCURVE(#8192,$,$);
#8192=IFCCARTESIANPOINTLIST2D(((0.060000000521540642,0.12500000186264515),(0.78874105401337147,0.12500000186264515)));
#8193=IFCINDEXEDPOLYCURVE(#8194,$,$);
#8194=IFCCARTESIANPOINTLIST2D(((0.060000000521540642,0.10750000178813934),(0.78874105401337147,0.10750000178813934)));
#8195=IFCSHAPEREPRESENTATION(#24,'Body','Curve2D',(#8180,#8182,#8184,#8186,#8187,#8190,#8191,#8193));
#8196=IFCCARTESIANPOINTLIST2D(((0.,0.),(0.84874105453491211,0.),(0.84874105453491211,0.89999997615814209),(0.,0.89999997615814209)));
#8197=IFCINDEXEDPOLYCURVE(#8196,(IFCLINEINDEX((1,2,3,4,1))),$);
#8198=IFCARBITRARYCLOSEDPROFILEDEF(.AREA.,$,#8197);
#8199=IFCCARTESIANPOINT((0.,-0.60000002384185791,0.));
#8200=IFCDIRECTION((0.,-1.,0.));
#8201=IFCDIRECTION((1.,0.,0.));
#8202=IFCAXIS2PLACEMENT3D(#8199,#8200,#8201);
#8203=IFCDIRECTION((0.,0.,-1.));
#8204=IFCEXTRUDEDAREASOLID(#8198,#8202,#8203,1.2);
#8205=IFCSHAPEREPRESENTATION(#11,'Body','SweptSolid',(#8204));
#8211=IFCCARTESIANPOINT((3.8750495505236331,0.10000008891168699,1.));
#8212=IFCDIRECTION((0.,0.,1.));
#8213=IFCDIRECTION((-0.99999999999999611,-8.7422783678901773E-08,0.));
#8214=IFCAXIS2PLACEMENT3D(#8211,#8212,#8213);
#8215=IFCLOCALPLACEMENT(#426,#8214);
#8216=IFCCARTESIANPOINT((0.,0.,0.));
#8217=IFCDIRECTION((0.,0.,1.));
#8218=IFCDIRECTION((0.99999999999999978,2.6469779601696886E-23,0.));
#8219=IFCAXIS2PLACEMENT3D(#8216,#8217,#8218);
#8220=IFCLOCALPLACEMENT(#8215,#8219);
#8221=IFCWINDOWTYPE('0IHjB$fFr06QEXZGPTryEg',$,'Maid''s-GF',$,$,(#8222),(#8224,#8232,#8280),$,$,.WINDOW.,.SINGLE_PANEL.,$,$);
#8222=IFCPROPERTYSET('0JJICNOUD3DPpr1mgO7$sG',$,'BBIM_Window',$,(#8223));
#8223=IFCPROPERTYSINGLEVALUE('Data',$,IFCTEXT('{"window_type": "SINGLE_PANEL", "overall_height": 0.8999999761581421, "overall_width": 0.8589553236961365, "lining_properties": {"lining_depth": 0.05000000074505806, "lining_thickness": 0.05000000074505806, "lining_offset": 0.05000000074505806, "lining_to_panel_offset_x": 0.02500000037252903, "lining_to_panel_offset_y": 0.02500000037252903}, "panel_properties": {"frame_depth": [0.03500000014901161, 0.03500000014901161, 0.03500000014901161], "frame_thickness": [0.03500000014901161, 0.03500000014901161, 0.03500000014901161]}}'),$);
#8224=IFCREPRESENTATIONMAP(#8225,#8429);
#8225=IFCAXIS2PLACEMENT3D(#8226,#8227,#8228);
#8226=IFCCARTESIANPOINT((0.,0.,0.));
#8227=IFCDIRECTION((0.,0.,1.));
#8228=IFCDIRECTION((1.,0.,0.));
#8232=IFCREPRESENTATIONMAP(#8233,#8472);
#8233=IFCAXIS2PLACEMENT3D(#8234,#8235,#8236);
#8234=IFCCARTESIANPOINT((0.,0.,0.));
#8235=IFCDIRECTION((0.,0.,1.));
#8236=IFCDIRECTION((1.,0.,0.));
#8280=IFCREPRESENTATIONMAP(#8281,#8495);
#8281=IFCAXIS2PLACEMENT3D(#8282,#8283,#8284);
#8282=IFCCARTESIANPOINT((0.,0.,0.));
#8283=IFCDIRECTION((0.,0.,1.));
#8284=IFCDIRECTION((1.,0.,0.));
#8302=IFCWINDOW('0h1PQN8GL028mto0hmMohS',$,'Window',$,$,#8520,#8311,$,0.89999997615814209,0.85895532369613647,$,.SINGLE_PANEL.,$);
#8303=IFCRELDEFINESBYTYPE('13g0wwxMPFw93HjvAjH5ak',$,$,$,(#8302),#8221);
#8304=IFCCARTESIANPOINT((0.,0.,0.));
#8305=IFCDIRECTION((1.,0.,0.));
#8306=IFCDIRECTION((0.,1.,0.));
#8307=IFCDIRECTION((0.,0.,1.));
#8308=IFCCARTESIANTRANSFORMATIONOPERATOR3D(#8305,#8306,#8304,1.,#8307);
#8309=IFCMAPPEDITEM(#8224,#8308);
#8310=IFCSHAPEREPRESENTATION(#18,'Profile','MappedRepresentation',(#8309));
#8311=IFCPRODUCTDEFINITIONSHAPE($,$,(#8310,#8318,#8325));
#8312=IFCCARTESIANPOINT((0.,0.,0.));
#8313=IFCDIRECTION((1.,0.,0.));
#8314=IFCDIRECTION((0.,1.,0.));
#8315=IFCDIRECTION((0.,0.,1.));
#8316=IFCCARTESIANTRANSFORMATIONOPERATOR3D(#8313,#8314,#8312,1.,#8315);
#8317=IFCMAPPEDITEM(#8232,#8316);
#8318=IFCSHAPEREPRESENTATION(#11,'Body','MappedRepresentation',(#8317));
#8319=IFCCARTESIANPOINT((0.,0.,0.));
#8320=IFCDIRECTION((1.,0.,0.));
#8321=IFCDIRECTION((0.,1.,0.));
#8322=IFCDIRECTION((0.,0.,1.));
#8323=IFCCARTESIANTRANSFORMATIONOPERATOR3D(#8320,#8321,#8319,1.,#8322);
#8324=IFCMAPPEDITEM(#8280,#8323);
#8325=IFCSHAPEREPRESENTATION(#24,'Body','MappedRepresentation',(#8324));
#8326=IFCOPENINGELEMENT('0_TXnVHLrAfOEjwyAW9l1S',$,'Opening',$,$,#8515,#8354,$,.OPENING.);
#8342=IFCCARTESIANPOINT((0.,0.,0.));
#8343=IFCDIRECTION((1.,0.,0.));
#8344=IFCDIRECTION((0.,0.,1.));
#8345=IFCAXIS2PLACEMENT3D(#8342,#8344,#8343);
#8346=IFCREPRESENTATIONMAP(#8345,#8505);
#8347=IFCCARTESIANPOINT((0.,0.,0.));
#8348=IFCDIRECTION((1.,0.,0.));
#8349=IFCDIRECTION((0.,1.,0.));
#8350=IFCDIRECTION((0.,0.,1.));
#8351=IFCCARTESIANTRANSFORMATIONOPERATOR3D(#8348,#8349,#8347,1.,#8350);
#8352=IFCMAPPEDITEM(#8346,#8351);
#8353=IFCSHAPEREPRESENTATION(#11,'Body','MappedRepresentation',(#8352));
#8354=IFCPRODUCTDEFINITIONSHAPE($,$,(#8353));
#8355=IFCRELVOIDSELEMENT('1Ud7ZSNMjCUAr7pTEr4QKc',$,$,$,#254,#8326);
#8361=IFCRELFILLSELEMENT('00lVGtw2r6heVoRZb_mxHS',$,$,$,#8326,#8302);
#8427=IFCCARTESIANPOINTLIST3D(((0.,0.,0.),(0.85895532369613647,0.,0.),(0.85895532369613647,0.,0.89999997615814209),(0.,0.,0.89999997615814209)));
#8428=IFCINDEXEDPOLYCURVE(#8427,(IFCLINEINDEX((1,2,3,4,1))),$);
#8429=IFCSHAPEREPRESENTATION(#18,'Profile','Curve3D',(#8428));
#8430=IFCCARTESIANPOINTLIST2D(((0.,0.),(0.85895532369613647,0.),(0.85895532369613647,0.89999997615814209),(0.,0.89999997615814209)));
#8431=IFCINDEXEDPOLYCURVE(#8430,(IFCLINEINDEX((1,2,3,4,1))),$);
#8432=IFCCARTESIANPOINTLIST2D(((0.02500000037252903,0.02500000037252903),(0.83395532332360744,0.02500000037252903),(0.83395532332360744,0.87499997578561306),(0.02500000037252903,0.87499997578561306)));
#8433=IFCINDEXEDPOLYCURVE(#8432,(IFCLINEINDEX((1,2,3,4,1))),$);
#8434=IFCARBITRARYPROFILEDEFWITHVOIDS(.AREA.,$,#8431,(#8433));
#8435=IFCCARTESIANPOINT((0.,0.090000001713633537,0.));
#8436=IFCDIRECTION((0.,-1.,0.));
#8437=IFCDIRECTION((1.,0.,0.));
#8438=IFCAXIS2PLACEMENT3D(#8435,#8436,#8437);
#8439=IFCDIRECTION((0.,0.,-1.));
#8440=IFCEXTRUDEDAREASOLID(#8434,#8438,#8439,0.0099999997764825821);
#8441=IFCCARTESIANPOINTLIST2D(((0.,0.),(0.85895532369613647,0.),(0.85895532369613647,0.89999997615814209),(0.,0.89999997615814209)));
#8442=IFCINDEXEDPOLYCURVE(#8441,(IFCLINEINDEX((1,2,3,4,1))),$);
#8443=IFCCARTESIANPOINTLIST2D(((0.05000000074505806,0.05000000074505806),(0.80895532295107841,0.05000000074505806),(0.80895532295107841,0.84999997541308403),(0.05000000074505806,0.84999997541308403)));
#8444=IFCINDEXEDPOLYCURVE(#8443,(IFCLINEINDEX((1,2,3,4,1))),$);
#8445=IFCARBITRARYPROFILEDEFWITHVOIDS(.AREA.,$,#8442,(#8444));
#8446=IFCCARTESIANPOINT((0.,0.05000000074505806,0.));
#8447=IFCDIRECTION((0.,-1.,0.));
#8448=IFCDIRECTION((1.,0.,0.));
#8449=IFCAXIS2PLACEMENT3D(#8446,#8447,#8448);
#8450=IFCDIRECTION((0.,0.,-1.));
#8451=IFCEXTRUDEDAREASOLID(#8445,#8449,#8450,0.040000000968575478);
#8452=IFCCARTESIANPOINTLIST2D(((0.,0.),(0.80895532295107841,0.),(0.80895532295107841,0.84999997541308403),(0.,0.84999997541308403)));
#8453=IFCINDEXEDPOLYCURVE(#8452,(IFCLINEINDEX((1,2,3,4,1))),$);
#8454=IFCCARTESIANPOINTLIST2D(((0.035000000149011612,0.035000000149011612),(0.7739553228020668,0.035000000149011612),(0.7739553228020668,0.81499997526407242),(0.035000000149011612,0.81499997526407242)));
#8455=IFCINDEXEDPOLYCURVE(#8454,(IFCLINEINDEX((1,2,3,4,1))),$);
#8456=IFCARBITRARYPROFILEDEFWITHVOIDS(.AREA.,$,#8453,(#8455));
#8457=IFCCARTESIANPOINT((0.02500000037252903,0.090000001713633537,0.02500000037252903));
#8458=IFCDIRECTION((0.,-1.,0.));
#8459=IFCDIRECTION((1.,0.,0.));
#8460=IFCAXIS2PLACEMENT3D(#8457,#8458,#8459);
#8461=IFCDIRECTION((0.,0.,-1.));
#8462=IFCEXTRUDEDAREASOLID(#8456,#8460,#8461,0.035000000149011612);
#8463=IFCINDEXEDPOLYCURVE(#8464,(IFCLINEINDEX((1,2,3,4,1))),$);
#8464=IFCCARTESIANPOINTLIST2D(((0.035000000149011612,0.035000000149011612),(0.7739553228020668,0.035000000149011612),(0.7739553228020668,0.81499997526407242),(0.035000000149011612,0.81499997526407242)));
#8465=IFCARBITRARYCLOSEDPROFILEDEF(.AREA.,$,#8463);
#8466=IFCCARTESIANPOINT((0.02500000037252903,0.10250000178813934,0.02500000037252903));
#8467=IFCDIRECTION((0.,-1.,0.));
#8468=IFCDIRECTION((1.,0.,0.));
#8469=IFCAXIS2PLACEMENT3D(#8466,#8467,#8468);
#8470=IFCDIRECTION((0.,0.,-1.));
#8471=IFCEXTRUDEDAREASOLID(#8465,#8469,#8470,0.01);
#8472=IFCSHAPEREPRESENTATION(#11,'Body','SweptSolid',(#8440,#8451,#8462,#8471));
#8473=IFCSHAPEREPRESENTATION(#11,'Body','SweptSolid',(#8440,#8451));
#8474=IFCSHAPEASPECT((#8473),'Lining',$,.T.,#8311);
#8475=IFCSHAPEREPRESENTATION(#11,'Body','SweptSolid',(#8462));
#8476=IFCSHAPEASPECT((#8475),'Framing',$,.T.,#8311);
#8477=IFCSHAPEREPRESENTATION(#11,'Body','SweptSolid',(#8471));
#8478=IFCSHAPEASPECT((#8477),'Glazing',$,.T.,#8311);
#8479=IFCCARTESIANPOINTLIST2D(((0.05000000074505806,0.05000000074505806),(0.80895532295107841,0.05000000074505806)));
#8480=IFCINDEXEDPOLYCURVE(#8479,$,$);
#8481=IFCCARTESIANPOINTLIST2D(((0.,0.10000000149011612),(0.02500000037252903,0.10000000149011612),(0.02500000037252903,0.090000001713633537),(0.05000000074505806,0.090000001713633537),(0.05000000074505806,0.05000000074505806),(0.,0.05000000074505806)));
#8482=IFCINDEXEDPOLYCURVE(#8481,(IFCLINEINDEX((1,2,3,4,5,6,1))),$);
#8483=IFCCARTESIANPOINTLIST2D(((0.85895532369613647,0.10000000149011612),(0.83395532332360744,0.10000000149011612),(0.83395532332360744,0.090000001713633537),(0.80895532295107841,0.090000001713633537),(0.80895532295107841,0.05000000074505806),(0.85895532369613647,0.05000000074505806)));
#8484=IFCINDEXEDPOLYCURVE(#8483,(IFCLINEINDEX((1,2,3,4,5,6,1))),$);
#8485=IFCCARTESIANPOINTLIST2D(((0.02500000037252903,0.090000001713633537),(0.060000000521540642,0.090000001713633537),(0.060000000521540642,0.12500000186264515),(0.02500000037252903,0.12500000186264515)));
#8486=IFCINDEXEDPOLYCURVE(#8485,(IFCLINEINDEX((1,2,3,4,1))),$);
#8487=IFCINDEXEDPOLYCURVE(#8488,(IFCLINEINDEX((1,2,3,4,1))),$);
#8488=IFCCARTESIANPOINTLIST2D(((0.83395532332360744,0.090000001713633537),(0.79895532317459583,0.090000001713633537),(0.79895532317459583,0.12500000186264515),(0.83395532332360744,0.12500000186264515)));
#8489=IFCCARTESIANPOINTLIST2D(((0.060000000521540642,0.090000001713633537),(0.79895532317459583,0.090000001713633537)));
#8490=IFCINDEXEDPOLYCURVE(#8489,$,$);
#8491=IFCINDEXEDPOLYCURVE(#8492,$,$);
#8492=IFCCARTESIANPOINTLIST2D(((0.060000000521540642,0.12500000186264515),(0.79895532317459583,0.12500000186264515)));
#8493=IFCINDEXEDPOLYCURVE(#8494,$,$);
#8494=IFCCARTESIANPOINTLIST2D(((0.060000000521540642,0.10750000178813934),(0.79895532317459583,0.10750000178813934)));
#8495=IFCSHAPEREPRESENTATION(#24,'Body','Curve2D',(#8480,#8482,#8484,#8486,#8487,#8490,#8491,#8493));
#8496=IFCCARTESIANPOINTLIST2D(((0.,0.),(0.85895532369613647,0.),(0.85895532369613647,0.89999997615814209),(0.,0.89999997615814209)));
#8497=IFCINDEXEDPOLYCURVE(#8496,(IFCLINEINDEX((1,2,3,4,1))),$);
#8498=IFCARBITRARYCLOSEDPROFILEDEF(.AREA.,$,#8497);
#8499=IFCCARTESIANPOINT((0.,-0.60000002384185791,0.));
#8500=IFCDIRECTION((0.,-1.,0.));
#8501=IFCDIRECTION((1.,0.,0.));
#8502=IFCAXIS2PLACEMENT3D(#8499,#8500,#8501);
#8503=IFCDIRECTION((0.,0.,-1.));
#8504=IFCEXTRUDEDAREASOLID(#8498,#8502,#8503,1.2);
#8505=IFCSHAPEREPRESENTATION(#11,'Body','SweptSolid',(#8504));
#8511=IFCCARTESIANPOINT((1.6004772392914246,0.099999574207090269,1.));
#8512=IFCDIRECTION((0.,0.,1.));
#8513=IFCDIRECTION((-0.99999999999984068,5.6425994898715615E-07,0.));
#8514=IFCAXIS2PLACEMENT3D(#8511,#8512,#8513);
#8515=IFCLOCALPLACEMENT(#265,#8514);
#8516=IFCCARTESIANPOINT((-2.2204460492503131E-16,-8.8817841970012523E-16,0.));
#8517=IFCDIRECTION((0.,0.,1.));
#8518=IFCDIRECTION((1.,0.,0.));
#8519=IFCAXIS2PLACEMENT3D(#8516,#8517,#8518);
#8520=IFCLOCALPLACEMENT(#8515,#8519);
#8551=IFCCARTESIANPOINTLIST3D(((0.,0.,0.),(1.3422476053237915,0.,0.),(1.3422476053237915,0.,2.),(0.,0.,2.)));
#8552=IFCINDEXEDPOLYCURVE(#8551,(IFCLINEINDEX((1,2,3,4,1))),$);
#8553=IFCSHAPEREPRESENTATION(#18,'Profile','Curve3D',(#8552));
#8554=IFCCARTESIANPOINTLIST2D(((0.,0.),(0.,2.),(1.3422476053237915,2.),(1.3422476053237915,0.),(1.2922476045787334,0.),(1.2922476045787334,1.9499999992549419),(0.05000000074505806,1.9499999992549419),(0.05000000074505806,0.)));
#8555=IFCINDEXEDPOLYCURVE(#8554,(IFCLINEINDEX((1,2,3,4,5,6,7,8,1))),$);
#8556=IFCARBITRARYCLOSEDPROFILEDEF(.AREA.,$,#8555);
#8557=IFCCARTESIANPOINT((0.,0.,0.));
#8558=IFCDIRECTION((0.,-1.,0.));
#8559=IFCDIRECTION((1.,0.,0.));
#8560=IFCAXIS2PLACEMENT3D(#8557,#8558,#8559);
#8561=IFCDIRECTION((0.,0.,-1.));
#8562=IFCEXTRUDEDAREASOLID(#8556,#8560,#8561,0.05000000074505806);
#8563=IFCCARTESIANPOINTLIST2D(((0.,0.),(1.2422476038336754,0.),(1.2422476038336754,0.10000000149011612),(0.,0.10000000149011612)));
#8564=IFCINDEXEDPOLYCURVE(#8563,(IFCLINEINDEX((1,2,3,4,1))),$);
#8565=IFCARBITRARYCLOSEDPROFILEDEF(.AREA.,$,#8564);
#8566=IFCCARTESIANPOINT((0.05000000074505806,0.,0.));
#8567=IFCDIRECTION((0.,0.,1.));
#8568=IFCDIRECTION((1.,0.,0.));
#8569=IFCAXIS2PLACEMENT3D(#8566,#8567,#8568);
#8570=IFCDIRECTION((0.,0.,1.));
#8571=IFCEXTRUDEDAREASOLID(#8565,#8569,#8570,0.02500000037252903);
#8572=IFCCARTESIANPOINTLIST2D(((0.,0.),(0.,2.0250000022351742),(1.3922476097941399,2.0250000022351742),(1.3922476097941399,0.),(1.3172476068139076,0.),(1.3172476068139076,1.9499999992549419),(0.075000002980232239,1.9499999992549419),(0.075000002980232239,0.)));
#8573=IFCINDEXEDPOLYCURVE(#8572,(IFCLINEINDEX((1,2,3,4,5,6,7,8,1))),$);
#8574=IFCARBITRARYCLOSEDPROFILEDEF(.AREA.,$,#8573);
#8575=IFCCARTESIANPOINT((-0.025000002235174179,-0.004999999888241291,0.));
#8576=IFCDIRECTION((0.,-1.,0.));
#8577=IFCDIRECTION((1.,0.,0.));
#8578=IFCAXIS2PLACEMENT3D(#8575,#8576,#8577);
#8579=IFCDIRECTION((0.,0.,-1.));
#8580=IFCEXTRUDEDAREASOLID(#8574,#8578,#8579,0.004999999888241291);
#8581=IFCCARTESIANPOINTLIST2D(((0.,0.),(0.,2.0250000022351742),(1.3922476097941399,2.0250000022351742),(1.3922476097941399,0.),(1.3172476068139076,0.),(1.3172476068139076,1.9499999992549419),(0.075000002980232239,1.9499999992549419),(0.075000002980232239,0.)));
#8582=IFCINDEXEDPOLYCURVE(#8581,(IFCLINEINDEX((1,2,3,4,5,6,7,8,1))),$);
#8583=IFCARBITRARYCLOSEDPROFILEDEF(.AREA.,$,#8582);
#8584=IFCCARTESIANPOINT((-0.025000002235174179,0.05000000074505806,0.));
#8585=IFCDIRECTION((0.,-1.,0.));
#8586=IFCDIRECTION((1.,0.,0.));
#8587=IFCAXIS2PLACEMENT3D(#8584,#8585,#8586);
#8588=IFCDIRECTION((0.,0.,-1.));
#8589=IFCEXTRUDEDAREASOLID(#8583,#8587,#8588,0.004999999888241291);
#8590=IFCCARTESIANPOINTLIST2D(((0.,0.),(1.2422476038336754,0.),(1.2422476038336754,0.035000000149011612),(0.,0.035000000149011612)));
#8591=IFCINDEXEDPOLYCURVE(#8590,(IFCLINEINDEX((1,2,3,4,1))),$);
#8592=IFCARBITRARYCLOSEDPROFILEDEF(.AREA.,$,#8591);
#8593=IFCCARTESIANPOINT((0.05000000074505806,-0.035000000149011612,0.02500000037252903));
#8594=IFCDIRECTION((0.,0.,1.));
#8595=IFCDIRECTION((1.,0.,0.));
#8596=IFCAXIS2PLACEMENT3D(#8593,#8594,#8595);
#8597=IFCDIRECTION((0.,0.,1.));
#8598=IFCEXTRUDEDAREASOLID(#8592,#8596,#8597,1.9249999988824129);
#8599=IFCCARTESIANPOINTLIST2D(((0.,0.),(0.,-0.040000000000000001),(0.12,-0.040000000000000001),(0.12,-0.02),(0.02,-0.02),(0.02,0.)));
#8600=IFCINDEXEDPOLYCURVE(#8599,(IFCLINEINDEX((1,2,3,4,5,6,1))),$);
#8601=IFCARBITRARYCLOSEDPROFILEDEF(.AREA.,$,#8600);
#8602=IFCCARTESIANPOINT((0.10000000074505806,-0.035000000149011612,1.015000000372529));
#8603=IFCDIRECTION((0.,0.,1.));
#8604=IFCDIRECTION((1.,0.,0.));
#8605=IFCAXIS2PLACEMENT3D(#8602,#8603,#8604);
#8606=IFCDIRECTION((0.,0.,1.));
#8607=IFCEXTRUDEDAREASOLID(#8601,#8605,#8606,0.02);
#8608=IFCEXTRUDEDAREASOLID(#8609,#8612,#8616,0.02);
#8609=IFCARBITRARYCLOSEDPROFILEDEF(.AREA.,$,#8610);
#8610=IFCINDEXEDPOLYCURVE(#8611,(IFCLINEINDEX((1,2,3,4,5,6,1))),$);
#8611=IFCCARTESIANPOINTLIST2D(((0.,0.),(0.,0.040000000000000008),(0.11999999999999998,0.040000000000000008),(0.11999999999999998,0.020000000000000004),(0.020000000000000004,0.020000000000000004),(0.020000000000000004,0.)));
#8612=IFCAXIS2PLACEMENT3D(#8613,#8614,#8615);
#8613=IFCCARTESIANPOINT((0.10000000074505806,0.,1.015000000372529));
#8614=IFCDIRECTION((0.,0.,1.));
#8615=IFCDIRECTION((1.,0.,0.));
#8616=IFCDIRECTION((0.,0.,1.));
#8617=IFCSHAPEREPRESENTATION(#11,'Body','SweptSolid',(#8562,#8598,#8607,#8608,#8571,#8580,#8589));
#8618=IFCCARTESIANPOINTLIST2D(((0.,0.),(0.05000000074505806,0.),(0.05000000074505806,0.05000000074505806),(0.,0.05000000074505806)));
#8619=IFCINDEXEDPOLYCURVE(#8618,(IFCLINEINDEX((1,2,3,4,1))),$);
#8620=IFCINDEXEDPOLYCURVE(#8621,(IFCLINEINDEX((1,2,3,4,1))),$);
#8621=IFCCARTESIANPOINTLIST2D(((1.3422476053237915,0.),(1.2922476045787334,0.),(1.2922476045787334,0.05000000074505806),(1.3422476053237915,0.05000000074505806)));
#8622=IFCCARTESIANPOINTLIST2D(((1.9133714064955711,-0.035000000149011612),(0.67112380266189575,-0.035000000149011612),(0.67112380266189575,0.),(1.9133714064955711,0.)));
#8623=IFCINDEXEDPOLYCURVE(#8622,(IFCLINEINDEX((1,2,3,4,1))),$);
#8624=IFCSHAPEREPRESENTATION(#24,'Body','Curve2D',(#8619,#8620,#8623));
#8625=IFCCARTESIANPOINTLIST2D(((0.4847866620868444,-0.081587428267465345),(0.8574609432369471,-0.081587428267465345)));
#8626=IFCINDEXEDPOLYCURVE(#8625,$,$);
#8627=IFCCARTESIANPOINTLIST2D(((0.51478666208684443,-0.050529142855162856),(0.4847866620868444,-0.081587428267465345),(0.51478666208684443,-0.11264571367976783)));
#8628=IFCINDEXEDPOLYCURVE(#8627,$,$);
#8629=IFCSHAPEREPRESENTATION(#25,'Annotation','Curve2D',(#8626,#8628));
#8630=IFCCARTESIANPOINTLIST2D(((0.,0.),(1.3422476053237915,0.),(1.3422476053237915,2.),(0.,2.)));
#8631=IFCINDEXEDPOLYCURVE(#8630,(IFCLINEINDEX((1,2,3,4,1))),$);
#8632=IFCARBITRARYCLOSEDPROFILEDEF(.AREA.,$,#8631);
#8633=IFCCARTESIANPOINT((0.,-0.60000002384185791,0.));
#8634=IFCDIRECTION((0.,-1.,0.));
#8635=IFCDIRECTION((1.,0.,0.));
#8636=IFCAXIS2PLACEMENT3D(#8633,#8634,#8635);
#8637=IFCDIRECTION((0.,0.,-1.));
#8638=IFCEXTRUDEDAREASOLID(#8632,#8636,#8637,1.2);
#8639=IFCSHAPEREPRESENTATION(#11,'Body','SweptSolid',(#8638));
#8645=IFCCARTESIANPOINT((0.08901414754506376,2.6572677676028889E-06,0.));
#8646=IFCDIRECTION((0.,0.,1.));
#8647=IFCDIRECTION((0.99999999999974409,-7.1525573730419686E-07,0.));
#8648=IFCAXIS2PLACEMENT3D(#8645,#8646,#8647);
#8649=IFCLOCALPLACEMENT(#1171,#8648);
#8650=IFCCARTESIANPOINT((-2.2204460492503131E-16,4.4408920985006262E-16,0.));
#8651=IFCDIRECTION((0.,0.,1.));
#8652=IFCDIRECTION((1.,2.1175823681357508E-22,0.));
#8653=IFCAXIS2PLACEMENT3D(#8650,#8651,#8652);
#8654=IFCLOCALPLACEMENT(#8649,#8653);
#8655=IFCCARTESIANPOINT((0.,0.,3.));
#8656=IFCDIRECTION((0.,0.,1.));
#8657=IFCDIRECTION((1.,0.,0.));
#8658=IFCAXIS2PLACEMENT3D(#8655,#8656,#8657);
#8659=IFCLOCALPLACEMENT(#56,#8658);
#8660=IFCSLAB('218Fq94FLFawA_3CtPxmLV',$,'Slab',$,$,#8668,#8675,$,$);
#8661=IFCRELCONTAINEDINSPATIALSTRUCTURE('32q9CHBrDDvQ33_p7WfHbP',$,$,$,(#8660,#8742),#39);
#8662=IFCMATERIALLAYERSETUSAGE(#1667,.AXIS3.,.POSITIVE.,-0.10000000149011612,$);
#8663=IFCRELASSOCIATESMATERIAL('3viMgnPz9E9g_ily3V9cr1',$,$,$,(#8660),#8662);
#8664=IFCCARTESIANPOINT((0.2290412038564682,-2.5876703262329102,0.));
#8665=IFCDIRECTION((0.,0.,1.));
#8666=IFCDIRECTION((1.,0.,0.));
#8667=IFCAXIS2PLACEMENT3D(#8664,#8665,#8666);
#8668=IFCLOCALPLACEMENT(#8659,#8667);
#8669=IFCCARTESIANPOINTLIST2D(((0.,0.),(-0.0022662431001663208,2.4935646057128906),(-3.0024328231811523,2.4975652694702148),(-3.0024337768554688,7.6475663185119629),(0.54756569862365723,7.6475648880004883),(0.54756534099578857,9.097564697265625),(3.9975643157958984,9.097564697265625),(3.9975638389587402,-0.0024359226226806641),(0.,0.)));
#8670=IFCINDEXEDPOLYCURVE(#8669,$,$);
#8671=IFCDIRECTION((0.,0.,1.));
#8672=IFCARBITRARYCLOSEDPROFILEDEF(.AREA.,$,#8670);
#8673=IFCEXTRUDEDAREASOLID(#8672,#8682,#8671,0.10000000000000001);
#8674=IFCSHAPEREPRESENTATION(#11,'Body','SweptSolid',(#8673));
#8675=IFCPRODUCTDEFINITIONSHAPE($,$,(#8674));
#8676=IFCPROPERTYSET('2ndWk21I15Zf6tEjBMk9mp',$,'EPset_Parametric',$,(#8678));
#8677=IFCRELDEFINESBYPROPERTIES('3Kn$r9YhT9OBSBQrYbijij',$,$,$,(#8660),#8676);
#8678=IFCPROPERTYSINGLEVALUE('Engine',$,IFCLABEL('Bonsai.DumbLayer3'),$);
#8679=IFCCARTESIANPOINT((-0.,-0.,-0.10000000149011612));
#8680=IFCDIRECTION((0.,0.,1.));
#8681=IFCDIRECTION((1.,0.,0.));
#8682=IFCAXIS2PLACEMENT3D(#8679,#8680,#8681);
#8683=IFCROOFTYPE('325Z4FrJPFVQ9iDTABlhpI',$,'Roof',$,$,(#8684),(#8713,#8741),$,$,.HIP_ROOF.);
#8684=IFCPROPERTYSET('22zKbvvev8i8379jYxPxrI',$,'BBIM_Roof',$,(#8685));
#8685=IFCPROPERTYSINGLEVALUE('Data',$,IFCTEXT('{"roof_type": "HIP/GABLE ROOF", "generation_method": "ANGLE", "roof_thickness": 0.10000000149011612, "rafter_edge_angle": 1.5707963705062866, "angle": 0.1745329201221466, "percentage": 17.63269805908203, "path_data": {"edges": [[0, 1], [1, 2], [2, 3], [3, 0]], "verts": [[-5.0, -5.0, 0.0], [-5.0, 5.0, 0.0], [5.0, 5.0, 0.0], [5.0, -5.0, 0.0]]}}'),$);
#8709=IFCCARTESIANPOINT((0.,0.,0.));
#8710=IFCDIRECTION((1.,0.,0.));
#8711=IFCDIRECTION((0.,0.,1.));
#8712=IFCAXIS2PLACEMENT3D(#8709,#8711,#8710);
#8713=IFCREPRESENTATIONMAP(#8712,#8732);
#8714=IFCINDEXEDPOLYGONALFACE((3,1,2));
#8715=IFCINDEXEDPOLYGONALFACE((2,4,3));
#8716=IFCINDEXEDPOLYGONALFACE((1,3,5));
#8717=IFCINDEXEDPOLYGONALFACE((4,5,3));
#8718=IFCINDEXEDPOLYGONALFACE((6,7,8));
#8719=IFCINDEXEDPOLYGONALFACE((8,2,1));
#8720=IFCINDEXEDPOLYGONALFACE((8,1,6));
#8721=IFCINDEXEDPOLYGONALFACE((8,7,9));
#8722=IFCINDEXEDPOLYGONALFACE((2,8,9));
#8723=IFCINDEXEDPOLYGONALFACE((2,9,4));
#8724=IFCINDEXEDPOLYGONALFACE((10,7,6));
#8725=IFCINDEXEDPOLYGONALFACE((6,1,5));
#8726=IFCINDEXEDPOLYGONALFACE((6,5,10));
#8727=IFCINDEXEDPOLYGONALFACE((9,7,10));
#8728=IFCINDEXEDPOLYGONALFACE((4,9,10));
#8729=IFCINDEXEDPOLYGONALFACE((4,10,5));
#8730=IFCCARTESIANPOINTLIST3D(((-5.,-5.,0.),(5.,-5.,0.),(0.,0.,0.88163489103317261),(5.,5.,0.),(-5.,5.,0.),(-5.,-5.,-0.10154265910387039),(0.,0.,0.78009223937988281),(5.,-5.,-0.10154265910387039),(5.,5.,-0.10154265910387039),(-5.,5.,-0.10154265910387039)));
#8731=IFCPOLYGONALFACESET(#8730,.T.,(#8714,#8715,#8716,#8717,#8718,#8719,#8720,#8721,#8722,#8723,#8724,#8725,#8726,#8727,#8728,#8729),$);
#8732=IFCSHAPEREPRESENTATION(#11,'Body','Tessellation',(#8731));
#8734=IFCCARTESIANPOINT((-5.,-5.,-0.10154265910387039));
#8735=IFCBOUNDINGBOX(#8734,10.,10.,0.9831775426864624);
#8736=IFCSHAPEREPRESENTATION(#13,'Box','BoundingBox',(#8735));
#8737=IFCCARTESIANPOINT((0.,0.,0.));
#8738=IFCDIRECTION((1.,0.,0.));
#8739=IFCDIRECTION((0.,0.,1.));
#8740=IFCAXIS2PLACEMENT3D(#8737,#8739,#8738);
#8741=IFCREPRESENTATIONMAP(#8740,#8736);
#8742=IFCROOF('0lDb8_PrPAEebA1IITdwMx',$,'Roof',$,$,#8773,#8751,$,$);
#8743=IFCRELDEFINESBYTYPE('0T2QAL5uv1i95FMbpnLcXh',$,$,$,(#8742),#8683);
#8744=IFCCARTESIANPOINT((0.,0.,0.));
#8745=IFCDIRECTION((1.,0.,0.));
#8746=IFCDIRECTION((0.,1.,0.));
#8747=IFCDIRECTION((0.,0.,1.));
#8748=IFCCARTESIANTRANSFORMATIONOPERATOR3D(#8745,#8746,#8744,1.,#8747);
#8749=IFCMAPPEDITEM(#8713,#8748);
#8750=IFCSHAPEREPRESENTATION(#11,'Body','MappedRepresentation',(#8749));
#8751=IFCPRODUCTDEFINITIONSHAPE($,$,(#8750,#8758));
#8752=IFCCARTESIANPOINT((0.,0.,0.));
#8753=IFCDIRECTION((1.,0.,0.));
#8754=IFCDIRECTION((0.,1.,0.));
#8755=IFCDIRECTION((0.,0.,1.));
#8756=IFCCARTESIANTRANSFORMATIONOPERATOR3D(#8753,#8754,#8752,1.,#8755);
#8757=IFCMAPPEDITEM(#8741,#8756);
#8758=IFCSHAPEREPRESENTATION(#13,'Box','MappedRepresentation',(#8757));
#8764=IFCCARTESIANPOINT((-4.4408920985006262E-16,0.,0.));
#8765=IFCDIRECTION((0.,0.,1.));
#8766=IFCDIRECTION((0.99999999999999989,2.1175823681357508E-22,0.));
#8767=IFCAXIS2PLACEMENT3D(#8764,#8765,#8766);
#8768=IFCLOCALPLACEMENT(#7117,#8767);
#8769=IFCCARTESIANPOINT((1.146906852722168,1.9780902862548828,0.10154271125793457));
#8770=IFCDIRECTION((0.,0.,1.));
#8771=IFCDIRECTION((1.,0.,0.));
#8772=IFCAXIS2PLACEMENT3D(#8769,#8770,#8771);
#8773=IFCLOCALPLACEMENT(#8659,#8772);
ENDSEC;
END-ISO-10303-21;
